2026-01-14 23:29:27,047 - distributed.nanny - INFO -         Start Nanny at: 'tcp://192.168.86.140:42921'
2026-01-14 23:29:28,304 - distributed.worker - INFO -       Start worker at: tcp://192.168.86.140:36773
2026-01-14 23:29:28,305 - distributed.worker - INFO -          Listening to: tcp://192.168.86.140:36773
2026-01-14 23:29:28,305 - distributed.worker - INFO -           Worker name:           SLURMCluster-351
2026-01-14 23:29:28,305 - distributed.worker - INFO -          dashboard at:       192.168.86.140:34674
2026-01-14 23:29:28,305 - distributed.worker - INFO - Waiting to connect to: tcp://192.168.86.101:46591
2026-01-14 23:29:28,305 - distributed.worker - INFO - -------------------------------------------------
2026-01-14 23:29:28,305 - distributed.worker - INFO -               Threads:                          1
2026-01-14 23:29:28,305 - distributed.worker - INFO -                Memory:                   0.93 GiB
2026-01-14 23:29:28,305 - distributed.worker - INFO -       Local Directory: /home1/zrentala/dask-worker-space/dask-scratch-space/worker-6t4z1hn2
2026-01-14 23:29:28,305 - distributed.worker - INFO - -------------------------------------------------
2026-01-14 23:29:28,331 - distributed.worker - INFO - Starting Worker plugin shuffle
2026-01-14 23:29:28,331 - distributed.worker - INFO - Starting Worker plugin deliveryRoutes.py70a6f159-e169-4575-bc1d-77c0e92f2a63
2026-01-14 23:29:28,332 - distributed.worker - INFO - Starting Worker plugin deliveryRoutes.py91a303f5-1e9f-4420-80ee-95f1a163b957
2026-01-14 23:29:28,333 - distributed.utils - INFO - Reload module deliveryRoutes from .py file
2026-01-14 23:29:29,192 - distributed.utils - INFO - Reload module deliveryRoutes from .py file
2026-01-14 23:29:29,204 - distributed.worker - INFO -         Registered to: tcp://192.168.86.101:46591
2026-01-14 23:29:29,204 - distributed.worker - INFO - -------------------------------------------------
2026-01-14 23:29:29,205 - distributed.core - INFO - Starting established connection to tcp://192.168.86.101:46591
2026-01-14 23:35:38,013 - distributed.core - INFO - Event loop was unresponsive in Worker for 5.94s.  This is often caused by long-running GIL-holding functions or moving large chunks of data. This can cause timeouts and instability.
2026-01-14 23:35:41,859 - distributed.worker - ERROR - Worker stream died during communication: tcp://192.168.86.119:35355
Traceback (most recent call last):
  File "/home1/zrentala/.conda/envs/zrentala/lib/python3.11/site-packages/tornado/iostream.py", line 962, in _handle_write
    num_bytes = self.write_to_fd(self._write_buffer.peek(size))
                ^^^^^^^^^^^^^^^^^^^^^^^^^^^^^^^^^^^^^^^^^^^^^^^
  File "/home1/zrentala/.conda/envs/zrentala/lib/python3.11/site-packages/tornado/iostream.py", line 1121, in write_to_fd
    return self.socket.send(data)  # type: ignore
           ^^^^^^^^^^^^^^^^^^^^^^
BrokenPipeError: [Errno 32] Broken pipe

The above exception was the direct cause of the following exception:

Traceback (most recent call last):
  File "/home1/zrentala/.conda/envs/zrentala/lib/python3.11/site-packages/distributed/worker.py", line 2081, in gather_dep
    response = await get_data_from_worker(
               ^^^^^^^^^^^^^^^^^^^^^^^^^^^
  File "/home1/zrentala/.conda/envs/zrentala/lib/python3.11/site-packages/distributed/worker.py", line 2887, in get_data_from_worker
    response = await send_recv(
               ^^^^^^^^^^^^^^^^
  File "/home1/zrentala/.conda/envs/zrentala/lib/python3.11/site-packages/distributed/core.py", line 1018, in send_recv
    response = await comm.read(deserializers=deserializers)
               ^^^^^^^^^^^^^^^^^^^^^^^^^^^^^^^^^^^^^^^^^^^^
  File "/home1/zrentala/.conda/envs/zrentala/lib/python3.11/site-packages/distributed/comm/tcp.py", line 237, in read
    convert_stream_closed_error(self, e)
  File "/home1/zrentala/.conda/envs/zrentala/lib/python3.11/site-packages/distributed/comm/tcp.py", line 143, in convert_stream_closed_error
    raise CommClosedError(f"in {obj}: {exc.__class__.__name__}: {exc}") from exc
distributed.comm.core.CommClosedError: in <TCP (closed) Ephemeral Worker->Worker for gather local=tcp://192.168.86.140:54190 remote=tcp://192.168.86.119:35355>: BrokenPipeError: [Errno 32] Broken pipe
2026-01-14 23:35:42,028 - distributed.worker - ERROR - Worker stream died during communication: tcp://192.168.86.117:45578
Traceback (most recent call last):
  File "/home1/zrentala/.conda/envs/zrentala/lib/python3.11/site-packages/tornado/iostream.py", line 962, in _handle_write
    num_bytes = self.write_to_fd(self._write_buffer.peek(size))
                ^^^^^^^^^^^^^^^^^^^^^^^^^^^^^^^^^^^^^^^^^^^^^^^
  File "/home1/zrentala/.conda/envs/zrentala/lib/python3.11/site-packages/tornado/iostream.py", line 1121, in write_to_fd
    return self.socket.send(data)  # type: ignore
           ^^^^^^^^^^^^^^^^^^^^^^
BrokenPipeError: [Errno 32] Broken pipe

The above exception was the direct cause of the following exception:

Traceback (most recent call last):
  File "/home1/zrentala/.conda/envs/zrentala/lib/python3.11/site-packages/distributed/worker.py", line 2081, in gather_dep
    response = await get_data_from_worker(
               ^^^^^^^^^^^^^^^^^^^^^^^^^^^
  File "/home1/zrentala/.conda/envs/zrentala/lib/python3.11/site-packages/distributed/worker.py", line 2887, in get_data_from_worker
    response = await send_recv(
               ^^^^^^^^^^^^^^^^
  File "/home1/zrentala/.conda/envs/zrentala/lib/python3.11/site-packages/distributed/core.py", line 1018, in send_recv
    response = await comm.read(deserializers=deserializers)
               ^^^^^^^^^^^^^^^^^^^^^^^^^^^^^^^^^^^^^^^^^^^^
  File "/home1/zrentala/.conda/envs/zrentala/lib/python3.11/site-packages/distributed/comm/tcp.py", line 237, in read
    convert_stream_closed_error(self, e)
  File "/home1/zrentala/.conda/envs/zrentala/lib/python3.11/site-packages/distributed/comm/tcp.py", line 143, in convert_stream_closed_error
    raise CommClosedError(f"in {obj}: {exc.__class__.__name__}: {exc}") from exc
distributed.comm.core.CommClosedError: in <TCP (closed) Ephemeral Worker->Worker for gather local=tcp://192.168.86.140:59178 remote=tcp://192.168.86.117:45578>: BrokenPipeError: [Errno 32] Broken pipe
2026-01-14 23:35:42,070 - distributed.worker - ERROR - Worker stream died during communication: tcp://192.168.86.125:36143
Traceback (most recent call last):
  File "/home1/zrentala/.conda/envs/zrentala/lib/python3.11/site-packages/tornado/iostream.py", line 962, in _handle_write
    num_bytes = self.write_to_fd(self._write_buffer.peek(size))
                ^^^^^^^^^^^^^^^^^^^^^^^^^^^^^^^^^^^^^^^^^^^^^^^
  File "/home1/zrentala/.conda/envs/zrentala/lib/python3.11/site-packages/tornado/iostream.py", line 1121, in write_to_fd
    return self.socket.send(data)  # type: ignore
           ^^^^^^^^^^^^^^^^^^^^^^
BrokenPipeError: [Errno 32] Broken pipe

The above exception was the direct cause of the following exception:

Traceback (most recent call last):
  File "/home1/zrentala/.conda/envs/zrentala/lib/python3.11/site-packages/distributed/worker.py", line 2081, in gather_dep
    response = await get_data_from_worker(
               ^^^^^^^^^^^^^^^^^^^^^^^^^^^
  File "/home1/zrentala/.conda/envs/zrentala/lib/python3.11/site-packages/distributed/worker.py", line 2887, in get_data_from_worker
    response = await send_recv(
               ^^^^^^^^^^^^^^^^
  File "/home1/zrentala/.conda/envs/zrentala/lib/python3.11/site-packages/distributed/core.py", line 1018, in send_recv
    response = await comm.read(deserializers=deserializers)
               ^^^^^^^^^^^^^^^^^^^^^^^^^^^^^^^^^^^^^^^^^^^^
  File "/home1/zrentala/.conda/envs/zrentala/lib/python3.11/site-packages/distributed/comm/tcp.py", line 237, in read
    convert_stream_closed_error(self, e)
  File "/home1/zrentala/.conda/envs/zrentala/lib/python3.11/site-packages/distributed/comm/tcp.py", line 143, in convert_stream_closed_error
    raise CommClosedError(f"in {obj}: {exc.__class__.__name__}: {exc}") from exc
distributed.comm.core.CommClosedError: in <TCP (closed) Ephemeral Worker->Worker for gather local=tcp://192.168.86.140:33686 remote=tcp://192.168.86.125:36143>: BrokenPipeError: [Errno 32] Broken pipe
2026-01-14 23:35:42,101 - distributed.worker - ERROR - Worker stream died during communication: tcp://192.168.86.144:45558
Traceback (most recent call last):
  File "/home1/zrentala/.conda/envs/zrentala/lib/python3.11/site-packages/tornado/iostream.py", line 962, in _handle_write
    num_bytes = self.write_to_fd(self._write_buffer.peek(size))
                ^^^^^^^^^^^^^^^^^^^^^^^^^^^^^^^^^^^^^^^^^^^^^^^
  File "/home1/zrentala/.conda/envs/zrentala/lib/python3.11/site-packages/tornado/iostream.py", line 1121, in write_to_fd
    return self.socket.send(data)  # type: ignore
           ^^^^^^^^^^^^^^^^^^^^^^
BrokenPipeError: [Errno 32] Broken pipe

The above exception was the direct cause of the following exception:

Traceback (most recent call last):
  File "/home1/zrentala/.conda/envs/zrentala/lib/python3.11/site-packages/distributed/worker.py", line 2081, in gather_dep
    response = await get_data_from_worker(
               ^^^^^^^^^^^^^^^^^^^^^^^^^^^
  File "/home1/zrentala/.conda/envs/zrentala/lib/python3.11/site-packages/distributed/worker.py", line 2887, in get_data_from_worker
    response = await send_recv(
               ^^^^^^^^^^^^^^^^
  File "/home1/zrentala/.conda/envs/zrentala/lib/python3.11/site-packages/distributed/core.py", line 1018, in send_recv
    response = await comm.read(deserializers=deserializers)
               ^^^^^^^^^^^^^^^^^^^^^^^^^^^^^^^^^^^^^^^^^^^^
  File "/home1/zrentala/.conda/envs/zrentala/lib/python3.11/site-packages/distributed/comm/tcp.py", line 237, in read
    convert_stream_closed_error(self, e)
  File "/home1/zrentala/.conda/envs/zrentala/lib/python3.11/site-packages/distributed/comm/tcp.py", line 143, in convert_stream_closed_error
    raise CommClosedError(f"in {obj}: {exc.__class__.__name__}: {exc}") from exc
distributed.comm.core.CommClosedError: in <TCP (closed) Ephemeral Worker->Worker for gather local=tcp://192.168.86.140:40470 remote=tcp://192.168.86.144:45558>: BrokenPipeError: [Errno 32] Broken pipe
2026-01-14 23:35:42,102 - distributed.worker - ERROR - Worker stream died during communication: tcp://192.168.86.134:39560
Traceback (most recent call last):
  File "/home1/zrentala/.conda/envs/zrentala/lib/python3.11/site-packages/tornado/iostream.py", line 962, in _handle_write
    num_bytes = self.write_to_fd(self._write_buffer.peek(size))
                ^^^^^^^^^^^^^^^^^^^^^^^^^^^^^^^^^^^^^^^^^^^^^^^
  File "/home1/zrentala/.conda/envs/zrentala/lib/python3.11/site-packages/tornado/iostream.py", line 1121, in write_to_fd
    return self.socket.send(data)  # type: ignore
           ^^^^^^^^^^^^^^^^^^^^^^
BrokenPipeError: [Errno 32] Broken pipe

The above exception was the direct cause of the following exception:

Traceback (most recent call last):
  File "/home1/zrentala/.conda/envs/zrentala/lib/python3.11/site-packages/distributed/worker.py", line 2081, in gather_dep
    response = await get_data_from_worker(
               ^^^^^^^^^^^^^^^^^^^^^^^^^^^
  File "/home1/zrentala/.conda/envs/zrentala/lib/python3.11/site-packages/distributed/worker.py", line 2887, in get_data_from_worker
    response = await send_recv(
               ^^^^^^^^^^^^^^^^
  File "/home1/zrentala/.conda/envs/zrentala/lib/python3.11/site-packages/distributed/core.py", line 1018, in send_recv
    response = await comm.read(deserializers=deserializers)
               ^^^^^^^^^^^^^^^^^^^^^^^^^^^^^^^^^^^^^^^^^^^^
  File "/home1/zrentala/.conda/envs/zrentala/lib/python3.11/site-packages/distributed/comm/tcp.py", line 237, in read
    convert_stream_closed_error(self, e)
  File "/home1/zrentala/.conda/envs/zrentala/lib/python3.11/site-packages/distributed/comm/tcp.py", line 143, in convert_stream_closed_error
    raise CommClosedError(f"in {obj}: {exc.__class__.__name__}: {exc}") from exc
distributed.comm.core.CommClosedError: in <TCP (closed) Ephemeral Worker->Worker for gather local=tcp://192.168.86.140:59771 remote=tcp://192.168.86.134:39560>: BrokenPipeError: [Errno 32] Broken pipe
2026-01-14 23:35:42,104 - distributed.worker - ERROR - Worker stream died during communication: tcp://192.168.86.134:42527
Traceback (most recent call last):
  File "/home1/zrentala/.conda/envs/zrentala/lib/python3.11/site-packages/tornado/iostream.py", line 962, in _handle_write
    num_bytes = self.write_to_fd(self._write_buffer.peek(size))
                ^^^^^^^^^^^^^^^^^^^^^^^^^^^^^^^^^^^^^^^^^^^^^^^
  File "/home1/zrentala/.conda/envs/zrentala/lib/python3.11/site-packages/tornado/iostream.py", line 1121, in write_to_fd
    return self.socket.send(data)  # type: ignore
           ^^^^^^^^^^^^^^^^^^^^^^
BrokenPipeError: [Errno 32] Broken pipe

The above exception was the direct cause of the following exception:

Traceback (most recent call last):
  File "/home1/zrentala/.conda/envs/zrentala/lib/python3.11/site-packages/distributed/worker.py", line 2081, in gather_dep
    response = await get_data_from_worker(
               ^^^^^^^^^^^^^^^^^^^^^^^^^^^
  File "/home1/zrentala/.conda/envs/zrentala/lib/python3.11/site-packages/distributed/worker.py", line 2887, in get_data_from_worker
    response = await send_recv(
               ^^^^^^^^^^^^^^^^
  File "/home1/zrentala/.conda/envs/zrentala/lib/python3.11/site-packages/distributed/core.py", line 1018, in send_recv
    response = await comm.read(deserializers=deserializers)
               ^^^^^^^^^^^^^^^^^^^^^^^^^^^^^^^^^^^^^^^^^^^^
  File "/home1/zrentala/.conda/envs/zrentala/lib/python3.11/site-packages/distributed/comm/tcp.py", line 237, in read
    convert_stream_closed_error(self, e)
  File "/home1/zrentala/.conda/envs/zrentala/lib/python3.11/site-packages/distributed/comm/tcp.py", line 143, in convert_stream_closed_error
    raise CommClosedError(f"in {obj}: {exc.__class__.__name__}: {exc}") from exc
distributed.comm.core.CommClosedError: in <TCP (closed) Ephemeral Worker->Worker for gather local=tcp://192.168.86.140:47600 remote=tcp://192.168.86.134:42527>: BrokenPipeError: [Errno 32] Broken pipe
2026-01-14 23:35:42,130 - distributed.worker - ERROR - Worker stream died during communication: tcp://192.168.86.135:33768
Traceback (most recent call last):
  File "/home1/zrentala/.conda/envs/zrentala/lib/python3.11/site-packages/tornado/iostream.py", line 962, in _handle_write
    num_bytes = self.write_to_fd(self._write_buffer.peek(size))
                ^^^^^^^^^^^^^^^^^^^^^^^^^^^^^^^^^^^^^^^^^^^^^^^
  File "/home1/zrentala/.conda/envs/zrentala/lib/python3.11/site-packages/tornado/iostream.py", line 1121, in write_to_fd
    return self.socket.send(data)  # type: ignore
           ^^^^^^^^^^^^^^^^^^^^^^
BrokenPipeError: [Errno 32] Broken pipe

The above exception was the direct cause of the following exception:

Traceback (most recent call last):
  File "/home1/zrentala/.conda/envs/zrentala/lib/python3.11/site-packages/distributed/worker.py", line 2081, in gather_dep
    response = await get_data_from_worker(
               ^^^^^^^^^^^^^^^^^^^^^^^^^^^
  File "/home1/zrentala/.conda/envs/zrentala/lib/python3.11/site-packages/distributed/worker.py", line 2887, in get_data_from_worker
    response = await send_recv(
               ^^^^^^^^^^^^^^^^
  File "/home1/zrentala/.conda/envs/zrentala/lib/python3.11/site-packages/distributed/core.py", line 1018, in send_recv
    response = await comm.read(deserializers=deserializers)
               ^^^^^^^^^^^^^^^^^^^^^^^^^^^^^^^^^^^^^^^^^^^^
  File "/home1/zrentala/.conda/envs/zrentala/lib/python3.11/site-packages/distributed/comm/tcp.py", line 237, in read
    convert_stream_closed_error(self, e)
  File "/home1/zrentala/.conda/envs/zrentala/lib/python3.11/site-packages/distributed/comm/tcp.py", line 143, in convert_stream_closed_error
    raise CommClosedError(f"in {obj}: {exc.__class__.__name__}: {exc}") from exc
distributed.comm.core.CommClosedError: in <TCP (closed) Ephemeral Worker->Worker for gather local=tcp://192.168.86.140:54810 remote=tcp://192.168.86.135:33768>: BrokenPipeError: [Errno 32] Broken pipe
2026-01-14 23:35:42,172 - distributed.worker - ERROR - Worker stream died during communication: tcp://192.168.86.136:45091
Traceback (most recent call last):
  File "/home1/zrentala/.conda/envs/zrentala/lib/python3.11/site-packages/tornado/iostream.py", line 962, in _handle_write
    num_bytes = self.write_to_fd(self._write_buffer.peek(size))
                ^^^^^^^^^^^^^^^^^^^^^^^^^^^^^^^^^^^^^^^^^^^^^^^
  File "/home1/zrentala/.conda/envs/zrentala/lib/python3.11/site-packages/tornado/iostream.py", line 1121, in write_to_fd
    return self.socket.send(data)  # type: ignore
           ^^^^^^^^^^^^^^^^^^^^^^
BrokenPipeError: [Errno 32] Broken pipe

The above exception was the direct cause of the following exception:

Traceback (most recent call last):
  File "/home1/zrentala/.conda/envs/zrentala/lib/python3.11/site-packages/distributed/worker.py", line 2081, in gather_dep
    response = await get_data_from_worker(
               ^^^^^^^^^^^^^^^^^^^^^^^^^^^
  File "/home1/zrentala/.conda/envs/zrentala/lib/python3.11/site-packages/distributed/worker.py", line 2887, in get_data_from_worker
    response = await send_recv(
               ^^^^^^^^^^^^^^^^
  File "/home1/zrentala/.conda/envs/zrentala/lib/python3.11/site-packages/distributed/core.py", line 1018, in send_recv
    response = await comm.read(deserializers=deserializers)
               ^^^^^^^^^^^^^^^^^^^^^^^^^^^^^^^^^^^^^^^^^^^^
  File "/home1/zrentala/.conda/envs/zrentala/lib/python3.11/site-packages/distributed/comm/tcp.py", line 237, in read
    convert_stream_closed_error(self, e)
  File "/home1/zrentala/.conda/envs/zrentala/lib/python3.11/site-packages/distributed/comm/tcp.py", line 143, in convert_stream_closed_error
    raise CommClosedError(f"in {obj}: {exc.__class__.__name__}: {exc}") from exc
distributed.comm.core.CommClosedError: in <TCP (closed) Ephemeral Worker->Worker for gather local=tcp://192.168.86.140:51656 remote=tcp://192.168.86.136:45091>: BrokenPipeError: [Errno 32] Broken pipe
2026-01-14 23:35:42,213 - distributed.worker - ERROR - Worker stream died during communication: tcp://192.168.86.133:35008
Traceback (most recent call last):
  File "/home1/zrentala/.conda/envs/zrentala/lib/python3.11/site-packages/tornado/iostream.py", line 962, in _handle_write
    num_bytes = self.write_to_fd(self._write_buffer.peek(size))
                ^^^^^^^^^^^^^^^^^^^^^^^^^^^^^^^^^^^^^^^^^^^^^^^
  File "/home1/zrentala/.conda/envs/zrentala/lib/python3.11/site-packages/tornado/iostream.py", line 1121, in write_to_fd
    return self.socket.send(data)  # type: ignore
           ^^^^^^^^^^^^^^^^^^^^^^
BrokenPipeError: [Errno 32] Broken pipe

The above exception was the direct cause of the following exception:

Traceback (most recent call last):
  File "/home1/zrentala/.conda/envs/zrentala/lib/python3.11/site-packages/distributed/worker.py", line 2081, in gather_dep
    response = await get_data_from_worker(
               ^^^^^^^^^^^^^^^^^^^^^^^^^^^
  File "/home1/zrentala/.conda/envs/zrentala/lib/python3.11/site-packages/distributed/worker.py", line 2887, in get_data_from_worker
    response = await send_recv(
               ^^^^^^^^^^^^^^^^
  File "/home1/zrentala/.conda/envs/zrentala/lib/python3.11/site-packages/distributed/core.py", line 1018, in send_recv
    response = await comm.read(deserializers=deserializers)
               ^^^^^^^^^^^^^^^^^^^^^^^^^^^^^^^^^^^^^^^^^^^^
  File "/home1/zrentala/.conda/envs/zrentala/lib/python3.11/site-packages/distributed/comm/tcp.py", line 237, in read
    convert_stream_closed_error(self, e)
  File "/home1/zrentala/.conda/envs/zrentala/lib/python3.11/site-packages/distributed/comm/tcp.py", line 143, in convert_stream_closed_error
    raise CommClosedError(f"in {obj}: {exc.__class__.__name__}: {exc}") from exc
distributed.comm.core.CommClosedError: in <TCP (closed) Ephemeral Worker->Worker for gather local=tcp://192.168.86.140:57244 remote=tcp://192.168.86.133:35008>: BrokenPipeError: [Errno 32] Broken pipe
2026-01-14 23:35:42,260 - distributed.worker - ERROR - Worker stream died during communication: tcp://192.168.86.121:41692
Traceback (most recent call last):
  File "/home1/zrentala/.conda/envs/zrentala/lib/python3.11/site-packages/tornado/iostream.py", line 962, in _handle_write
    num_bytes = self.write_to_fd(self._write_buffer.peek(size))
                ^^^^^^^^^^^^^^^^^^^^^^^^^^^^^^^^^^^^^^^^^^^^^^^
  File "/home1/zrentala/.conda/envs/zrentala/lib/python3.11/site-packages/tornado/iostream.py", line 1121, in write_to_fd
    return self.socket.send(data)  # type: ignore
           ^^^^^^^^^^^^^^^^^^^^^^
BrokenPipeError: [Errno 32] Broken pipe

The above exception was the direct cause of the following exception:

Traceback (most recent call last):
  File "/home1/zrentala/.conda/envs/zrentala/lib/python3.11/site-packages/distributed/worker.py", line 2081, in gather_dep
    response = await get_data_from_worker(
               ^^^^^^^^^^^^^^^^^^^^^^^^^^^
  File "/home1/zrentala/.conda/envs/zrentala/lib/python3.11/site-packages/distributed/worker.py", line 2887, in get_data_from_worker
    response = await send_recv(
               ^^^^^^^^^^^^^^^^
  File "/home1/zrentala/.conda/envs/zrentala/lib/python3.11/site-packages/distributed/core.py", line 1018, in send_recv
    response = await comm.read(deserializers=deserializers)
               ^^^^^^^^^^^^^^^^^^^^^^^^^^^^^^^^^^^^^^^^^^^^
  File "/home1/zrentala/.conda/envs/zrentala/lib/python3.11/site-packages/distributed/comm/tcp.py", line 237, in read
    convert_stream_closed_error(self, e)
  File "/home1/zrentala/.conda/envs/zrentala/lib/python3.11/site-packages/distributed/comm/tcp.py", line 143, in convert_stream_closed_error
    raise CommClosedError(f"in {obj}: {exc.__class__.__name__}: {exc}") from exc
distributed.comm.core.CommClosedError: in <TCP (closed) Ephemeral Worker->Worker for gather local=tcp://192.168.86.140:57626 remote=tcp://192.168.86.121:41692>: BrokenPipeError: [Errno 32] Broken pipe
2026-01-14 23:35:42,302 - distributed.worker - ERROR - Worker stream died during communication: tcp://192.168.86.143:35395
Traceback (most recent call last):
  File "/home1/zrentala/.conda/envs/zrentala/lib/python3.11/site-packages/tornado/iostream.py", line 962, in _handle_write
    num_bytes = self.write_to_fd(self._write_buffer.peek(size))
                ^^^^^^^^^^^^^^^^^^^^^^^^^^^^^^^^^^^^^^^^^^^^^^^
  File "/home1/zrentala/.conda/envs/zrentala/lib/python3.11/site-packages/tornado/iostream.py", line 1121, in write_to_fd
    return self.socket.send(data)  # type: ignore
           ^^^^^^^^^^^^^^^^^^^^^^
BrokenPipeError: [Errno 32] Broken pipe

The above exception was the direct cause of the following exception:

Traceback (most recent call last):
  File "/home1/zrentala/.conda/envs/zrentala/lib/python3.11/site-packages/distributed/worker.py", line 2081, in gather_dep
    response = await get_data_from_worker(
               ^^^^^^^^^^^^^^^^^^^^^^^^^^^
  File "/home1/zrentala/.conda/envs/zrentala/lib/python3.11/site-packages/distributed/worker.py", line 2887, in get_data_from_worker
    response = await send_recv(
               ^^^^^^^^^^^^^^^^
  File "/home1/zrentala/.conda/envs/zrentala/lib/python3.11/site-packages/distributed/core.py", line 1018, in send_recv
    response = await comm.read(deserializers=deserializers)
               ^^^^^^^^^^^^^^^^^^^^^^^^^^^^^^^^^^^^^^^^^^^^
  File "/home1/zrentala/.conda/envs/zrentala/lib/python3.11/site-packages/distributed/comm/tcp.py", line 237, in read
    convert_stream_closed_error(self, e)
  File "/home1/zrentala/.conda/envs/zrentala/lib/python3.11/site-packages/distributed/comm/tcp.py", line 143, in convert_stream_closed_error
    raise CommClosedError(f"in {obj}: {exc.__class__.__name__}: {exc}") from exc
distributed.comm.core.CommClosedError: in <TCP (closed) Ephemeral Worker->Worker for gather local=tcp://192.168.86.140:48076 remote=tcp://192.168.86.143:35395>: BrokenPipeError: [Errno 32] Broken pipe
2026-01-14 23:35:42,344 - distributed.worker - ERROR - Worker stream died during communication: tcp://192.168.86.136:36126
Traceback (most recent call last):
  File "/home1/zrentala/.conda/envs/zrentala/lib/python3.11/site-packages/tornado/iostream.py", line 962, in _handle_write
    num_bytes = self.write_to_fd(self._write_buffer.peek(size))
                ^^^^^^^^^^^^^^^^^^^^^^^^^^^^^^^^^^^^^^^^^^^^^^^
  File "/home1/zrentala/.conda/envs/zrentala/lib/python3.11/site-packages/tornado/iostream.py", line 1121, in write_to_fd
    return self.socket.send(data)  # type: ignore
           ^^^^^^^^^^^^^^^^^^^^^^
BrokenPipeError: [Errno 32] Broken pipe

The above exception was the direct cause of the following exception:

Traceback (most recent call last):
  File "/home1/zrentala/.conda/envs/zrentala/lib/python3.11/site-packages/distributed/worker.py", line 2081, in gather_dep
    response = await get_data_from_worker(
               ^^^^^^^^^^^^^^^^^^^^^^^^^^^
  File "/home1/zrentala/.conda/envs/zrentala/lib/python3.11/site-packages/distributed/worker.py", line 2887, in get_data_from_worker
    response = await send_recv(
               ^^^^^^^^^^^^^^^^
  File "/home1/zrentala/.conda/envs/zrentala/lib/python3.11/site-packages/distributed/core.py", line 1018, in send_recv
    response = await comm.read(deserializers=deserializers)
               ^^^^^^^^^^^^^^^^^^^^^^^^^^^^^^^^^^^^^^^^^^^^
  File "/home1/zrentala/.conda/envs/zrentala/lib/python3.11/site-packages/distributed/comm/tcp.py", line 237, in read
    convert_stream_closed_error(self, e)
  File "/home1/zrentala/.conda/envs/zrentala/lib/python3.11/site-packages/distributed/comm/tcp.py", line 143, in convert_stream_closed_error
    raise CommClosedError(f"in {obj}: {exc.__class__.__name__}: {exc}") from exc
distributed.comm.core.CommClosedError: in <TCP (closed) Ephemeral Worker->Worker for gather local=tcp://192.168.86.140:55746 remote=tcp://192.168.86.136:36126>: BrokenPipeError: [Errno 32] Broken pipe
2026-01-14 23:35:42,385 - distributed.worker - ERROR - Worker stream died during communication: tcp://192.168.86.118:45452
Traceback (most recent call last):
  File "/home1/zrentala/.conda/envs/zrentala/lib/python3.11/site-packages/tornado/iostream.py", line 962, in _handle_write
    num_bytes = self.write_to_fd(self._write_buffer.peek(size))
                ^^^^^^^^^^^^^^^^^^^^^^^^^^^^^^^^^^^^^^^^^^^^^^^
  File "/home1/zrentala/.conda/envs/zrentala/lib/python3.11/site-packages/tornado/iostream.py", line 1121, in write_to_fd
    return self.socket.send(data)  # type: ignore
           ^^^^^^^^^^^^^^^^^^^^^^
BrokenPipeError: [Errno 32] Broken pipe

The above exception was the direct cause of the following exception:

Traceback (most recent call last):
  File "/home1/zrentala/.conda/envs/zrentala/lib/python3.11/site-packages/distributed/worker.py", line 2081, in gather_dep
    response = await get_data_from_worker(
               ^^^^^^^^^^^^^^^^^^^^^^^^^^^
  File "/home1/zrentala/.conda/envs/zrentala/lib/python3.11/site-packages/distributed/worker.py", line 2887, in get_data_from_worker
    response = await send_recv(
               ^^^^^^^^^^^^^^^^
  File "/home1/zrentala/.conda/envs/zrentala/lib/python3.11/site-packages/distributed/core.py", line 1018, in send_recv
    response = await comm.read(deserializers=deserializers)
               ^^^^^^^^^^^^^^^^^^^^^^^^^^^^^^^^^^^^^^^^^^^^
  File "/home1/zrentala/.conda/envs/zrentala/lib/python3.11/site-packages/distributed/comm/tcp.py", line 237, in read
    convert_stream_closed_error(self, e)
  File "/home1/zrentala/.conda/envs/zrentala/lib/python3.11/site-packages/distributed/comm/tcp.py", line 143, in convert_stream_closed_error
    raise CommClosedError(f"in {obj}: {exc.__class__.__name__}: {exc}") from exc
distributed.comm.core.CommClosedError: in <TCP (closed) Ephemeral Worker->Worker for gather local=tcp://192.168.86.140:60312 remote=tcp://192.168.86.118:45452>: BrokenPipeError: [Errno 32] Broken pipe
2026-01-14 23:35:42,427 - distributed.worker - ERROR - Worker stream died during communication: tcp://192.168.86.133:35676
Traceback (most recent call last):
  File "/home1/zrentala/.conda/envs/zrentala/lib/python3.11/site-packages/tornado/iostream.py", line 962, in _handle_write
    num_bytes = self.write_to_fd(self._write_buffer.peek(size))
                ^^^^^^^^^^^^^^^^^^^^^^^^^^^^^^^^^^^^^^^^^^^^^^^
  File "/home1/zrentala/.conda/envs/zrentala/lib/python3.11/site-packages/tornado/iostream.py", line 1121, in write_to_fd
    return self.socket.send(data)  # type: ignore
           ^^^^^^^^^^^^^^^^^^^^^^
BrokenPipeError: [Errno 32] Broken pipe

The above exception was the direct cause of the following exception:

Traceback (most recent call last):
  File "/home1/zrentala/.conda/envs/zrentala/lib/python3.11/site-packages/distributed/worker.py", line 2081, in gather_dep
    response = await get_data_from_worker(
               ^^^^^^^^^^^^^^^^^^^^^^^^^^^
  File "/home1/zrentala/.conda/envs/zrentala/lib/python3.11/site-packages/distributed/worker.py", line 2887, in get_data_from_worker
    response = await send_recv(
               ^^^^^^^^^^^^^^^^
  File "/home1/zrentala/.conda/envs/zrentala/lib/python3.11/site-packages/distributed/core.py", line 1018, in send_recv
    response = await comm.read(deserializers=deserializers)
               ^^^^^^^^^^^^^^^^^^^^^^^^^^^^^^^^^^^^^^^^^^^^
  File "/home1/zrentala/.conda/envs/zrentala/lib/python3.11/site-packages/distributed/comm/tcp.py", line 237, in read
    convert_stream_closed_error(self, e)
  File "/home1/zrentala/.conda/envs/zrentala/lib/python3.11/site-packages/distributed/comm/tcp.py", line 143, in convert_stream_closed_error
    raise CommClosedError(f"in {obj}: {exc.__class__.__name__}: {exc}") from exc
distributed.comm.core.CommClosedError: in <TCP (closed) Ephemeral Worker->Worker for gather local=tcp://192.168.86.140:41860 remote=tcp://192.168.86.133:35676>: BrokenPipeError: [Errno 32] Broken pipe
2026-01-14 23:35:42,469 - distributed.worker - ERROR - Worker stream died during communication: tcp://192.168.86.123:39849
Traceback (most recent call last):
  File "/home1/zrentala/.conda/envs/zrentala/lib/python3.11/site-packages/tornado/iostream.py", line 962, in _handle_write
    num_bytes = self.write_to_fd(self._write_buffer.peek(size))
                ^^^^^^^^^^^^^^^^^^^^^^^^^^^^^^^^^^^^^^^^^^^^^^^
  File "/home1/zrentala/.conda/envs/zrentala/lib/python3.11/site-packages/tornado/iostream.py", line 1121, in write_to_fd
    return self.socket.send(data)  # type: ignore
           ^^^^^^^^^^^^^^^^^^^^^^
BrokenPipeError: [Errno 32] Broken pipe

The above exception was the direct cause of the following exception:

Traceback (most recent call last):
  File "/home1/zrentala/.conda/envs/zrentala/lib/python3.11/site-packages/distributed/worker.py", line 2081, in gather_dep
    response = await get_data_from_worker(
               ^^^^^^^^^^^^^^^^^^^^^^^^^^^
  File "/home1/zrentala/.conda/envs/zrentala/lib/python3.11/site-packages/distributed/worker.py", line 2887, in get_data_from_worker
    response = await send_recv(
               ^^^^^^^^^^^^^^^^
  File "/home1/zrentala/.conda/envs/zrentala/lib/python3.11/site-packages/distributed/core.py", line 1018, in send_recv
    response = await comm.read(deserializers=deserializers)
               ^^^^^^^^^^^^^^^^^^^^^^^^^^^^^^^^^^^^^^^^^^^^
  File "/home1/zrentala/.conda/envs/zrentala/lib/python3.11/site-packages/distributed/comm/tcp.py", line 237, in read
    convert_stream_closed_error(self, e)
  File "/home1/zrentala/.conda/envs/zrentala/lib/python3.11/site-packages/distributed/comm/tcp.py", line 143, in convert_stream_closed_error
    raise CommClosedError(f"in {obj}: {exc.__class__.__name__}: {exc}") from exc
distributed.comm.core.CommClosedError: in <TCP (closed) Ephemeral Worker->Worker for gather local=tcp://192.168.86.140:45476 remote=tcp://192.168.86.123:39849>: BrokenPipeError: [Errno 32] Broken pipe
2026-01-14 23:35:42,511 - distributed.worker - ERROR - Worker stream died during communication: tcp://192.168.86.134:38605
Traceback (most recent call last):
  File "/home1/zrentala/.conda/envs/zrentala/lib/python3.11/site-packages/tornado/iostream.py", line 962, in _handle_write
    num_bytes = self.write_to_fd(self._write_buffer.peek(size))
                ^^^^^^^^^^^^^^^^^^^^^^^^^^^^^^^^^^^^^^^^^^^^^^^
  File "/home1/zrentala/.conda/envs/zrentala/lib/python3.11/site-packages/tornado/iostream.py", line 1121, in write_to_fd
    return self.socket.send(data)  # type: ignore
           ^^^^^^^^^^^^^^^^^^^^^^
BrokenPipeError: [Errno 32] Broken pipe

The above exception was the direct cause of the following exception:

Traceback (most recent call last):
  File "/home1/zrentala/.conda/envs/zrentala/lib/python3.11/site-packages/distributed/worker.py", line 2081, in gather_dep
    response = await get_data_from_worker(
               ^^^^^^^^^^^^^^^^^^^^^^^^^^^
  File "/home1/zrentala/.conda/envs/zrentala/lib/python3.11/site-packages/distributed/worker.py", line 2887, in get_data_from_worker
    response = await send_recv(
               ^^^^^^^^^^^^^^^^
  File "/home1/zrentala/.conda/envs/zrentala/lib/python3.11/site-packages/distributed/core.py", line 1018, in send_recv
    response = await comm.read(deserializers=deserializers)
               ^^^^^^^^^^^^^^^^^^^^^^^^^^^^^^^^^^^^^^^^^^^^
  File "/home1/zrentala/.conda/envs/zrentala/lib/python3.11/site-packages/distributed/comm/tcp.py", line 237, in read
    convert_stream_closed_error(self, e)
  File "/home1/zrentala/.conda/envs/zrentala/lib/python3.11/site-packages/distributed/comm/tcp.py", line 143, in convert_stream_closed_error
    raise CommClosedError(f"in {obj}: {exc.__class__.__name__}: {exc}") from exc
distributed.comm.core.CommClosedError: in <TCP (closed) Ephemeral Worker->Worker for gather local=tcp://192.168.86.140:60852 remote=tcp://192.168.86.134:38605>: BrokenPipeError: [Errno 32] Broken pipe
2026-01-14 23:35:42,552 - distributed.worker - ERROR - Worker stream died during communication: tcp://192.168.86.137:43209
Traceback (most recent call last):
  File "/home1/zrentala/.conda/envs/zrentala/lib/python3.11/site-packages/tornado/iostream.py", line 962, in _handle_write
    num_bytes = self.write_to_fd(self._write_buffer.peek(size))
                ^^^^^^^^^^^^^^^^^^^^^^^^^^^^^^^^^^^^^^^^^^^^^^^
  File "/home1/zrentala/.conda/envs/zrentala/lib/python3.11/site-packages/tornado/iostream.py", line 1121, in write_to_fd
    return self.socket.send(data)  # type: ignore
           ^^^^^^^^^^^^^^^^^^^^^^
BrokenPipeError: [Errno 32] Broken pipe

The above exception was the direct cause of the following exception:

Traceback (most recent call last):
  File "/home1/zrentala/.conda/envs/zrentala/lib/python3.11/site-packages/distributed/worker.py", line 2081, in gather_dep
    response = await get_data_from_worker(
               ^^^^^^^^^^^^^^^^^^^^^^^^^^^
  File "/home1/zrentala/.conda/envs/zrentala/lib/python3.11/site-packages/distributed/worker.py", line 2887, in get_data_from_worker
    response = await send_recv(
               ^^^^^^^^^^^^^^^^
  File "/home1/zrentala/.conda/envs/zrentala/lib/python3.11/site-packages/distributed/core.py", line 1018, in send_recv
    response = await comm.read(deserializers=deserializers)
               ^^^^^^^^^^^^^^^^^^^^^^^^^^^^^^^^^^^^^^^^^^^^
  File "/home1/zrentala/.conda/envs/zrentala/lib/python3.11/site-packages/distributed/comm/tcp.py", line 237, in read
    convert_stream_closed_error(self, e)
  File "/home1/zrentala/.conda/envs/zrentala/lib/python3.11/site-packages/distributed/comm/tcp.py", line 143, in convert_stream_closed_error
    raise CommClosedError(f"in {obj}: {exc.__class__.__name__}: {exc}") from exc
distributed.comm.core.CommClosedError: in <TCP (closed) Ephemeral Worker->Worker for gather local=tcp://192.168.86.140:42524 remote=tcp://192.168.86.137:43209>: BrokenPipeError: [Errno 32] Broken pipe
2026-01-14 23:35:42,594 - distributed.worker - ERROR - Worker stream died during communication: tcp://192.168.86.145:33386
Traceback (most recent call last):
  File "/home1/zrentala/.conda/envs/zrentala/lib/python3.11/site-packages/tornado/iostream.py", line 962, in _handle_write
    num_bytes = self.write_to_fd(self._write_buffer.peek(size))
                ^^^^^^^^^^^^^^^^^^^^^^^^^^^^^^^^^^^^^^^^^^^^^^^
  File "/home1/zrentala/.conda/envs/zrentala/lib/python3.11/site-packages/tornado/iostream.py", line 1121, in write_to_fd
    return self.socket.send(data)  # type: ignore
           ^^^^^^^^^^^^^^^^^^^^^^
BrokenPipeError: [Errno 32] Broken pipe

The above exception was the direct cause of the following exception:

Traceback (most recent call last):
  File "/home1/zrentala/.conda/envs/zrentala/lib/python3.11/site-packages/distributed/worker.py", line 2081, in gather_dep
    response = await get_data_from_worker(
               ^^^^^^^^^^^^^^^^^^^^^^^^^^^
  File "/home1/zrentala/.conda/envs/zrentala/lib/python3.11/site-packages/distributed/worker.py", line 2887, in get_data_from_worker
    response = await send_recv(
               ^^^^^^^^^^^^^^^^
  File "/home1/zrentala/.conda/envs/zrentala/lib/python3.11/site-packages/distributed/core.py", line 1018, in send_recv
    response = await comm.read(deserializers=deserializers)
               ^^^^^^^^^^^^^^^^^^^^^^^^^^^^^^^^^^^^^^^^^^^^
  File "/home1/zrentala/.conda/envs/zrentala/lib/python3.11/site-packages/distributed/comm/tcp.py", line 237, in read
    convert_stream_closed_error(self, e)
  File "/home1/zrentala/.conda/envs/zrentala/lib/python3.11/site-packages/distributed/comm/tcp.py", line 143, in convert_stream_closed_error
    raise CommClosedError(f"in {obj}: {exc.__class__.__name__}: {exc}") from exc
distributed.comm.core.CommClosedError: in <TCP (closed) Ephemeral Worker->Worker for gather local=tcp://192.168.86.140:53356 remote=tcp://192.168.86.145:33386>: BrokenPipeError: [Errno 32] Broken pipe
2026-01-14 23:35:42,636 - distributed.worker - ERROR - Worker stream died during communication: tcp://192.168.86.126:41519
Traceback (most recent call last):
  File "/home1/zrentala/.conda/envs/zrentala/lib/python3.11/site-packages/tornado/iostream.py", line 962, in _handle_write
    num_bytes = self.write_to_fd(self._write_buffer.peek(size))
                ^^^^^^^^^^^^^^^^^^^^^^^^^^^^^^^^^^^^^^^^^^^^^^^
  File "/home1/zrentala/.conda/envs/zrentala/lib/python3.11/site-packages/tornado/iostream.py", line 1121, in write_to_fd
    return self.socket.send(data)  # type: ignore
           ^^^^^^^^^^^^^^^^^^^^^^
BrokenPipeError: [Errno 32] Broken pipe

The above exception was the direct cause of the following exception:

Traceback (most recent call last):
  File "/home1/zrentala/.conda/envs/zrentala/lib/python3.11/site-packages/distributed/worker.py", line 2081, in gather_dep
    response = await get_data_from_worker(
               ^^^^^^^^^^^^^^^^^^^^^^^^^^^
  File "/home1/zrentala/.conda/envs/zrentala/lib/python3.11/site-packages/distributed/worker.py", line 2887, in get_data_from_worker
    response = await send_recv(
               ^^^^^^^^^^^^^^^^
  File "/home1/zrentala/.conda/envs/zrentala/lib/python3.11/site-packages/distributed/core.py", line 1018, in send_recv
    response = await comm.read(deserializers=deserializers)
               ^^^^^^^^^^^^^^^^^^^^^^^^^^^^^^^^^^^^^^^^^^^^
  File "/home1/zrentala/.conda/envs/zrentala/lib/python3.11/site-packages/distributed/comm/tcp.py", line 237, in read
    convert_stream_closed_error(self, e)
  File "/home1/zrentala/.conda/envs/zrentala/lib/python3.11/site-packages/distributed/comm/tcp.py", line 143, in convert_stream_closed_error
    raise CommClosedError(f"in {obj}: {exc.__class__.__name__}: {exc}") from exc
distributed.comm.core.CommClosedError: in <TCP (closed) Ephemeral Worker->Worker for gather local=tcp://192.168.86.140:40574 remote=tcp://192.168.86.126:41519>: BrokenPipeError: [Errno 32] Broken pipe
2026-01-14 23:35:42,677 - distributed.worker - ERROR - Worker stream died during communication: tcp://192.168.86.118:39936
Traceback (most recent call last):
  File "/home1/zrentala/.conda/envs/zrentala/lib/python3.11/site-packages/tornado/iostream.py", line 962, in _handle_write
    num_bytes = self.write_to_fd(self._write_buffer.peek(size))
                ^^^^^^^^^^^^^^^^^^^^^^^^^^^^^^^^^^^^^^^^^^^^^^^
  File "/home1/zrentala/.conda/envs/zrentala/lib/python3.11/site-packages/tornado/iostream.py", line 1121, in write_to_fd
    return self.socket.send(data)  # type: ignore
           ^^^^^^^^^^^^^^^^^^^^^^
BrokenPipeError: [Errno 32] Broken pipe

The above exception was the direct cause of the following exception:

Traceback (most recent call last):
  File "/home1/zrentala/.conda/envs/zrentala/lib/python3.11/site-packages/distributed/worker.py", line 2081, in gather_dep
    response = await get_data_from_worker(
               ^^^^^^^^^^^^^^^^^^^^^^^^^^^
  File "/home1/zrentala/.conda/envs/zrentala/lib/python3.11/site-packages/distributed/worker.py", line 2887, in get_data_from_worker
    response = await send_recv(
               ^^^^^^^^^^^^^^^^
  File "/home1/zrentala/.conda/envs/zrentala/lib/python3.11/site-packages/distributed/core.py", line 1018, in send_recv
    response = await comm.read(deserializers=deserializers)
               ^^^^^^^^^^^^^^^^^^^^^^^^^^^^^^^^^^^^^^^^^^^^
  File "/home1/zrentala/.conda/envs/zrentala/lib/python3.11/site-packages/distributed/comm/tcp.py", line 237, in read
    convert_stream_closed_error(self, e)
  File "/home1/zrentala/.conda/envs/zrentala/lib/python3.11/site-packages/distributed/comm/tcp.py", line 143, in convert_stream_closed_error
    raise CommClosedError(f"in {obj}: {exc.__class__.__name__}: {exc}") from exc
distributed.comm.core.CommClosedError: in <TCP (closed) Ephemeral Worker->Worker for gather local=tcp://192.168.86.140:47760 remote=tcp://192.168.86.118:39936>: BrokenPipeError: [Errno 32] Broken pipe
2026-01-14 23:35:42,724 - distributed.worker - ERROR - Worker stream died during communication: tcp://192.168.86.144:45497
Traceback (most recent call last):
  File "/home1/zrentala/.conda/envs/zrentala/lib/python3.11/site-packages/tornado/iostream.py", line 962, in _handle_write
    num_bytes = self.write_to_fd(self._write_buffer.peek(size))
                ^^^^^^^^^^^^^^^^^^^^^^^^^^^^^^^^^^^^^^^^^^^^^^^
  File "/home1/zrentala/.conda/envs/zrentala/lib/python3.11/site-packages/tornado/iostream.py", line 1121, in write_to_fd
    return self.socket.send(data)  # type: ignore
           ^^^^^^^^^^^^^^^^^^^^^^
BrokenPipeError: [Errno 32] Broken pipe

The above exception was the direct cause of the following exception:

Traceback (most recent call last):
  File "/home1/zrentala/.conda/envs/zrentala/lib/python3.11/site-packages/distributed/worker.py", line 2081, in gather_dep
    response = await get_data_from_worker(
               ^^^^^^^^^^^^^^^^^^^^^^^^^^^
  File "/home1/zrentala/.conda/envs/zrentala/lib/python3.11/site-packages/distributed/worker.py", line 2887, in get_data_from_worker
    response = await send_recv(
               ^^^^^^^^^^^^^^^^
  File "/home1/zrentala/.conda/envs/zrentala/lib/python3.11/site-packages/distributed/core.py", line 1018, in send_recv
    response = await comm.read(deserializers=deserializers)
               ^^^^^^^^^^^^^^^^^^^^^^^^^^^^^^^^^^^^^^^^^^^^
  File "/home1/zrentala/.conda/envs/zrentala/lib/python3.11/site-packages/distributed/comm/tcp.py", line 237, in read
    convert_stream_closed_error(self, e)
  File "/home1/zrentala/.conda/envs/zrentala/lib/python3.11/site-packages/distributed/comm/tcp.py", line 143, in convert_stream_closed_error
    raise CommClosedError(f"in {obj}: {exc.__class__.__name__}: {exc}") from exc
distributed.comm.core.CommClosedError: in <TCP (closed) Ephemeral Worker->Worker for gather local=tcp://192.168.86.140:37560 remote=tcp://192.168.86.144:45497>: BrokenPipeError: [Errno 32] Broken pipe
2026-01-14 23:35:42,766 - distributed.worker - ERROR - Worker stream died during communication: tcp://192.168.86.137:46460
Traceback (most recent call last):
  File "/home1/zrentala/.conda/envs/zrentala/lib/python3.11/site-packages/tornado/iostream.py", line 962, in _handle_write
    num_bytes = self.write_to_fd(self._write_buffer.peek(size))
                ^^^^^^^^^^^^^^^^^^^^^^^^^^^^^^^^^^^^^^^^^^^^^^^
  File "/home1/zrentala/.conda/envs/zrentala/lib/python3.11/site-packages/tornado/iostream.py", line 1121, in write_to_fd
    return self.socket.send(data)  # type: ignore
           ^^^^^^^^^^^^^^^^^^^^^^
BrokenPipeError: [Errno 32] Broken pipe

The above exception was the direct cause of the following exception:

Traceback (most recent call last):
  File "/home1/zrentala/.conda/envs/zrentala/lib/python3.11/site-packages/distributed/worker.py", line 2081, in gather_dep
    response = await get_data_from_worker(
               ^^^^^^^^^^^^^^^^^^^^^^^^^^^
  File "/home1/zrentala/.conda/envs/zrentala/lib/python3.11/site-packages/distributed/worker.py", line 2887, in get_data_from_worker
    response = await send_recv(
               ^^^^^^^^^^^^^^^^
  File "/home1/zrentala/.conda/envs/zrentala/lib/python3.11/site-packages/distributed/core.py", line 1018, in send_recv
    response = await comm.read(deserializers=deserializers)
               ^^^^^^^^^^^^^^^^^^^^^^^^^^^^^^^^^^^^^^^^^^^^
  File "/home1/zrentala/.conda/envs/zrentala/lib/python3.11/site-packages/distributed/comm/tcp.py", line 237, in read
    convert_stream_closed_error(self, e)
  File "/home1/zrentala/.conda/envs/zrentala/lib/python3.11/site-packages/distributed/comm/tcp.py", line 143, in convert_stream_closed_error
    raise CommClosedError(f"in {obj}: {exc.__class__.__name__}: {exc}") from exc
distributed.comm.core.CommClosedError: in <TCP (closed) Ephemeral Worker->Worker for gather local=tcp://192.168.86.140:41074 remote=tcp://192.168.86.137:46460>: BrokenPipeError: [Errno 32] Broken pipe
2026-01-14 23:35:42,829 - distributed.worker - ERROR - Worker stream died during communication: tcp://192.168.86.119:33535
Traceback (most recent call last):
  File "/home1/zrentala/.conda/envs/zrentala/lib/python3.11/site-packages/tornado/iostream.py", line 962, in _handle_write
    num_bytes = self.write_to_fd(self._write_buffer.peek(size))
                ^^^^^^^^^^^^^^^^^^^^^^^^^^^^^^^^^^^^^^^^^^^^^^^
  File "/home1/zrentala/.conda/envs/zrentala/lib/python3.11/site-packages/tornado/iostream.py", line 1121, in write_to_fd
    return self.socket.send(data)  # type: ignore
           ^^^^^^^^^^^^^^^^^^^^^^
BrokenPipeError: [Errno 32] Broken pipe

The above exception was the direct cause of the following exception:

Traceback (most recent call last):
  File "/home1/zrentala/.conda/envs/zrentala/lib/python3.11/site-packages/distributed/worker.py", line 2081, in gather_dep
    response = await get_data_from_worker(
               ^^^^^^^^^^^^^^^^^^^^^^^^^^^
  File "/home1/zrentala/.conda/envs/zrentala/lib/python3.11/site-packages/distributed/worker.py", line 2887, in get_data_from_worker
    response = await send_recv(
               ^^^^^^^^^^^^^^^^
  File "/home1/zrentala/.conda/envs/zrentala/lib/python3.11/site-packages/distributed/core.py", line 1018, in send_recv
    response = await comm.read(deserializers=deserializers)
               ^^^^^^^^^^^^^^^^^^^^^^^^^^^^^^^^^^^^^^^^^^^^
  File "/home1/zrentala/.conda/envs/zrentala/lib/python3.11/site-packages/distributed/comm/tcp.py", line 237, in read
    convert_stream_closed_error(self, e)
  File "/home1/zrentala/.conda/envs/zrentala/lib/python3.11/site-packages/distributed/comm/tcp.py", line 143, in convert_stream_closed_error
    raise CommClosedError(f"in {obj}: {exc.__class__.__name__}: {exc}") from exc
distributed.comm.core.CommClosedError: in <TCP (closed) Ephemeral Worker->Worker for gather local=tcp://192.168.86.140:43192 remote=tcp://192.168.86.119:33535>: BrokenPipeError: [Errno 32] Broken pipe
2026-01-14 23:35:42,870 - distributed.worker - ERROR - Worker stream died during communication: tcp://192.168.86.123:36461
Traceback (most recent call last):
  File "/home1/zrentala/.conda/envs/zrentala/lib/python3.11/site-packages/tornado/iostream.py", line 962, in _handle_write
    num_bytes = self.write_to_fd(self._write_buffer.peek(size))
                ^^^^^^^^^^^^^^^^^^^^^^^^^^^^^^^^^^^^^^^^^^^^^^^
  File "/home1/zrentala/.conda/envs/zrentala/lib/python3.11/site-packages/tornado/iostream.py", line 1121, in write_to_fd
    return self.socket.send(data)  # type: ignore
           ^^^^^^^^^^^^^^^^^^^^^^
BrokenPipeError: [Errno 32] Broken pipe

The above exception was the direct cause of the following exception:

Traceback (most recent call last):
  File "/home1/zrentala/.conda/envs/zrentala/lib/python3.11/site-packages/distributed/worker.py", line 2081, in gather_dep
    response = await get_data_from_worker(
               ^^^^^^^^^^^^^^^^^^^^^^^^^^^
  File "/home1/zrentala/.conda/envs/zrentala/lib/python3.11/site-packages/distributed/worker.py", line 2887, in get_data_from_worker
    response = await send_recv(
               ^^^^^^^^^^^^^^^^
  File "/home1/zrentala/.conda/envs/zrentala/lib/python3.11/site-packages/distributed/core.py", line 1018, in send_recv
    response = await comm.read(deserializers=deserializers)
               ^^^^^^^^^^^^^^^^^^^^^^^^^^^^^^^^^^^^^^^^^^^^
  File "/home1/zrentala/.conda/envs/zrentala/lib/python3.11/site-packages/distributed/comm/tcp.py", line 237, in read
    convert_stream_closed_error(self, e)
  File "/home1/zrentala/.conda/envs/zrentala/lib/python3.11/site-packages/distributed/comm/tcp.py", line 143, in convert_stream_closed_error
    raise CommClosedError(f"in {obj}: {exc.__class__.__name__}: {exc}") from exc
distributed.comm.core.CommClosedError: in <TCP (closed) Ephemeral Worker->Worker for gather local=tcp://192.168.86.140:32832 remote=tcp://192.168.86.123:36461>: BrokenPipeError: [Errno 32] Broken pipe
2026-01-14 23:35:42,917 - distributed.worker - ERROR - Worker stream died during communication: tcp://192.168.86.126:46575
Traceback (most recent call last):
  File "/home1/zrentala/.conda/envs/zrentala/lib/python3.11/site-packages/tornado/iostream.py", line 962, in _handle_write
    num_bytes = self.write_to_fd(self._write_buffer.peek(size))
                ^^^^^^^^^^^^^^^^^^^^^^^^^^^^^^^^^^^^^^^^^^^^^^^
  File "/home1/zrentala/.conda/envs/zrentala/lib/python3.11/site-packages/tornado/iostream.py", line 1121, in write_to_fd
    return self.socket.send(data)  # type: ignore
           ^^^^^^^^^^^^^^^^^^^^^^
BrokenPipeError: [Errno 32] Broken pipe

The above exception was the direct cause of the following exception:

Traceback (most recent call last):
  File "/home1/zrentala/.conda/envs/zrentala/lib/python3.11/site-packages/distributed/worker.py", line 2081, in gather_dep
    response = await get_data_from_worker(
               ^^^^^^^^^^^^^^^^^^^^^^^^^^^
  File "/home1/zrentala/.conda/envs/zrentala/lib/python3.11/site-packages/distributed/worker.py", line 2887, in get_data_from_worker
    response = await send_recv(
               ^^^^^^^^^^^^^^^^
  File "/home1/zrentala/.conda/envs/zrentala/lib/python3.11/site-packages/distributed/core.py", line 1018, in send_recv
    response = await comm.read(deserializers=deserializers)
               ^^^^^^^^^^^^^^^^^^^^^^^^^^^^^^^^^^^^^^^^^^^^
  File "/home1/zrentala/.conda/envs/zrentala/lib/python3.11/site-packages/distributed/comm/tcp.py", line 237, in read
    convert_stream_closed_error(self, e)
  File "/home1/zrentala/.conda/envs/zrentala/lib/python3.11/site-packages/distributed/comm/tcp.py", line 143, in convert_stream_closed_error
    raise CommClosedError(f"in {obj}: {exc.__class__.__name__}: {exc}") from exc
distributed.comm.core.CommClosedError: in <TCP (closed) Ephemeral Worker->Worker for gather local=tcp://192.168.86.140:40076 remote=tcp://192.168.86.126:46575>: BrokenPipeError: [Errno 32] Broken pipe
2026-01-14 23:35:42,959 - distributed.worker - ERROR - Worker stream died during communication: tcp://192.168.86.137:32843
Traceback (most recent call last):
  File "/home1/zrentala/.conda/envs/zrentala/lib/python3.11/site-packages/tornado/iostream.py", line 962, in _handle_write
    num_bytes = self.write_to_fd(self._write_buffer.peek(size))
                ^^^^^^^^^^^^^^^^^^^^^^^^^^^^^^^^^^^^^^^^^^^^^^^
  File "/home1/zrentala/.conda/envs/zrentala/lib/python3.11/site-packages/tornado/iostream.py", line 1121, in write_to_fd
    return self.socket.send(data)  # type: ignore
           ^^^^^^^^^^^^^^^^^^^^^^
BrokenPipeError: [Errno 32] Broken pipe

The above exception was the direct cause of the following exception:

Traceback (most recent call last):
  File "/home1/zrentala/.conda/envs/zrentala/lib/python3.11/site-packages/distributed/worker.py", line 2081, in gather_dep
    response = await get_data_from_worker(
               ^^^^^^^^^^^^^^^^^^^^^^^^^^^
  File "/home1/zrentala/.conda/envs/zrentala/lib/python3.11/site-packages/distributed/worker.py", line 2887, in get_data_from_worker
    response = await send_recv(
               ^^^^^^^^^^^^^^^^
  File "/home1/zrentala/.conda/envs/zrentala/lib/python3.11/site-packages/distributed/core.py", line 1018, in send_recv
    response = await comm.read(deserializers=deserializers)
               ^^^^^^^^^^^^^^^^^^^^^^^^^^^^^^^^^^^^^^^^^^^^
  File "/home1/zrentala/.conda/envs/zrentala/lib/python3.11/site-packages/distributed/comm/tcp.py", line 237, in read
    convert_stream_closed_error(self, e)
  File "/home1/zrentala/.conda/envs/zrentala/lib/python3.11/site-packages/distributed/comm/tcp.py", line 143, in convert_stream_closed_error
    raise CommClosedError(f"in {obj}: {exc.__class__.__name__}: {exc}") from exc
distributed.comm.core.CommClosedError: in <TCP (closed) Ephemeral Worker->Worker for gather local=tcp://192.168.86.140:59590 remote=tcp://192.168.86.137:32843>: BrokenPipeError: [Errno 32] Broken pipe
2026-01-14 23:35:43,001 - distributed.worker - ERROR - Worker stream died during communication: tcp://192.168.86.122:35868
Traceback (most recent call last):
  File "/home1/zrentala/.conda/envs/zrentala/lib/python3.11/site-packages/tornado/iostream.py", line 962, in _handle_write
    num_bytes = self.write_to_fd(self._write_buffer.peek(size))
                ^^^^^^^^^^^^^^^^^^^^^^^^^^^^^^^^^^^^^^^^^^^^^^^
  File "/home1/zrentala/.conda/envs/zrentala/lib/python3.11/site-packages/tornado/iostream.py", line 1121, in write_to_fd
    return self.socket.send(data)  # type: ignore
           ^^^^^^^^^^^^^^^^^^^^^^
BrokenPipeError: [Errno 32] Broken pipe

The above exception was the direct cause of the following exception:

Traceback (most recent call last):
  File "/home1/zrentala/.conda/envs/zrentala/lib/python3.11/site-packages/distributed/worker.py", line 2081, in gather_dep
    response = await get_data_from_worker(
               ^^^^^^^^^^^^^^^^^^^^^^^^^^^
  File "/home1/zrentala/.conda/envs/zrentala/lib/python3.11/site-packages/distributed/worker.py", line 2887, in get_data_from_worker
    response = await send_recv(
               ^^^^^^^^^^^^^^^^
  File "/home1/zrentala/.conda/envs/zrentala/lib/python3.11/site-packages/distributed/core.py", line 1018, in send_recv
    response = await comm.read(deserializers=deserializers)
               ^^^^^^^^^^^^^^^^^^^^^^^^^^^^^^^^^^^^^^^^^^^^
  File "/home1/zrentala/.conda/envs/zrentala/lib/python3.11/site-packages/distributed/comm/tcp.py", line 237, in read
    convert_stream_closed_error(self, e)
  File "/home1/zrentala/.conda/envs/zrentala/lib/python3.11/site-packages/distributed/comm/tcp.py", line 143, in convert_stream_closed_error
    raise CommClosedError(f"in {obj}: {exc.__class__.__name__}: {exc}") from exc
distributed.comm.core.CommClosedError: in <TCP (closed) Ephemeral Worker->Worker for gather local=tcp://192.168.86.140:45844 remote=tcp://192.168.86.122:35868>: BrokenPipeError: [Errno 32] Broken pipe
2026-01-14 23:35:43,047 - distributed.worker - ERROR - Worker stream died during communication: tcp://192.168.86.134:33112
Traceback (most recent call last):
  File "/home1/zrentala/.conda/envs/zrentala/lib/python3.11/site-packages/tornado/iostream.py", line 962, in _handle_write
    num_bytes = self.write_to_fd(self._write_buffer.peek(size))
                ^^^^^^^^^^^^^^^^^^^^^^^^^^^^^^^^^^^^^^^^^^^^^^^
  File "/home1/zrentala/.conda/envs/zrentala/lib/python3.11/site-packages/tornado/iostream.py", line 1121, in write_to_fd
    return self.socket.send(data)  # type: ignore
           ^^^^^^^^^^^^^^^^^^^^^^
BrokenPipeError: [Errno 32] Broken pipe

The above exception was the direct cause of the following exception:

Traceback (most recent call last):
  File "/home1/zrentala/.conda/envs/zrentala/lib/python3.11/site-packages/distributed/worker.py", line 2081, in gather_dep
    response = await get_data_from_worker(
               ^^^^^^^^^^^^^^^^^^^^^^^^^^^
  File "/home1/zrentala/.conda/envs/zrentala/lib/python3.11/site-packages/distributed/worker.py", line 2887, in get_data_from_worker
    response = await send_recv(
               ^^^^^^^^^^^^^^^^
  File "/home1/zrentala/.conda/envs/zrentala/lib/python3.11/site-packages/distributed/core.py", line 1018, in send_recv
    response = await comm.read(deserializers=deserializers)
               ^^^^^^^^^^^^^^^^^^^^^^^^^^^^^^^^^^^^^^^^^^^^
  File "/home1/zrentala/.conda/envs/zrentala/lib/python3.11/site-packages/distributed/comm/tcp.py", line 237, in read
    convert_stream_closed_error(self, e)
  File "/home1/zrentala/.conda/envs/zrentala/lib/python3.11/site-packages/distributed/comm/tcp.py", line 143, in convert_stream_closed_error
    raise CommClosedError(f"in {obj}: {exc.__class__.__name__}: {exc}") from exc
distributed.comm.core.CommClosedError: in <TCP (closed) Ephemeral Worker->Worker for gather local=tcp://192.168.86.140:48754 remote=tcp://192.168.86.134:33112>: BrokenPipeError: [Errno 32] Broken pipe
2026-01-14 23:35:43,089 - distributed.worker - ERROR - Worker stream died during communication: tcp://192.168.86.121:40909
Traceback (most recent call last):
  File "/home1/zrentala/.conda/envs/zrentala/lib/python3.11/site-packages/tornado/iostream.py", line 962, in _handle_write
    num_bytes = self.write_to_fd(self._write_buffer.peek(size))
                ^^^^^^^^^^^^^^^^^^^^^^^^^^^^^^^^^^^^^^^^^^^^^^^
  File "/home1/zrentala/.conda/envs/zrentala/lib/python3.11/site-packages/tornado/iostream.py", line 1121, in write_to_fd
    return self.socket.send(data)  # type: ignore
           ^^^^^^^^^^^^^^^^^^^^^^
BrokenPipeError: [Errno 32] Broken pipe

The above exception was the direct cause of the following exception:

Traceback (most recent call last):
  File "/home1/zrentala/.conda/envs/zrentala/lib/python3.11/site-packages/distributed/worker.py", line 2081, in gather_dep
    response = await get_data_from_worker(
               ^^^^^^^^^^^^^^^^^^^^^^^^^^^
  File "/home1/zrentala/.conda/envs/zrentala/lib/python3.11/site-packages/distributed/worker.py", line 2887, in get_data_from_worker
    response = await send_recv(
               ^^^^^^^^^^^^^^^^
  File "/home1/zrentala/.conda/envs/zrentala/lib/python3.11/site-packages/distributed/core.py", line 1018, in send_recv
    response = await comm.read(deserializers=deserializers)
               ^^^^^^^^^^^^^^^^^^^^^^^^^^^^^^^^^^^^^^^^^^^^
  File "/home1/zrentala/.conda/envs/zrentala/lib/python3.11/site-packages/distributed/comm/tcp.py", line 237, in read
    convert_stream_closed_error(self, e)
  File "/home1/zrentala/.conda/envs/zrentala/lib/python3.11/site-packages/distributed/comm/tcp.py", line 143, in convert_stream_closed_error
    raise CommClosedError(f"in {obj}: {exc.__class__.__name__}: {exc}") from exc
distributed.comm.core.CommClosedError: in <TCP (closed) Ephemeral Worker->Worker for gather local=tcp://192.168.86.140:54806 remote=tcp://192.168.86.121:40909>: BrokenPipeError: [Errno 32] Broken pipe
2026-01-14 23:35:43,131 - distributed.worker - ERROR - Worker stream died during communication: tcp://192.168.86.126:42238
Traceback (most recent call last):
  File "/home1/zrentala/.conda/envs/zrentala/lib/python3.11/site-packages/tornado/iostream.py", line 962, in _handle_write
    num_bytes = self.write_to_fd(self._write_buffer.peek(size))
                ^^^^^^^^^^^^^^^^^^^^^^^^^^^^^^^^^^^^^^^^^^^^^^^
  File "/home1/zrentala/.conda/envs/zrentala/lib/python3.11/site-packages/tornado/iostream.py", line 1121, in write_to_fd
    return self.socket.send(data)  # type: ignore
           ^^^^^^^^^^^^^^^^^^^^^^
BrokenPipeError: [Errno 32] Broken pipe

The above exception was the direct cause of the following exception:

Traceback (most recent call last):
  File "/home1/zrentala/.conda/envs/zrentala/lib/python3.11/site-packages/distributed/worker.py", line 2081, in gather_dep
    response = await get_data_from_worker(
               ^^^^^^^^^^^^^^^^^^^^^^^^^^^
  File "/home1/zrentala/.conda/envs/zrentala/lib/python3.11/site-packages/distributed/worker.py", line 2887, in get_data_from_worker
    response = await send_recv(
               ^^^^^^^^^^^^^^^^
  File "/home1/zrentala/.conda/envs/zrentala/lib/python3.11/site-packages/distributed/core.py", line 1018, in send_recv
    response = await comm.read(deserializers=deserializers)
               ^^^^^^^^^^^^^^^^^^^^^^^^^^^^^^^^^^^^^^^^^^^^
  File "/home1/zrentala/.conda/envs/zrentala/lib/python3.11/site-packages/distributed/comm/tcp.py", line 237, in read
    convert_stream_closed_error(self, e)
  File "/home1/zrentala/.conda/envs/zrentala/lib/python3.11/site-packages/distributed/comm/tcp.py", line 143, in convert_stream_closed_error
    raise CommClosedError(f"in {obj}: {exc.__class__.__name__}: {exc}") from exc
distributed.comm.core.CommClosedError: in <TCP (closed) Ephemeral Worker->Worker for gather local=tcp://192.168.86.140:54248 remote=tcp://192.168.86.126:42238>: BrokenPipeError: [Errno 32] Broken pipe
2026-01-14 23:35:43,178 - distributed.worker - ERROR - Worker stream died during communication: tcp://192.168.86.135:33850
Traceback (most recent call last):
  File "/home1/zrentala/.conda/envs/zrentala/lib/python3.11/site-packages/tornado/iostream.py", line 962, in _handle_write
    num_bytes = self.write_to_fd(self._write_buffer.peek(size))
                ^^^^^^^^^^^^^^^^^^^^^^^^^^^^^^^^^^^^^^^^^^^^^^^
  File "/home1/zrentala/.conda/envs/zrentala/lib/python3.11/site-packages/tornado/iostream.py", line 1121, in write_to_fd
    return self.socket.send(data)  # type: ignore
           ^^^^^^^^^^^^^^^^^^^^^^
BrokenPipeError: [Errno 32] Broken pipe

The above exception was the direct cause of the following exception:

Traceback (most recent call last):
  File "/home1/zrentala/.conda/envs/zrentala/lib/python3.11/site-packages/distributed/worker.py", line 2081, in gather_dep
    response = await get_data_from_worker(
               ^^^^^^^^^^^^^^^^^^^^^^^^^^^
  File "/home1/zrentala/.conda/envs/zrentala/lib/python3.11/site-packages/distributed/worker.py", line 2887, in get_data_from_worker
    response = await send_recv(
               ^^^^^^^^^^^^^^^^
  File "/home1/zrentala/.conda/envs/zrentala/lib/python3.11/site-packages/distributed/core.py", line 1018, in send_recv
    response = await comm.read(deserializers=deserializers)
               ^^^^^^^^^^^^^^^^^^^^^^^^^^^^^^^^^^^^^^^^^^^^
  File "/home1/zrentala/.conda/envs/zrentala/lib/python3.11/site-packages/distributed/comm/tcp.py", line 237, in read
    convert_stream_closed_error(self, e)
  File "/home1/zrentala/.conda/envs/zrentala/lib/python3.11/site-packages/distributed/comm/tcp.py", line 143, in convert_stream_closed_error
    raise CommClosedError(f"in {obj}: {exc.__class__.__name__}: {exc}") from exc
distributed.comm.core.CommClosedError: in <TCP (closed) Ephemeral Worker->Worker for gather local=tcp://192.168.86.140:59678 remote=tcp://192.168.86.135:33850>: BrokenPipeError: [Errno 32] Broken pipe
2026-01-14 23:35:43,219 - distributed.worker - ERROR - Worker stream died during communication: tcp://192.168.86.117:42469
Traceback (most recent call last):
  File "/home1/zrentala/.conda/envs/zrentala/lib/python3.11/site-packages/tornado/iostream.py", line 962, in _handle_write
    num_bytes = self.write_to_fd(self._write_buffer.peek(size))
                ^^^^^^^^^^^^^^^^^^^^^^^^^^^^^^^^^^^^^^^^^^^^^^^
  File "/home1/zrentala/.conda/envs/zrentala/lib/python3.11/site-packages/tornado/iostream.py", line 1121, in write_to_fd
    return self.socket.send(data)  # type: ignore
           ^^^^^^^^^^^^^^^^^^^^^^
BrokenPipeError: [Errno 32] Broken pipe

The above exception was the direct cause of the following exception:

Traceback (most recent call last):
  File "/home1/zrentala/.conda/envs/zrentala/lib/python3.11/site-packages/distributed/worker.py", line 2081, in gather_dep
    response = await get_data_from_worker(
               ^^^^^^^^^^^^^^^^^^^^^^^^^^^
  File "/home1/zrentala/.conda/envs/zrentala/lib/python3.11/site-packages/distributed/worker.py", line 2887, in get_data_from_worker
    response = await send_recv(
               ^^^^^^^^^^^^^^^^
  File "/home1/zrentala/.conda/envs/zrentala/lib/python3.11/site-packages/distributed/core.py", line 1018, in send_recv
    response = await comm.read(deserializers=deserializers)
               ^^^^^^^^^^^^^^^^^^^^^^^^^^^^^^^^^^^^^^^^^^^^
  File "/home1/zrentala/.conda/envs/zrentala/lib/python3.11/site-packages/distributed/comm/tcp.py", line 237, in read
    convert_stream_closed_error(self, e)
  File "/home1/zrentala/.conda/envs/zrentala/lib/python3.11/site-packages/distributed/comm/tcp.py", line 143, in convert_stream_closed_error
    raise CommClosedError(f"in {obj}: {exc.__class__.__name__}: {exc}") from exc
distributed.comm.core.CommClosedError: in <TCP (closed) Ephemeral Worker->Worker for gather local=tcp://192.168.86.140:53682 remote=tcp://192.168.86.117:42469>: BrokenPipeError: [Errno 32] Broken pipe
2026-01-14 23:35:43,261 - distributed.worker - ERROR - Worker stream died during communication: tcp://192.168.86.144:45123
Traceback (most recent call last):
  File "/home1/zrentala/.conda/envs/zrentala/lib/python3.11/site-packages/tornado/iostream.py", line 962, in _handle_write
    num_bytes = self.write_to_fd(self._write_buffer.peek(size))
                ^^^^^^^^^^^^^^^^^^^^^^^^^^^^^^^^^^^^^^^^^^^^^^^
  File "/home1/zrentala/.conda/envs/zrentala/lib/python3.11/site-packages/tornado/iostream.py", line 1121, in write_to_fd
    return self.socket.send(data)  # type: ignore
           ^^^^^^^^^^^^^^^^^^^^^^
BrokenPipeError: [Errno 32] Broken pipe

The above exception was the direct cause of the following exception:

Traceback (most recent call last):
  File "/home1/zrentala/.conda/envs/zrentala/lib/python3.11/site-packages/distributed/worker.py", line 2081, in gather_dep
    response = await get_data_from_worker(
               ^^^^^^^^^^^^^^^^^^^^^^^^^^^
  File "/home1/zrentala/.conda/envs/zrentala/lib/python3.11/site-packages/distributed/worker.py", line 2887, in get_data_from_worker
    response = await send_recv(
               ^^^^^^^^^^^^^^^^
  File "/home1/zrentala/.conda/envs/zrentala/lib/python3.11/site-packages/distributed/core.py", line 1018, in send_recv
    response = await comm.read(deserializers=deserializers)
               ^^^^^^^^^^^^^^^^^^^^^^^^^^^^^^^^^^^^^^^^^^^^
  File "/home1/zrentala/.conda/envs/zrentala/lib/python3.11/site-packages/distributed/comm/tcp.py", line 237, in read
    convert_stream_closed_error(self, e)
  File "/home1/zrentala/.conda/envs/zrentala/lib/python3.11/site-packages/distributed/comm/tcp.py", line 143, in convert_stream_closed_error
    raise CommClosedError(f"in {obj}: {exc.__class__.__name__}: {exc}") from exc
distributed.comm.core.CommClosedError: in <TCP (closed) Ephemeral Worker->Worker for gather local=tcp://192.168.86.140:58976 remote=tcp://192.168.86.144:45123>: BrokenPipeError: [Errno 32] Broken pipe
2026-01-14 23:35:43,303 - distributed.worker - ERROR - Worker stream died during communication: tcp://192.168.86.118:38467
Traceback (most recent call last):
  File "/home1/zrentala/.conda/envs/zrentala/lib/python3.11/site-packages/tornado/iostream.py", line 962, in _handle_write
    num_bytes = self.write_to_fd(self._write_buffer.peek(size))
                ^^^^^^^^^^^^^^^^^^^^^^^^^^^^^^^^^^^^^^^^^^^^^^^
  File "/home1/zrentala/.conda/envs/zrentala/lib/python3.11/site-packages/tornado/iostream.py", line 1121, in write_to_fd
    return self.socket.send(data)  # type: ignore
           ^^^^^^^^^^^^^^^^^^^^^^
BrokenPipeError: [Errno 32] Broken pipe

The above exception was the direct cause of the following exception:

Traceback (most recent call last):
  File "/home1/zrentala/.conda/envs/zrentala/lib/python3.11/site-packages/distributed/worker.py", line 2081, in gather_dep
    response = await get_data_from_worker(
               ^^^^^^^^^^^^^^^^^^^^^^^^^^^
  File "/home1/zrentala/.conda/envs/zrentala/lib/python3.11/site-packages/distributed/worker.py", line 2887, in get_data_from_worker
    response = await send_recv(
               ^^^^^^^^^^^^^^^^
  File "/home1/zrentala/.conda/envs/zrentala/lib/python3.11/site-packages/distributed/core.py", line 1018, in send_recv
    response = await comm.read(deserializers=deserializers)
               ^^^^^^^^^^^^^^^^^^^^^^^^^^^^^^^^^^^^^^^^^^^^
  File "/home1/zrentala/.conda/envs/zrentala/lib/python3.11/site-packages/distributed/comm/tcp.py", line 237, in read
    convert_stream_closed_error(self, e)
  File "/home1/zrentala/.conda/envs/zrentala/lib/python3.11/site-packages/distributed/comm/tcp.py", line 143, in convert_stream_closed_error
    raise CommClosedError(f"in {obj}: {exc.__class__.__name__}: {exc}") from exc
distributed.comm.core.CommClosedError: in <TCP (closed) Ephemeral Worker->Worker for gather local=tcp://192.168.86.140:45258 remote=tcp://192.168.86.118:38467>: BrokenPipeError: [Errno 32] Broken pipe
2026-01-14 23:35:43,344 - distributed.worker - ERROR - Worker stream died during communication: tcp://192.168.86.145:41264
Traceback (most recent call last):
  File "/home1/zrentala/.conda/envs/zrentala/lib/python3.11/site-packages/tornado/iostream.py", line 962, in _handle_write
    num_bytes = self.write_to_fd(self._write_buffer.peek(size))
                ^^^^^^^^^^^^^^^^^^^^^^^^^^^^^^^^^^^^^^^^^^^^^^^
  File "/home1/zrentala/.conda/envs/zrentala/lib/python3.11/site-packages/tornado/iostream.py", line 1121, in write_to_fd
    return self.socket.send(data)  # type: ignore
           ^^^^^^^^^^^^^^^^^^^^^^
BrokenPipeError: [Errno 32] Broken pipe

The above exception was the direct cause of the following exception:

Traceback (most recent call last):
  File "/home1/zrentala/.conda/envs/zrentala/lib/python3.11/site-packages/distributed/worker.py", line 2081, in gather_dep
    response = await get_data_from_worker(
               ^^^^^^^^^^^^^^^^^^^^^^^^^^^
  File "/home1/zrentala/.conda/envs/zrentala/lib/python3.11/site-packages/distributed/worker.py", line 2887, in get_data_from_worker
    response = await send_recv(
               ^^^^^^^^^^^^^^^^
  File "/home1/zrentala/.conda/envs/zrentala/lib/python3.11/site-packages/distributed/core.py", line 1018, in send_recv
    response = await comm.read(deserializers=deserializers)
               ^^^^^^^^^^^^^^^^^^^^^^^^^^^^^^^^^^^^^^^^^^^^
  File "/home1/zrentala/.conda/envs/zrentala/lib/python3.11/site-packages/distributed/comm/tcp.py", line 237, in read
    convert_stream_closed_error(self, e)
  File "/home1/zrentala/.conda/envs/zrentala/lib/python3.11/site-packages/distributed/comm/tcp.py", line 143, in convert_stream_closed_error
    raise CommClosedError(f"in {obj}: {exc.__class__.__name__}: {exc}") from exc
distributed.comm.core.CommClosedError: in <TCP (closed) Ephemeral Worker->Worker for gather local=tcp://192.168.86.140:35504 remote=tcp://192.168.86.145:41264>: BrokenPipeError: [Errno 32] Broken pipe
2026-01-14 23:35:43,386 - distributed.worker - ERROR - Worker stream died during communication: tcp://192.168.86.117:44430
Traceback (most recent call last):
  File "/home1/zrentala/.conda/envs/zrentala/lib/python3.11/site-packages/tornado/iostream.py", line 962, in _handle_write
    num_bytes = self.write_to_fd(self._write_buffer.peek(size))
                ^^^^^^^^^^^^^^^^^^^^^^^^^^^^^^^^^^^^^^^^^^^^^^^
  File "/home1/zrentala/.conda/envs/zrentala/lib/python3.11/site-packages/tornado/iostream.py", line 1121, in write_to_fd
    return self.socket.send(data)  # type: ignore
           ^^^^^^^^^^^^^^^^^^^^^^
BrokenPipeError: [Errno 32] Broken pipe

The above exception was the direct cause of the following exception:

Traceback (most recent call last):
  File "/home1/zrentala/.conda/envs/zrentala/lib/python3.11/site-packages/distributed/worker.py", line 2081, in gather_dep
    response = await get_data_from_worker(
               ^^^^^^^^^^^^^^^^^^^^^^^^^^^
  File "/home1/zrentala/.conda/envs/zrentala/lib/python3.11/site-packages/distributed/worker.py", line 2887, in get_data_from_worker
    response = await send_recv(
               ^^^^^^^^^^^^^^^^
  File "/home1/zrentala/.conda/envs/zrentala/lib/python3.11/site-packages/distributed/core.py", line 1018, in send_recv
    response = await comm.read(deserializers=deserializers)
               ^^^^^^^^^^^^^^^^^^^^^^^^^^^^^^^^^^^^^^^^^^^^
  File "/home1/zrentala/.conda/envs/zrentala/lib/python3.11/site-packages/distributed/comm/tcp.py", line 237, in read
    convert_stream_closed_error(self, e)
  File "/home1/zrentala/.conda/envs/zrentala/lib/python3.11/site-packages/distributed/comm/tcp.py", line 143, in convert_stream_closed_error
    raise CommClosedError(f"in {obj}: {exc.__class__.__name__}: {exc}") from exc
distributed.comm.core.CommClosedError: in <TCP (closed) Ephemeral Worker->Worker for gather local=tcp://192.168.86.140:43086 remote=tcp://192.168.86.117:44430>: BrokenPipeError: [Errno 32] Broken pipe
2026-01-14 23:35:43,428 - distributed.worker - ERROR - Worker stream died during communication: tcp://192.168.86.144:43623
Traceback (most recent call last):
  File "/home1/zrentala/.conda/envs/zrentala/lib/python3.11/site-packages/tornado/iostream.py", line 962, in _handle_write
    num_bytes = self.write_to_fd(self._write_buffer.peek(size))
                ^^^^^^^^^^^^^^^^^^^^^^^^^^^^^^^^^^^^^^^^^^^^^^^
  File "/home1/zrentala/.conda/envs/zrentala/lib/python3.11/site-packages/tornado/iostream.py", line 1121, in write_to_fd
    return self.socket.send(data)  # type: ignore
           ^^^^^^^^^^^^^^^^^^^^^^
BrokenPipeError: [Errno 32] Broken pipe

The above exception was the direct cause of the following exception:

Traceback (most recent call last):
  File "/home1/zrentala/.conda/envs/zrentala/lib/python3.11/site-packages/distributed/worker.py", line 2081, in gather_dep
    response = await get_data_from_worker(
               ^^^^^^^^^^^^^^^^^^^^^^^^^^^
  File "/home1/zrentala/.conda/envs/zrentala/lib/python3.11/site-packages/distributed/worker.py", line 2887, in get_data_from_worker
    response = await send_recv(
               ^^^^^^^^^^^^^^^^
  File "/home1/zrentala/.conda/envs/zrentala/lib/python3.11/site-packages/distributed/core.py", line 1018, in send_recv
    response = await comm.read(deserializers=deserializers)
               ^^^^^^^^^^^^^^^^^^^^^^^^^^^^^^^^^^^^^^^^^^^^
  File "/home1/zrentala/.conda/envs/zrentala/lib/python3.11/site-packages/distributed/comm/tcp.py", line 237, in read
    convert_stream_closed_error(self, e)
  File "/home1/zrentala/.conda/envs/zrentala/lib/python3.11/site-packages/distributed/comm/tcp.py", line 143, in convert_stream_closed_error
    raise CommClosedError(f"in {obj}: {exc.__class__.__name__}: {exc}") from exc
distributed.comm.core.CommClosedError: in <TCP (closed) Ephemeral Worker->Worker for gather local=tcp://192.168.86.140:36304 remote=tcp://192.168.86.144:43623>: BrokenPipeError: [Errno 32] Broken pipe
2026-01-14 23:35:43,475 - distributed.worker - ERROR - Worker stream died during communication: tcp://192.168.86.133:33086
Traceback (most recent call last):
  File "/home1/zrentala/.conda/envs/zrentala/lib/python3.11/site-packages/tornado/iostream.py", line 962, in _handle_write
    num_bytes = self.write_to_fd(self._write_buffer.peek(size))
                ^^^^^^^^^^^^^^^^^^^^^^^^^^^^^^^^^^^^^^^^^^^^^^^
  File "/home1/zrentala/.conda/envs/zrentala/lib/python3.11/site-packages/tornado/iostream.py", line 1121, in write_to_fd
    return self.socket.send(data)  # type: ignore
           ^^^^^^^^^^^^^^^^^^^^^^
BrokenPipeError: [Errno 32] Broken pipe

The above exception was the direct cause of the following exception:

Traceback (most recent call last):
  File "/home1/zrentala/.conda/envs/zrentala/lib/python3.11/site-packages/distributed/worker.py", line 2081, in gather_dep
    response = await get_data_from_worker(
               ^^^^^^^^^^^^^^^^^^^^^^^^^^^
  File "/home1/zrentala/.conda/envs/zrentala/lib/python3.11/site-packages/distributed/worker.py", line 2887, in get_data_from_worker
    response = await send_recv(
               ^^^^^^^^^^^^^^^^
  File "/home1/zrentala/.conda/envs/zrentala/lib/python3.11/site-packages/distributed/core.py", line 1018, in send_recv
    response = await comm.read(deserializers=deserializers)
               ^^^^^^^^^^^^^^^^^^^^^^^^^^^^^^^^^^^^^^^^^^^^
  File "/home1/zrentala/.conda/envs/zrentala/lib/python3.11/site-packages/distributed/comm/tcp.py", line 237, in read
    convert_stream_closed_error(self, e)
  File "/home1/zrentala/.conda/envs/zrentala/lib/python3.11/site-packages/distributed/comm/tcp.py", line 143, in convert_stream_closed_error
    raise CommClosedError(f"in {obj}: {exc.__class__.__name__}: {exc}") from exc
distributed.comm.core.CommClosedError: in <TCP (closed) Ephemeral Worker->Worker for gather local=tcp://192.168.86.140:60072 remote=tcp://192.168.86.133:33086>: BrokenPipeError: [Errno 32] Broken pipe
2026-01-14 23:35:43,516 - distributed.worker - ERROR - Worker stream died during communication: tcp://192.168.86.143:35819
Traceback (most recent call last):
  File "/home1/zrentala/.conda/envs/zrentala/lib/python3.11/site-packages/tornado/iostream.py", line 962, in _handle_write
    num_bytes = self.write_to_fd(self._write_buffer.peek(size))
                ^^^^^^^^^^^^^^^^^^^^^^^^^^^^^^^^^^^^^^^^^^^^^^^
  File "/home1/zrentala/.conda/envs/zrentala/lib/python3.11/site-packages/tornado/iostream.py", line 1121, in write_to_fd
    return self.socket.send(data)  # type: ignore
           ^^^^^^^^^^^^^^^^^^^^^^
BrokenPipeError: [Errno 32] Broken pipe

The above exception was the direct cause of the following exception:

Traceback (most recent call last):
  File "/home1/zrentala/.conda/envs/zrentala/lib/python3.11/site-packages/distributed/worker.py", line 2081, in gather_dep
    response = await get_data_from_worker(
               ^^^^^^^^^^^^^^^^^^^^^^^^^^^
  File "/home1/zrentala/.conda/envs/zrentala/lib/python3.11/site-packages/distributed/worker.py", line 2887, in get_data_from_worker
    response = await send_recv(
               ^^^^^^^^^^^^^^^^
  File "/home1/zrentala/.conda/envs/zrentala/lib/python3.11/site-packages/distributed/core.py", line 1018, in send_recv
    response = await comm.read(deserializers=deserializers)
               ^^^^^^^^^^^^^^^^^^^^^^^^^^^^^^^^^^^^^^^^^^^^
  File "/home1/zrentala/.conda/envs/zrentala/lib/python3.11/site-packages/distributed/comm/tcp.py", line 237, in read
    convert_stream_closed_error(self, e)
  File "/home1/zrentala/.conda/envs/zrentala/lib/python3.11/site-packages/distributed/comm/tcp.py", line 143, in convert_stream_closed_error
    raise CommClosedError(f"in {obj}: {exc.__class__.__name__}: {exc}") from exc
distributed.comm.core.CommClosedError: in <TCP (closed) Ephemeral Worker->Worker for gather local=tcp://192.168.86.140:59408 remote=tcp://192.168.86.143:35819>: BrokenPipeError: [Errno 32] Broken pipe
2026-01-14 23:35:43,558 - distributed.worker - ERROR - Worker stream died during communication: tcp://192.168.86.143:45552
Traceback (most recent call last):
  File "/home1/zrentala/.conda/envs/zrentala/lib/python3.11/site-packages/tornado/iostream.py", line 962, in _handle_write
    num_bytes = self.write_to_fd(self._write_buffer.peek(size))
                ^^^^^^^^^^^^^^^^^^^^^^^^^^^^^^^^^^^^^^^^^^^^^^^
  File "/home1/zrentala/.conda/envs/zrentala/lib/python3.11/site-packages/tornado/iostream.py", line 1121, in write_to_fd
    return self.socket.send(data)  # type: ignore
           ^^^^^^^^^^^^^^^^^^^^^^
BrokenPipeError: [Errno 32] Broken pipe

The above exception was the direct cause of the following exception:

Traceback (most recent call last):
  File "/home1/zrentala/.conda/envs/zrentala/lib/python3.11/site-packages/distributed/worker.py", line 2081, in gather_dep
    response = await get_data_from_worker(
               ^^^^^^^^^^^^^^^^^^^^^^^^^^^
  File "/home1/zrentala/.conda/envs/zrentala/lib/python3.11/site-packages/distributed/worker.py", line 2887, in get_data_from_worker
    response = await send_recv(
               ^^^^^^^^^^^^^^^^
  File "/home1/zrentala/.conda/envs/zrentala/lib/python3.11/site-packages/distributed/core.py", line 1018, in send_recv
    response = await comm.read(deserializers=deserializers)
               ^^^^^^^^^^^^^^^^^^^^^^^^^^^^^^^^^^^^^^^^^^^^
  File "/home1/zrentala/.conda/envs/zrentala/lib/python3.11/site-packages/distributed/comm/tcp.py", line 237, in read
    convert_stream_closed_error(self, e)
  File "/home1/zrentala/.conda/envs/zrentala/lib/python3.11/site-packages/distributed/comm/tcp.py", line 143, in convert_stream_closed_error
    raise CommClosedError(f"in {obj}: {exc.__class__.__name__}: {exc}") from exc
distributed.comm.core.CommClosedError: in <TCP (closed) Ephemeral Worker->Worker for gather local=tcp://192.168.86.140:34180 remote=tcp://192.168.86.143:45552>: BrokenPipeError: [Errno 32] Broken pipe
2026-01-14 23:35:43,600 - distributed.worker - ERROR - Worker stream died during communication: tcp://192.168.86.123:43939
Traceback (most recent call last):
  File "/home1/zrentala/.conda/envs/zrentala/lib/python3.11/site-packages/tornado/iostream.py", line 962, in _handle_write
    num_bytes = self.write_to_fd(self._write_buffer.peek(size))
                ^^^^^^^^^^^^^^^^^^^^^^^^^^^^^^^^^^^^^^^^^^^^^^^
  File "/home1/zrentala/.conda/envs/zrentala/lib/python3.11/site-packages/tornado/iostream.py", line 1121, in write_to_fd
    return self.socket.send(data)  # type: ignore
           ^^^^^^^^^^^^^^^^^^^^^^
BrokenPipeError: [Errno 32] Broken pipe

The above exception was the direct cause of the following exception:

Traceback (most recent call last):
  File "/home1/zrentala/.conda/envs/zrentala/lib/python3.11/site-packages/distributed/worker.py", line 2081, in gather_dep
    response = await get_data_from_worker(
               ^^^^^^^^^^^^^^^^^^^^^^^^^^^
  File "/home1/zrentala/.conda/envs/zrentala/lib/python3.11/site-packages/distributed/worker.py", line 2887, in get_data_from_worker
    response = await send_recv(
               ^^^^^^^^^^^^^^^^
  File "/home1/zrentala/.conda/envs/zrentala/lib/python3.11/site-packages/distributed/core.py", line 1018, in send_recv
    response = await comm.read(deserializers=deserializers)
               ^^^^^^^^^^^^^^^^^^^^^^^^^^^^^^^^^^^^^^^^^^^^
  File "/home1/zrentala/.conda/envs/zrentala/lib/python3.11/site-packages/distributed/comm/tcp.py", line 237, in read
    convert_stream_closed_error(self, e)
  File "/home1/zrentala/.conda/envs/zrentala/lib/python3.11/site-packages/distributed/comm/tcp.py", line 143, in convert_stream_closed_error
    raise CommClosedError(f"in {obj}: {exc.__class__.__name__}: {exc}") from exc
distributed.comm.core.CommClosedError: in <TCP (closed) Ephemeral Worker->Worker for gather local=tcp://192.168.86.140:47468 remote=tcp://192.168.86.123:43939>: BrokenPipeError: [Errno 32] Broken pipe
2026-01-14 23:35:43,646 - distributed.worker - ERROR - Worker stream died during communication: tcp://192.168.86.144:41309
Traceback (most recent call last):
  File "/home1/zrentala/.conda/envs/zrentala/lib/python3.11/site-packages/tornado/iostream.py", line 962, in _handle_write
    num_bytes = self.write_to_fd(self._write_buffer.peek(size))
                ^^^^^^^^^^^^^^^^^^^^^^^^^^^^^^^^^^^^^^^^^^^^^^^
  File "/home1/zrentala/.conda/envs/zrentala/lib/python3.11/site-packages/tornado/iostream.py", line 1121, in write_to_fd
    return self.socket.send(data)  # type: ignore
           ^^^^^^^^^^^^^^^^^^^^^^
BrokenPipeError: [Errno 32] Broken pipe

The above exception was the direct cause of the following exception:

Traceback (most recent call last):
  File "/home1/zrentala/.conda/envs/zrentala/lib/python3.11/site-packages/distributed/worker.py", line 2081, in gather_dep
    response = await get_data_from_worker(
               ^^^^^^^^^^^^^^^^^^^^^^^^^^^
  File "/home1/zrentala/.conda/envs/zrentala/lib/python3.11/site-packages/distributed/worker.py", line 2887, in get_data_from_worker
    response = await send_recv(
               ^^^^^^^^^^^^^^^^
  File "/home1/zrentala/.conda/envs/zrentala/lib/python3.11/site-packages/distributed/core.py", line 1018, in send_recv
    response = await comm.read(deserializers=deserializers)
               ^^^^^^^^^^^^^^^^^^^^^^^^^^^^^^^^^^^^^^^^^^^^
  File "/home1/zrentala/.conda/envs/zrentala/lib/python3.11/site-packages/distributed/comm/tcp.py", line 237, in read
    convert_stream_closed_error(self, e)
  File "/home1/zrentala/.conda/envs/zrentala/lib/python3.11/site-packages/distributed/comm/tcp.py", line 143, in convert_stream_closed_error
    raise CommClosedError(f"in {obj}: {exc.__class__.__name__}: {exc}") from exc
distributed.comm.core.CommClosedError: in <TCP (closed) Ephemeral Worker->Worker for gather local=tcp://192.168.86.140:55002 remote=tcp://192.168.86.144:41309>: BrokenPipeError: [Errno 32] Broken pipe
2026-01-14 23:35:43,688 - distributed.worker - ERROR - Worker stream died during communication: tcp://192.168.86.124:42387
Traceback (most recent call last):
  File "/home1/zrentala/.conda/envs/zrentala/lib/python3.11/site-packages/tornado/iostream.py", line 962, in _handle_write
    num_bytes = self.write_to_fd(self._write_buffer.peek(size))
                ^^^^^^^^^^^^^^^^^^^^^^^^^^^^^^^^^^^^^^^^^^^^^^^
  File "/home1/zrentala/.conda/envs/zrentala/lib/python3.11/site-packages/tornado/iostream.py", line 1121, in write_to_fd
    return self.socket.send(data)  # type: ignore
           ^^^^^^^^^^^^^^^^^^^^^^
BrokenPipeError: [Errno 32] Broken pipe

The above exception was the direct cause of the following exception:

Traceback (most recent call last):
  File "/home1/zrentala/.conda/envs/zrentala/lib/python3.11/site-packages/distributed/worker.py", line 2081, in gather_dep
    response = await get_data_from_worker(
               ^^^^^^^^^^^^^^^^^^^^^^^^^^^
  File "/home1/zrentala/.conda/envs/zrentala/lib/python3.11/site-packages/distributed/worker.py", line 2887, in get_data_from_worker
    response = await send_recv(
               ^^^^^^^^^^^^^^^^
  File "/home1/zrentala/.conda/envs/zrentala/lib/python3.11/site-packages/distributed/core.py", line 1018, in send_recv
    response = await comm.read(deserializers=deserializers)
               ^^^^^^^^^^^^^^^^^^^^^^^^^^^^^^^^^^^^^^^^^^^^
  File "/home1/zrentala/.conda/envs/zrentala/lib/python3.11/site-packages/distributed/comm/tcp.py", line 237, in read
    convert_stream_closed_error(self, e)
  File "/home1/zrentala/.conda/envs/zrentala/lib/python3.11/site-packages/distributed/comm/tcp.py", line 143, in convert_stream_closed_error
    raise CommClosedError(f"in {obj}: {exc.__class__.__name__}: {exc}") from exc
distributed.comm.core.CommClosedError: in <TCP (closed) Ephemeral Worker->Worker for gather local=tcp://192.168.86.140:39770 remote=tcp://192.168.86.124:42387>: BrokenPipeError: [Errno 32] Broken pipe
2026-01-14 23:35:43,735 - distributed.worker - ERROR - Worker stream died during communication: tcp://192.168.86.134:45683
Traceback (most recent call last):
  File "/home1/zrentala/.conda/envs/zrentala/lib/python3.11/site-packages/tornado/iostream.py", line 962, in _handle_write
    num_bytes = self.write_to_fd(self._write_buffer.peek(size))
                ^^^^^^^^^^^^^^^^^^^^^^^^^^^^^^^^^^^^^^^^^^^^^^^
  File "/home1/zrentala/.conda/envs/zrentala/lib/python3.11/site-packages/tornado/iostream.py", line 1121, in write_to_fd
    return self.socket.send(data)  # type: ignore
           ^^^^^^^^^^^^^^^^^^^^^^
BrokenPipeError: [Errno 32] Broken pipe

The above exception was the direct cause of the following exception:

Traceback (most recent call last):
  File "/home1/zrentala/.conda/envs/zrentala/lib/python3.11/site-packages/distributed/worker.py", line 2081, in gather_dep
    response = await get_data_from_worker(
               ^^^^^^^^^^^^^^^^^^^^^^^^^^^
  File "/home1/zrentala/.conda/envs/zrentala/lib/python3.11/site-packages/distributed/worker.py", line 2887, in get_data_from_worker
    response = await send_recv(
               ^^^^^^^^^^^^^^^^
  File "/home1/zrentala/.conda/envs/zrentala/lib/python3.11/site-packages/distributed/core.py", line 1018, in send_recv
    response = await comm.read(deserializers=deserializers)
               ^^^^^^^^^^^^^^^^^^^^^^^^^^^^^^^^^^^^^^^^^^^^
  File "/home1/zrentala/.conda/envs/zrentala/lib/python3.11/site-packages/distributed/comm/tcp.py", line 237, in read
    convert_stream_closed_error(self, e)
  File "/home1/zrentala/.conda/envs/zrentala/lib/python3.11/site-packages/distributed/comm/tcp.py", line 143, in convert_stream_closed_error
    raise CommClosedError(f"in {obj}: {exc.__class__.__name__}: {exc}") from exc
distributed.comm.core.CommClosedError: in <TCP (closed) Ephemeral Worker->Worker for gather local=tcp://192.168.86.140:51558 remote=tcp://192.168.86.134:45683>: BrokenPipeError: [Errno 32] Broken pipe
2026-01-14 23:35:43,776 - distributed.worker - ERROR - Worker stream died during communication: tcp://192.168.86.120:45529
Traceback (most recent call last):
  File "/home1/zrentala/.conda/envs/zrentala/lib/python3.11/site-packages/tornado/iostream.py", line 962, in _handle_write
    num_bytes = self.write_to_fd(self._write_buffer.peek(size))
                ^^^^^^^^^^^^^^^^^^^^^^^^^^^^^^^^^^^^^^^^^^^^^^^
  File "/home1/zrentala/.conda/envs/zrentala/lib/python3.11/site-packages/tornado/iostream.py", line 1121, in write_to_fd
    return self.socket.send(data)  # type: ignore
           ^^^^^^^^^^^^^^^^^^^^^^
BrokenPipeError: [Errno 32] Broken pipe

The above exception was the direct cause of the following exception:

Traceback (most recent call last):
  File "/home1/zrentala/.conda/envs/zrentala/lib/python3.11/site-packages/distributed/worker.py", line 2081, in gather_dep
    response = await get_data_from_worker(
               ^^^^^^^^^^^^^^^^^^^^^^^^^^^
  File "/home1/zrentala/.conda/envs/zrentala/lib/python3.11/site-packages/distributed/worker.py", line 2887, in get_data_from_worker
    response = await send_recv(
               ^^^^^^^^^^^^^^^^
  File "/home1/zrentala/.conda/envs/zrentala/lib/python3.11/site-packages/distributed/core.py", line 1018, in send_recv
    response = await comm.read(deserializers=deserializers)
               ^^^^^^^^^^^^^^^^^^^^^^^^^^^^^^^^^^^^^^^^^^^^
  File "/home1/zrentala/.conda/envs/zrentala/lib/python3.11/site-packages/distributed/comm/tcp.py", line 237, in read
    convert_stream_closed_error(self, e)
  File "/home1/zrentala/.conda/envs/zrentala/lib/python3.11/site-packages/distributed/comm/tcp.py", line 143, in convert_stream_closed_error
    raise CommClosedError(f"in {obj}: {exc.__class__.__name__}: {exc}") from exc
distributed.comm.core.CommClosedError: in <TCP (closed) Ephemeral Worker->Worker for gather local=tcp://192.168.86.140:36806 remote=tcp://192.168.86.120:45529>: BrokenPipeError: [Errno 32] Broken pipe
2026-01-14 23:35:43,818 - distributed.worker - ERROR - Worker stream died during communication: tcp://192.168.86.134:38212
Traceback (most recent call last):
  File "/home1/zrentala/.conda/envs/zrentala/lib/python3.11/site-packages/tornado/iostream.py", line 962, in _handle_write
    num_bytes = self.write_to_fd(self._write_buffer.peek(size))
                ^^^^^^^^^^^^^^^^^^^^^^^^^^^^^^^^^^^^^^^^^^^^^^^
  File "/home1/zrentala/.conda/envs/zrentala/lib/python3.11/site-packages/tornado/iostream.py", line 1121, in write_to_fd
    return self.socket.send(data)  # type: ignore
           ^^^^^^^^^^^^^^^^^^^^^^
BrokenPipeError: [Errno 32] Broken pipe

The above exception was the direct cause of the following exception:

Traceback (most recent call last):
  File "/home1/zrentala/.conda/envs/zrentala/lib/python3.11/site-packages/distributed/worker.py", line 2081, in gather_dep
    response = await get_data_from_worker(
               ^^^^^^^^^^^^^^^^^^^^^^^^^^^
  File "/home1/zrentala/.conda/envs/zrentala/lib/python3.11/site-packages/distributed/worker.py", line 2887, in get_data_from_worker
    response = await send_recv(
               ^^^^^^^^^^^^^^^^
  File "/home1/zrentala/.conda/envs/zrentala/lib/python3.11/site-packages/distributed/core.py", line 1018, in send_recv
    response = await comm.read(deserializers=deserializers)
               ^^^^^^^^^^^^^^^^^^^^^^^^^^^^^^^^^^^^^^^^^^^^
  File "/home1/zrentala/.conda/envs/zrentala/lib/python3.11/site-packages/distributed/comm/tcp.py", line 237, in read
    convert_stream_closed_error(self, e)
  File "/home1/zrentala/.conda/envs/zrentala/lib/python3.11/site-packages/distributed/comm/tcp.py", line 143, in convert_stream_closed_error
    raise CommClosedError(f"in {obj}: {exc.__class__.__name__}: {exc}") from exc
distributed.comm.core.CommClosedError: in <TCP (closed) Ephemeral Worker->Worker for gather local=tcp://192.168.86.140:59060 remote=tcp://192.168.86.134:38212>: BrokenPipeError: [Errno 32] Broken pipe
2026-01-14 23:35:43,860 - distributed.worker - ERROR - Worker stream died during communication: tcp://192.168.86.119:43024
Traceback (most recent call last):
  File "/home1/zrentala/.conda/envs/zrentala/lib/python3.11/site-packages/tornado/iostream.py", line 962, in _handle_write
    num_bytes = self.write_to_fd(self._write_buffer.peek(size))
                ^^^^^^^^^^^^^^^^^^^^^^^^^^^^^^^^^^^^^^^^^^^^^^^
  File "/home1/zrentala/.conda/envs/zrentala/lib/python3.11/site-packages/tornado/iostream.py", line 1121, in write_to_fd
    return self.socket.send(data)  # type: ignore
           ^^^^^^^^^^^^^^^^^^^^^^
BrokenPipeError: [Errno 32] Broken pipe

The above exception was the direct cause of the following exception:

Traceback (most recent call last):
  File "/home1/zrentala/.conda/envs/zrentala/lib/python3.11/site-packages/distributed/worker.py", line 2081, in gather_dep
    response = await get_data_from_worker(
               ^^^^^^^^^^^^^^^^^^^^^^^^^^^
  File "/home1/zrentala/.conda/envs/zrentala/lib/python3.11/site-packages/distributed/worker.py", line 2887, in get_data_from_worker
    response = await send_recv(
               ^^^^^^^^^^^^^^^^
  File "/home1/zrentala/.conda/envs/zrentala/lib/python3.11/site-packages/distributed/core.py", line 1018, in send_recv
    response = await comm.read(deserializers=deserializers)
               ^^^^^^^^^^^^^^^^^^^^^^^^^^^^^^^^^^^^^^^^^^^^
  File "/home1/zrentala/.conda/envs/zrentala/lib/python3.11/site-packages/distributed/comm/tcp.py", line 237, in read
    convert_stream_closed_error(self, e)
  File "/home1/zrentala/.conda/envs/zrentala/lib/python3.11/site-packages/distributed/comm/tcp.py", line 143, in convert_stream_closed_error
    raise CommClosedError(f"in {obj}: {exc.__class__.__name__}: {exc}") from exc
distributed.comm.core.CommClosedError: in <TCP (closed) Ephemeral Worker->Worker for gather local=tcp://192.168.86.140:33542 remote=tcp://192.168.86.119:43024>: BrokenPipeError: [Errno 32] Broken pipe
2026-01-14 23:35:43,901 - distributed.worker - ERROR - Worker stream died during communication: tcp://192.168.86.145:34303
Traceback (most recent call last):
  File "/home1/zrentala/.conda/envs/zrentala/lib/python3.11/site-packages/tornado/iostream.py", line 962, in _handle_write
    num_bytes = self.write_to_fd(self._write_buffer.peek(size))
                ^^^^^^^^^^^^^^^^^^^^^^^^^^^^^^^^^^^^^^^^^^^^^^^
  File "/home1/zrentala/.conda/envs/zrentala/lib/python3.11/site-packages/tornado/iostream.py", line 1121, in write_to_fd
    return self.socket.send(data)  # type: ignore
           ^^^^^^^^^^^^^^^^^^^^^^
BrokenPipeError: [Errno 32] Broken pipe

The above exception was the direct cause of the following exception:

Traceback (most recent call last):
  File "/home1/zrentala/.conda/envs/zrentala/lib/python3.11/site-packages/distributed/worker.py", line 2081, in gather_dep
    response = await get_data_from_worker(
               ^^^^^^^^^^^^^^^^^^^^^^^^^^^
  File "/home1/zrentala/.conda/envs/zrentala/lib/python3.11/site-packages/distributed/worker.py", line 2887, in get_data_from_worker
    response = await send_recv(
               ^^^^^^^^^^^^^^^^
  File "/home1/zrentala/.conda/envs/zrentala/lib/python3.11/site-packages/distributed/core.py", line 1018, in send_recv
    response = await comm.read(deserializers=deserializers)
               ^^^^^^^^^^^^^^^^^^^^^^^^^^^^^^^^^^^^^^^^^^^^
  File "/home1/zrentala/.conda/envs/zrentala/lib/python3.11/site-packages/distributed/comm/tcp.py", line 237, in read
    convert_stream_closed_error(self, e)
  File "/home1/zrentala/.conda/envs/zrentala/lib/python3.11/site-packages/distributed/comm/tcp.py", line 143, in convert_stream_closed_error
    raise CommClosedError(f"in {obj}: {exc.__class__.__name__}: {exc}") from exc
distributed.comm.core.CommClosedError: in <TCP (closed) Ephemeral Worker->Worker for gather local=tcp://192.168.86.140:48518 remote=tcp://192.168.86.145:34303>: BrokenPipeError: [Errno 32] Broken pipe
2026-01-14 23:35:43,943 - distributed.worker - ERROR - Worker stream died during communication: tcp://192.168.86.137:37838
Traceback (most recent call last):
  File "/home1/zrentala/.conda/envs/zrentala/lib/python3.11/site-packages/tornado/iostream.py", line 962, in _handle_write
    num_bytes = self.write_to_fd(self._write_buffer.peek(size))
                ^^^^^^^^^^^^^^^^^^^^^^^^^^^^^^^^^^^^^^^^^^^^^^^
  File "/home1/zrentala/.conda/envs/zrentala/lib/python3.11/site-packages/tornado/iostream.py", line 1121, in write_to_fd
    return self.socket.send(data)  # type: ignore
           ^^^^^^^^^^^^^^^^^^^^^^
BrokenPipeError: [Errno 32] Broken pipe

The above exception was the direct cause of the following exception:

Traceback (most recent call last):
  File "/home1/zrentala/.conda/envs/zrentala/lib/python3.11/site-packages/distributed/worker.py", line 2081, in gather_dep
    response = await get_data_from_worker(
               ^^^^^^^^^^^^^^^^^^^^^^^^^^^
  File "/home1/zrentala/.conda/envs/zrentala/lib/python3.11/site-packages/distributed/worker.py", line 2887, in get_data_from_worker
    response = await send_recv(
               ^^^^^^^^^^^^^^^^
  File "/home1/zrentala/.conda/envs/zrentala/lib/python3.11/site-packages/distributed/core.py", line 1018, in send_recv
    response = await comm.read(deserializers=deserializers)
               ^^^^^^^^^^^^^^^^^^^^^^^^^^^^^^^^^^^^^^^^^^^^
  File "/home1/zrentala/.conda/envs/zrentala/lib/python3.11/site-packages/distributed/comm/tcp.py", line 237, in read
    convert_stream_closed_error(self, e)
  File "/home1/zrentala/.conda/envs/zrentala/lib/python3.11/site-packages/distributed/comm/tcp.py", line 143, in convert_stream_closed_error
    raise CommClosedError(f"in {obj}: {exc.__class__.__name__}: {exc}") from exc
distributed.comm.core.CommClosedError: in <TCP (closed) Ephemeral Worker->Worker for gather local=tcp://192.168.86.140:56462 remote=tcp://192.168.86.137:37838>: BrokenPipeError: [Errno 32] Broken pipe
2026-01-14 23:35:43,985 - distributed.worker - ERROR - Worker stream died during communication: tcp://192.168.86.137:42440
Traceback (most recent call last):
  File "/home1/zrentala/.conda/envs/zrentala/lib/python3.11/site-packages/tornado/iostream.py", line 962, in _handle_write
    num_bytes = self.write_to_fd(self._write_buffer.peek(size))
                ^^^^^^^^^^^^^^^^^^^^^^^^^^^^^^^^^^^^^^^^^^^^^^^
  File "/home1/zrentala/.conda/envs/zrentala/lib/python3.11/site-packages/tornado/iostream.py", line 1121, in write_to_fd
    return self.socket.send(data)  # type: ignore
           ^^^^^^^^^^^^^^^^^^^^^^
BrokenPipeError: [Errno 32] Broken pipe

The above exception was the direct cause of the following exception:

Traceback (most recent call last):
  File "/home1/zrentala/.conda/envs/zrentala/lib/python3.11/site-packages/distributed/worker.py", line 2081, in gather_dep
    response = await get_data_from_worker(
               ^^^^^^^^^^^^^^^^^^^^^^^^^^^
  File "/home1/zrentala/.conda/envs/zrentala/lib/python3.11/site-packages/distributed/worker.py", line 2887, in get_data_from_worker
    response = await send_recv(
               ^^^^^^^^^^^^^^^^
  File "/home1/zrentala/.conda/envs/zrentala/lib/python3.11/site-packages/distributed/core.py", line 1018, in send_recv
    response = await comm.read(deserializers=deserializers)
               ^^^^^^^^^^^^^^^^^^^^^^^^^^^^^^^^^^^^^^^^^^^^
  File "/home1/zrentala/.conda/envs/zrentala/lib/python3.11/site-packages/distributed/comm/tcp.py", line 237, in read
    convert_stream_closed_error(self, e)
  File "/home1/zrentala/.conda/envs/zrentala/lib/python3.11/site-packages/distributed/comm/tcp.py", line 143, in convert_stream_closed_error
    raise CommClosedError(f"in {obj}: {exc.__class__.__name__}: {exc}") from exc
distributed.comm.core.CommClosedError: in <TCP (closed) Ephemeral Worker->Worker for gather local=tcp://192.168.86.140:44956 remote=tcp://192.168.86.137:42440>: BrokenPipeError: [Errno 32] Broken pipe
2026-01-14 23:35:44,027 - distributed.worker - ERROR - Worker stream died during communication: tcp://192.168.86.133:36873
Traceback (most recent call last):
  File "/home1/zrentala/.conda/envs/zrentala/lib/python3.11/site-packages/tornado/iostream.py", line 962, in _handle_write
    num_bytes = self.write_to_fd(self._write_buffer.peek(size))
                ^^^^^^^^^^^^^^^^^^^^^^^^^^^^^^^^^^^^^^^^^^^^^^^
  File "/home1/zrentala/.conda/envs/zrentala/lib/python3.11/site-packages/tornado/iostream.py", line 1121, in write_to_fd
    return self.socket.send(data)  # type: ignore
           ^^^^^^^^^^^^^^^^^^^^^^
BrokenPipeError: [Errno 32] Broken pipe

The above exception was the direct cause of the following exception:

Traceback (most recent call last):
  File "/home1/zrentala/.conda/envs/zrentala/lib/python3.11/site-packages/distributed/worker.py", line 2081, in gather_dep
    response = await get_data_from_worker(
               ^^^^^^^^^^^^^^^^^^^^^^^^^^^
  File "/home1/zrentala/.conda/envs/zrentala/lib/python3.11/site-packages/distributed/worker.py", line 2887, in get_data_from_worker
    response = await send_recv(
               ^^^^^^^^^^^^^^^^
  File "/home1/zrentala/.conda/envs/zrentala/lib/python3.11/site-packages/distributed/core.py", line 1018, in send_recv
    response = await comm.read(deserializers=deserializers)
               ^^^^^^^^^^^^^^^^^^^^^^^^^^^^^^^^^^^^^^^^^^^^
  File "/home1/zrentala/.conda/envs/zrentala/lib/python3.11/site-packages/distributed/comm/tcp.py", line 237, in read
    convert_stream_closed_error(self, e)
  File "/home1/zrentala/.conda/envs/zrentala/lib/python3.11/site-packages/distributed/comm/tcp.py", line 143, in convert_stream_closed_error
    raise CommClosedError(f"in {obj}: {exc.__class__.__name__}: {exc}") from exc
distributed.comm.core.CommClosedError: in <TCP (closed) Ephemeral Worker->Worker for gather local=tcp://192.168.86.140:35934 remote=tcp://192.168.86.133:36873>: BrokenPipeError: [Errno 32] Broken pipe
2026-01-14 23:35:44,068 - distributed.worker - ERROR - Worker stream died during communication: tcp://192.168.86.135:38579
Traceback (most recent call last):
  File "/home1/zrentala/.conda/envs/zrentala/lib/python3.11/site-packages/tornado/iostream.py", line 962, in _handle_write
    num_bytes = self.write_to_fd(self._write_buffer.peek(size))
                ^^^^^^^^^^^^^^^^^^^^^^^^^^^^^^^^^^^^^^^^^^^^^^^
  File "/home1/zrentala/.conda/envs/zrentala/lib/python3.11/site-packages/tornado/iostream.py", line 1121, in write_to_fd
    return self.socket.send(data)  # type: ignore
           ^^^^^^^^^^^^^^^^^^^^^^
BrokenPipeError: [Errno 32] Broken pipe

The above exception was the direct cause of the following exception:

Traceback (most recent call last):
  File "/home1/zrentala/.conda/envs/zrentala/lib/python3.11/site-packages/distributed/worker.py", line 2081, in gather_dep
    response = await get_data_from_worker(
               ^^^^^^^^^^^^^^^^^^^^^^^^^^^
  File "/home1/zrentala/.conda/envs/zrentala/lib/python3.11/site-packages/distributed/worker.py", line 2887, in get_data_from_worker
    response = await send_recv(
               ^^^^^^^^^^^^^^^^
  File "/home1/zrentala/.conda/envs/zrentala/lib/python3.11/site-packages/distributed/core.py", line 1018, in send_recv
    response = await comm.read(deserializers=deserializers)
               ^^^^^^^^^^^^^^^^^^^^^^^^^^^^^^^^^^^^^^^^^^^^
  File "/home1/zrentala/.conda/envs/zrentala/lib/python3.11/site-packages/distributed/comm/tcp.py", line 237, in read
    convert_stream_closed_error(self, e)
  File "/home1/zrentala/.conda/envs/zrentala/lib/python3.11/site-packages/distributed/comm/tcp.py", line 143, in convert_stream_closed_error
    raise CommClosedError(f"in {obj}: {exc.__class__.__name__}: {exc}") from exc
distributed.comm.core.CommClosedError: in <TCP (closed) Ephemeral Worker->Worker for gather local=tcp://192.168.86.140:41594 remote=tcp://192.168.86.135:38579>: BrokenPipeError: [Errno 32] Broken pipe
2026-01-14 23:35:44,110 - distributed.worker - ERROR - Worker stream died during communication: tcp://192.168.86.134:34419
Traceback (most recent call last):
  File "/home1/zrentala/.conda/envs/zrentala/lib/python3.11/site-packages/tornado/iostream.py", line 962, in _handle_write
    num_bytes = self.write_to_fd(self._write_buffer.peek(size))
                ^^^^^^^^^^^^^^^^^^^^^^^^^^^^^^^^^^^^^^^^^^^^^^^
  File "/home1/zrentala/.conda/envs/zrentala/lib/python3.11/site-packages/tornado/iostream.py", line 1121, in write_to_fd
    return self.socket.send(data)  # type: ignore
           ^^^^^^^^^^^^^^^^^^^^^^
BrokenPipeError: [Errno 32] Broken pipe

The above exception was the direct cause of the following exception:

Traceback (most recent call last):
  File "/home1/zrentala/.conda/envs/zrentala/lib/python3.11/site-packages/distributed/worker.py", line 2081, in gather_dep
    response = await get_data_from_worker(
               ^^^^^^^^^^^^^^^^^^^^^^^^^^^
  File "/home1/zrentala/.conda/envs/zrentala/lib/python3.11/site-packages/distributed/worker.py", line 2887, in get_data_from_worker
    response = await send_recv(
               ^^^^^^^^^^^^^^^^
  File "/home1/zrentala/.conda/envs/zrentala/lib/python3.11/site-packages/distributed/core.py", line 1018, in send_recv
    response = await comm.read(deserializers=deserializers)
               ^^^^^^^^^^^^^^^^^^^^^^^^^^^^^^^^^^^^^^^^^^^^
  File "/home1/zrentala/.conda/envs/zrentala/lib/python3.11/site-packages/distributed/comm/tcp.py", line 237, in read
    convert_stream_closed_error(self, e)
  File "/home1/zrentala/.conda/envs/zrentala/lib/python3.11/site-packages/distributed/comm/tcp.py", line 143, in convert_stream_closed_error
    raise CommClosedError(f"in {obj}: {exc.__class__.__name__}: {exc}") from exc
distributed.comm.core.CommClosedError: in <TCP (closed) Ephemeral Worker->Worker for gather local=tcp://192.168.86.140:39186 remote=tcp://192.168.86.134:34419>: BrokenPipeError: [Errno 32] Broken pipe
2026-01-14 23:35:44,152 - distributed.worker - ERROR - Worker stream died during communication: tcp://192.168.86.133:46146
Traceback (most recent call last):
  File "/home1/zrentala/.conda/envs/zrentala/lib/python3.11/site-packages/tornado/iostream.py", line 962, in _handle_write
    num_bytes = self.write_to_fd(self._write_buffer.peek(size))
                ^^^^^^^^^^^^^^^^^^^^^^^^^^^^^^^^^^^^^^^^^^^^^^^
  File "/home1/zrentala/.conda/envs/zrentala/lib/python3.11/site-packages/tornado/iostream.py", line 1121, in write_to_fd
    return self.socket.send(data)  # type: ignore
           ^^^^^^^^^^^^^^^^^^^^^^
BrokenPipeError: [Errno 32] Broken pipe

The above exception was the direct cause of the following exception:

Traceback (most recent call last):
  File "/home1/zrentala/.conda/envs/zrentala/lib/python3.11/site-packages/distributed/worker.py", line 2081, in gather_dep
    response = await get_data_from_worker(
               ^^^^^^^^^^^^^^^^^^^^^^^^^^^
  File "/home1/zrentala/.conda/envs/zrentala/lib/python3.11/site-packages/distributed/worker.py", line 2887, in get_data_from_worker
    response = await send_recv(
               ^^^^^^^^^^^^^^^^
  File "/home1/zrentala/.conda/envs/zrentala/lib/python3.11/site-packages/distributed/core.py", line 1018, in send_recv
    response = await comm.read(deserializers=deserializers)
               ^^^^^^^^^^^^^^^^^^^^^^^^^^^^^^^^^^^^^^^^^^^^
  File "/home1/zrentala/.conda/envs/zrentala/lib/python3.11/site-packages/distributed/comm/tcp.py", line 237, in read
    convert_stream_closed_error(self, e)
  File "/home1/zrentala/.conda/envs/zrentala/lib/python3.11/site-packages/distributed/comm/tcp.py", line 143, in convert_stream_closed_error
    raise CommClosedError(f"in {obj}: {exc.__class__.__name__}: {exc}") from exc
distributed.comm.core.CommClosedError: in <TCP (closed) Ephemeral Worker->Worker for gather local=tcp://192.168.86.140:49300 remote=tcp://192.168.86.133:46146>: BrokenPipeError: [Errno 32] Broken pipe
2026-01-14 23:35:44,193 - distributed.worker - ERROR - Worker stream died during communication: tcp://192.168.86.125:42844
Traceback (most recent call last):
  File "/home1/zrentala/.conda/envs/zrentala/lib/python3.11/site-packages/tornado/iostream.py", line 962, in _handle_write
    num_bytes = self.write_to_fd(self._write_buffer.peek(size))
                ^^^^^^^^^^^^^^^^^^^^^^^^^^^^^^^^^^^^^^^^^^^^^^^
  File "/home1/zrentala/.conda/envs/zrentala/lib/python3.11/site-packages/tornado/iostream.py", line 1121, in write_to_fd
    return self.socket.send(data)  # type: ignore
           ^^^^^^^^^^^^^^^^^^^^^^
BrokenPipeError: [Errno 32] Broken pipe

The above exception was the direct cause of the following exception:

Traceback (most recent call last):
  File "/home1/zrentala/.conda/envs/zrentala/lib/python3.11/site-packages/distributed/worker.py", line 2081, in gather_dep
    response = await get_data_from_worker(
               ^^^^^^^^^^^^^^^^^^^^^^^^^^^
  File "/home1/zrentala/.conda/envs/zrentala/lib/python3.11/site-packages/distributed/worker.py", line 2887, in get_data_from_worker
    response = await send_recv(
               ^^^^^^^^^^^^^^^^
  File "/home1/zrentala/.conda/envs/zrentala/lib/python3.11/site-packages/distributed/core.py", line 1018, in send_recv
    response = await comm.read(deserializers=deserializers)
               ^^^^^^^^^^^^^^^^^^^^^^^^^^^^^^^^^^^^^^^^^^^^
  File "/home1/zrentala/.conda/envs/zrentala/lib/python3.11/site-packages/distributed/comm/tcp.py", line 237, in read
    convert_stream_closed_error(self, e)
  File "/home1/zrentala/.conda/envs/zrentala/lib/python3.11/site-packages/distributed/comm/tcp.py", line 143, in convert_stream_closed_error
    raise CommClosedError(f"in {obj}: {exc.__class__.__name__}: {exc}") from exc
distributed.comm.core.CommClosedError: in <TCP (closed) Ephemeral Worker->Worker for gather local=tcp://192.168.86.140:44284 remote=tcp://192.168.86.125:42844>: BrokenPipeError: [Errno 32] Broken pipe
2026-01-14 23:35:44,235 - distributed.worker - ERROR - Worker stream died during communication: tcp://192.168.86.135:42484
Traceback (most recent call last):
  File "/home1/zrentala/.conda/envs/zrentala/lib/python3.11/site-packages/tornado/iostream.py", line 962, in _handle_write
    num_bytes = self.write_to_fd(self._write_buffer.peek(size))
                ^^^^^^^^^^^^^^^^^^^^^^^^^^^^^^^^^^^^^^^^^^^^^^^
  File "/home1/zrentala/.conda/envs/zrentala/lib/python3.11/site-packages/tornado/iostream.py", line 1121, in write_to_fd
    return self.socket.send(data)  # type: ignore
           ^^^^^^^^^^^^^^^^^^^^^^
BrokenPipeError: [Errno 32] Broken pipe

The above exception was the direct cause of the following exception:

Traceback (most recent call last):
  File "/home1/zrentala/.conda/envs/zrentala/lib/python3.11/site-packages/distributed/worker.py", line 2081, in gather_dep
    response = await get_data_from_worker(
               ^^^^^^^^^^^^^^^^^^^^^^^^^^^
  File "/home1/zrentala/.conda/envs/zrentala/lib/python3.11/site-packages/distributed/worker.py", line 2887, in get_data_from_worker
    response = await send_recv(
               ^^^^^^^^^^^^^^^^
  File "/home1/zrentala/.conda/envs/zrentala/lib/python3.11/site-packages/distributed/core.py", line 1018, in send_recv
    response = await comm.read(deserializers=deserializers)
               ^^^^^^^^^^^^^^^^^^^^^^^^^^^^^^^^^^^^^^^^^^^^
  File "/home1/zrentala/.conda/envs/zrentala/lib/python3.11/site-packages/distributed/comm/tcp.py", line 237, in read
    convert_stream_closed_error(self, e)
  File "/home1/zrentala/.conda/envs/zrentala/lib/python3.11/site-packages/distributed/comm/tcp.py", line 143, in convert_stream_closed_error
    raise CommClosedError(f"in {obj}: {exc.__class__.__name__}: {exc}") from exc
distributed.comm.core.CommClosedError: in <TCP (closed) Ephemeral Worker->Worker for gather local=tcp://192.168.86.140:57960 remote=tcp://192.168.86.135:42484>: BrokenPipeError: [Errno 32] Broken pipe
2026-01-14 23:35:44,277 - distributed.worker - ERROR - Worker stream died during communication: tcp://192.168.86.121:44298
Traceback (most recent call last):
  File "/home1/zrentala/.conda/envs/zrentala/lib/python3.11/site-packages/tornado/iostream.py", line 962, in _handle_write
    num_bytes = self.write_to_fd(self._write_buffer.peek(size))
                ^^^^^^^^^^^^^^^^^^^^^^^^^^^^^^^^^^^^^^^^^^^^^^^
  File "/home1/zrentala/.conda/envs/zrentala/lib/python3.11/site-packages/tornado/iostream.py", line 1121, in write_to_fd
    return self.socket.send(data)  # type: ignore
           ^^^^^^^^^^^^^^^^^^^^^^
BrokenPipeError: [Errno 32] Broken pipe

The above exception was the direct cause of the following exception:

Traceback (most recent call last):
  File "/home1/zrentala/.conda/envs/zrentala/lib/python3.11/site-packages/distributed/worker.py", line 2081, in gather_dep
    response = await get_data_from_worker(
               ^^^^^^^^^^^^^^^^^^^^^^^^^^^
  File "/home1/zrentala/.conda/envs/zrentala/lib/python3.11/site-packages/distributed/worker.py", line 2887, in get_data_from_worker
    response = await send_recv(
               ^^^^^^^^^^^^^^^^
  File "/home1/zrentala/.conda/envs/zrentala/lib/python3.11/site-packages/distributed/core.py", line 1018, in send_recv
    response = await comm.read(deserializers=deserializers)
               ^^^^^^^^^^^^^^^^^^^^^^^^^^^^^^^^^^^^^^^^^^^^
  File "/home1/zrentala/.conda/envs/zrentala/lib/python3.11/site-packages/distributed/comm/tcp.py", line 237, in read
    convert_stream_closed_error(self, e)
  File "/home1/zrentala/.conda/envs/zrentala/lib/python3.11/site-packages/distributed/comm/tcp.py", line 143, in convert_stream_closed_error
    raise CommClosedError(f"in {obj}: {exc.__class__.__name__}: {exc}") from exc
distributed.comm.core.CommClosedError: in <TCP (closed) Ephemeral Worker->Worker for gather local=tcp://192.168.86.140:44614 remote=tcp://192.168.86.121:44298>: BrokenPipeError: [Errno 32] Broken pipe
2026-01-14 23:35:44,319 - distributed.worker - ERROR - Worker stream died during communication: tcp://192.168.86.123:40462
Traceback (most recent call last):
  File "/home1/zrentala/.conda/envs/zrentala/lib/python3.11/site-packages/tornado/iostream.py", line 962, in _handle_write
    num_bytes = self.write_to_fd(self._write_buffer.peek(size))
                ^^^^^^^^^^^^^^^^^^^^^^^^^^^^^^^^^^^^^^^^^^^^^^^
  File "/home1/zrentala/.conda/envs/zrentala/lib/python3.11/site-packages/tornado/iostream.py", line 1121, in write_to_fd
    return self.socket.send(data)  # type: ignore
           ^^^^^^^^^^^^^^^^^^^^^^
BrokenPipeError: [Errno 32] Broken pipe

The above exception was the direct cause of the following exception:

Traceback (most recent call last):
  File "/home1/zrentala/.conda/envs/zrentala/lib/python3.11/site-packages/distributed/worker.py", line 2081, in gather_dep
    response = await get_data_from_worker(
               ^^^^^^^^^^^^^^^^^^^^^^^^^^^
  File "/home1/zrentala/.conda/envs/zrentala/lib/python3.11/site-packages/distributed/worker.py", line 2887, in get_data_from_worker
    response = await send_recv(
               ^^^^^^^^^^^^^^^^
  File "/home1/zrentala/.conda/envs/zrentala/lib/python3.11/site-packages/distributed/core.py", line 1018, in send_recv
    response = await comm.read(deserializers=deserializers)
               ^^^^^^^^^^^^^^^^^^^^^^^^^^^^^^^^^^^^^^^^^^^^
  File "/home1/zrentala/.conda/envs/zrentala/lib/python3.11/site-packages/distributed/comm/tcp.py", line 237, in read
    convert_stream_closed_error(self, e)
  File "/home1/zrentala/.conda/envs/zrentala/lib/python3.11/site-packages/distributed/comm/tcp.py", line 143, in convert_stream_closed_error
    raise CommClosedError(f"in {obj}: {exc.__class__.__name__}: {exc}") from exc
distributed.comm.core.CommClosedError: in <TCP (closed) Ephemeral Worker->Worker for gather local=tcp://192.168.86.140:58506 remote=tcp://192.168.86.123:40462>: BrokenPipeError: [Errno 32] Broken pipe
2026-01-14 23:35:44,386 - distributed.worker - ERROR - Worker stream died during communication: tcp://192.168.86.135:39228
Traceback (most recent call last):
  File "/home1/zrentala/.conda/envs/zrentala/lib/python3.11/site-packages/tornado/iostream.py", line 962, in _handle_write
    num_bytes = self.write_to_fd(self._write_buffer.peek(size))
                ^^^^^^^^^^^^^^^^^^^^^^^^^^^^^^^^^^^^^^^^^^^^^^^
  File "/home1/zrentala/.conda/envs/zrentala/lib/python3.11/site-packages/tornado/iostream.py", line 1121, in write_to_fd
    return self.socket.send(data)  # type: ignore
           ^^^^^^^^^^^^^^^^^^^^^^
BrokenPipeError: [Errno 32] Broken pipe

The above exception was the direct cause of the following exception:

Traceback (most recent call last):
  File "/home1/zrentala/.conda/envs/zrentala/lib/python3.11/site-packages/distributed/worker.py", line 2081, in gather_dep
    response = await get_data_from_worker(
               ^^^^^^^^^^^^^^^^^^^^^^^^^^^
  File "/home1/zrentala/.conda/envs/zrentala/lib/python3.11/site-packages/distributed/worker.py", line 2887, in get_data_from_worker
    response = await send_recv(
               ^^^^^^^^^^^^^^^^
  File "/home1/zrentala/.conda/envs/zrentala/lib/python3.11/site-packages/distributed/core.py", line 1018, in send_recv
    response = await comm.read(deserializers=deserializers)
               ^^^^^^^^^^^^^^^^^^^^^^^^^^^^^^^^^^^^^^^^^^^^
  File "/home1/zrentala/.conda/envs/zrentala/lib/python3.11/site-packages/distributed/comm/tcp.py", line 237, in read
    convert_stream_closed_error(self, e)
  File "/home1/zrentala/.conda/envs/zrentala/lib/python3.11/site-packages/distributed/comm/tcp.py", line 143, in convert_stream_closed_error
    raise CommClosedError(f"in {obj}: {exc.__class__.__name__}: {exc}") from exc
distributed.comm.core.CommClosedError: in <TCP (closed) Ephemeral Worker->Worker for gather local=tcp://192.168.86.140:38884 remote=tcp://192.168.86.135:39228>: BrokenPipeError: [Errno 32] Broken pipe
2026-01-14 23:35:44,428 - distributed.worker - ERROR - Worker stream died during communication: tcp://192.168.86.143:35097
Traceback (most recent call last):
  File "/home1/zrentala/.conda/envs/zrentala/lib/python3.11/site-packages/tornado/iostream.py", line 962, in _handle_write
    num_bytes = self.write_to_fd(self._write_buffer.peek(size))
                ^^^^^^^^^^^^^^^^^^^^^^^^^^^^^^^^^^^^^^^^^^^^^^^
  File "/home1/zrentala/.conda/envs/zrentala/lib/python3.11/site-packages/tornado/iostream.py", line 1121, in write_to_fd
    return self.socket.send(data)  # type: ignore
           ^^^^^^^^^^^^^^^^^^^^^^
BrokenPipeError: [Errno 32] Broken pipe

The above exception was the direct cause of the following exception:

Traceback (most recent call last):
  File "/home1/zrentala/.conda/envs/zrentala/lib/python3.11/site-packages/distributed/worker.py", line 2081, in gather_dep
    response = await get_data_from_worker(
               ^^^^^^^^^^^^^^^^^^^^^^^^^^^
  File "/home1/zrentala/.conda/envs/zrentala/lib/python3.11/site-packages/distributed/worker.py", line 2887, in get_data_from_worker
    response = await send_recv(
               ^^^^^^^^^^^^^^^^
  File "/home1/zrentala/.conda/envs/zrentala/lib/python3.11/site-packages/distributed/core.py", line 1018, in send_recv
    response = await comm.read(deserializers=deserializers)
               ^^^^^^^^^^^^^^^^^^^^^^^^^^^^^^^^^^^^^^^^^^^^
  File "/home1/zrentala/.conda/envs/zrentala/lib/python3.11/site-packages/distributed/comm/tcp.py", line 237, in read
    convert_stream_closed_error(self, e)
  File "/home1/zrentala/.conda/envs/zrentala/lib/python3.11/site-packages/distributed/comm/tcp.py", line 143, in convert_stream_closed_error
    raise CommClosedError(f"in {obj}: {exc.__class__.__name__}: {exc}") from exc
distributed.comm.core.CommClosedError: in <TCP (closed) Ephemeral Worker->Worker for gather local=tcp://192.168.86.140:45578 remote=tcp://192.168.86.143:35097>: BrokenPipeError: [Errno 32] Broken pipe
2026-01-14 23:35:44,470 - distributed.worker - ERROR - Worker stream died during communication: tcp://192.168.86.118:38413
Traceback (most recent call last):
  File "/home1/zrentala/.conda/envs/zrentala/lib/python3.11/site-packages/tornado/iostream.py", line 962, in _handle_write
    num_bytes = self.write_to_fd(self._write_buffer.peek(size))
                ^^^^^^^^^^^^^^^^^^^^^^^^^^^^^^^^^^^^^^^^^^^^^^^
  File "/home1/zrentala/.conda/envs/zrentala/lib/python3.11/site-packages/tornado/iostream.py", line 1121, in write_to_fd
    return self.socket.send(data)  # type: ignore
           ^^^^^^^^^^^^^^^^^^^^^^
BrokenPipeError: [Errno 32] Broken pipe

The above exception was the direct cause of the following exception:

Traceback (most recent call last):
  File "/home1/zrentala/.conda/envs/zrentala/lib/python3.11/site-packages/distributed/worker.py", line 2081, in gather_dep
    response = await get_data_from_worker(
               ^^^^^^^^^^^^^^^^^^^^^^^^^^^
  File "/home1/zrentala/.conda/envs/zrentala/lib/python3.11/site-packages/distributed/worker.py", line 2887, in get_data_from_worker
    response = await send_recv(
               ^^^^^^^^^^^^^^^^
  File "/home1/zrentala/.conda/envs/zrentala/lib/python3.11/site-packages/distributed/core.py", line 1018, in send_recv
    response = await comm.read(deserializers=deserializers)
               ^^^^^^^^^^^^^^^^^^^^^^^^^^^^^^^^^^^^^^^^^^^^
  File "/home1/zrentala/.conda/envs/zrentala/lib/python3.11/site-packages/distributed/comm/tcp.py", line 237, in read
    convert_stream_closed_error(self, e)
  File "/home1/zrentala/.conda/envs/zrentala/lib/python3.11/site-packages/distributed/comm/tcp.py", line 143, in convert_stream_closed_error
    raise CommClosedError(f"in {obj}: {exc.__class__.__name__}: {exc}") from exc
distributed.comm.core.CommClosedError: in <TCP (closed) Ephemeral Worker->Worker for gather local=tcp://192.168.86.140:52256 remote=tcp://192.168.86.118:38413>: BrokenPipeError: [Errno 32] Broken pipe
2026-01-14 23:35:44,511 - distributed.worker - ERROR - Worker stream died during communication: tcp://192.168.86.119:34666
Traceback (most recent call last):
  File "/home1/zrentala/.conda/envs/zrentala/lib/python3.11/site-packages/tornado/iostream.py", line 962, in _handle_write
    num_bytes = self.write_to_fd(self._write_buffer.peek(size))
                ^^^^^^^^^^^^^^^^^^^^^^^^^^^^^^^^^^^^^^^^^^^^^^^
  File "/home1/zrentala/.conda/envs/zrentala/lib/python3.11/site-packages/tornado/iostream.py", line 1121, in write_to_fd
    return self.socket.send(data)  # type: ignore
           ^^^^^^^^^^^^^^^^^^^^^^
BrokenPipeError: [Errno 32] Broken pipe

The above exception was the direct cause of the following exception:

Traceback (most recent call last):
  File "/home1/zrentala/.conda/envs/zrentala/lib/python3.11/site-packages/distributed/worker.py", line 2081, in gather_dep
    response = await get_data_from_worker(
               ^^^^^^^^^^^^^^^^^^^^^^^^^^^
  File "/home1/zrentala/.conda/envs/zrentala/lib/python3.11/site-packages/distributed/worker.py", line 2887, in get_data_from_worker
    response = await send_recv(
               ^^^^^^^^^^^^^^^^
  File "/home1/zrentala/.conda/envs/zrentala/lib/python3.11/site-packages/distributed/core.py", line 1018, in send_recv
    response = await comm.read(deserializers=deserializers)
               ^^^^^^^^^^^^^^^^^^^^^^^^^^^^^^^^^^^^^^^^^^^^
  File "/home1/zrentala/.conda/envs/zrentala/lib/python3.11/site-packages/distributed/comm/tcp.py", line 237, in read
    convert_stream_closed_error(self, e)
  File "/home1/zrentala/.conda/envs/zrentala/lib/python3.11/site-packages/distributed/comm/tcp.py", line 143, in convert_stream_closed_error
    raise CommClosedError(f"in {obj}: {exc.__class__.__name__}: {exc}") from exc
distributed.comm.core.CommClosedError: in <TCP (closed) Ephemeral Worker->Worker for gather local=tcp://192.168.86.140:49704 remote=tcp://192.168.86.119:34666>: BrokenPipeError: [Errno 32] Broken pipe
2026-01-14 23:35:44,569 - distributed.worker - ERROR - Worker stream died during communication: tcp://192.168.86.133:43662
Traceback (most recent call last):
  File "/home1/zrentala/.conda/envs/zrentala/lib/python3.11/site-packages/tornado/iostream.py", line 962, in _handle_write
    num_bytes = self.write_to_fd(self._write_buffer.peek(size))
                ^^^^^^^^^^^^^^^^^^^^^^^^^^^^^^^^^^^^^^^^^^^^^^^
  File "/home1/zrentala/.conda/envs/zrentala/lib/python3.11/site-packages/tornado/iostream.py", line 1121, in write_to_fd
    return self.socket.send(data)  # type: ignore
           ^^^^^^^^^^^^^^^^^^^^^^
BrokenPipeError: [Errno 32] Broken pipe

The above exception was the direct cause of the following exception:

Traceback (most recent call last):
  File "/home1/zrentala/.conda/envs/zrentala/lib/python3.11/site-packages/distributed/worker.py", line 2081, in gather_dep
    response = await get_data_from_worker(
               ^^^^^^^^^^^^^^^^^^^^^^^^^^^
  File "/home1/zrentala/.conda/envs/zrentala/lib/python3.11/site-packages/distributed/worker.py", line 2887, in get_data_from_worker
    response = await send_recv(
               ^^^^^^^^^^^^^^^^
  File "/home1/zrentala/.conda/envs/zrentala/lib/python3.11/site-packages/distributed/core.py", line 1018, in send_recv
    response = await comm.read(deserializers=deserializers)
               ^^^^^^^^^^^^^^^^^^^^^^^^^^^^^^^^^^^^^^^^^^^^
  File "/home1/zrentala/.conda/envs/zrentala/lib/python3.11/site-packages/distributed/comm/tcp.py", line 237, in read
    convert_stream_closed_error(self, e)
  File "/home1/zrentala/.conda/envs/zrentala/lib/python3.11/site-packages/distributed/comm/tcp.py", line 143, in convert_stream_closed_error
    raise CommClosedError(f"in {obj}: {exc.__class__.__name__}: {exc}") from exc
distributed.comm.core.CommClosedError: in <TCP (closed) Ephemeral Worker->Worker for gather local=tcp://192.168.86.140:48516 remote=tcp://192.168.86.133:43662>: BrokenPipeError: [Errno 32] Broken pipe
2026-01-14 23:35:44,611 - distributed.worker - ERROR - Worker stream died during communication: tcp://192.168.86.133:39205
Traceback (most recent call last):
  File "/home1/zrentala/.conda/envs/zrentala/lib/python3.11/site-packages/tornado/iostream.py", line 962, in _handle_write
    num_bytes = self.write_to_fd(self._write_buffer.peek(size))
                ^^^^^^^^^^^^^^^^^^^^^^^^^^^^^^^^^^^^^^^^^^^^^^^
  File "/home1/zrentala/.conda/envs/zrentala/lib/python3.11/site-packages/tornado/iostream.py", line 1121, in write_to_fd
    return self.socket.send(data)  # type: ignore
           ^^^^^^^^^^^^^^^^^^^^^^
BrokenPipeError: [Errno 32] Broken pipe

The above exception was the direct cause of the following exception:

Traceback (most recent call last):
  File "/home1/zrentala/.conda/envs/zrentala/lib/python3.11/site-packages/distributed/worker.py", line 2081, in gather_dep
    response = await get_data_from_worker(
               ^^^^^^^^^^^^^^^^^^^^^^^^^^^
  File "/home1/zrentala/.conda/envs/zrentala/lib/python3.11/site-packages/distributed/worker.py", line 2887, in get_data_from_worker
    response = await send_recv(
               ^^^^^^^^^^^^^^^^
  File "/home1/zrentala/.conda/envs/zrentala/lib/python3.11/site-packages/distributed/core.py", line 1018, in send_recv
    response = await comm.read(deserializers=deserializers)
               ^^^^^^^^^^^^^^^^^^^^^^^^^^^^^^^^^^^^^^^^^^^^
  File "/home1/zrentala/.conda/envs/zrentala/lib/python3.11/site-packages/distributed/comm/tcp.py", line 237, in read
    convert_stream_closed_error(self, e)
  File "/home1/zrentala/.conda/envs/zrentala/lib/python3.11/site-packages/distributed/comm/tcp.py", line 143, in convert_stream_closed_error
    raise CommClosedError(f"in {obj}: {exc.__class__.__name__}: {exc}") from exc
distributed.comm.core.CommClosedError: in <TCP (closed) Ephemeral Worker->Worker for gather local=tcp://192.168.86.140:49822 remote=tcp://192.168.86.133:39205>: BrokenPipeError: [Errno 32] Broken pipe
2026-01-14 23:35:44,652 - distributed.worker - ERROR - Worker stream died during communication: tcp://192.168.86.117:40530
Traceback (most recent call last):
  File "/home1/zrentala/.conda/envs/zrentala/lib/python3.11/site-packages/tornado/iostream.py", line 962, in _handle_write
    num_bytes = self.write_to_fd(self._write_buffer.peek(size))
                ^^^^^^^^^^^^^^^^^^^^^^^^^^^^^^^^^^^^^^^^^^^^^^^
  File "/home1/zrentala/.conda/envs/zrentala/lib/python3.11/site-packages/tornado/iostream.py", line 1121, in write_to_fd
    return self.socket.send(data)  # type: ignore
           ^^^^^^^^^^^^^^^^^^^^^^
BrokenPipeError: [Errno 32] Broken pipe

The above exception was the direct cause of the following exception:

Traceback (most recent call last):
  File "/home1/zrentala/.conda/envs/zrentala/lib/python3.11/site-packages/distributed/worker.py", line 2081, in gather_dep
    response = await get_data_from_worker(
               ^^^^^^^^^^^^^^^^^^^^^^^^^^^
  File "/home1/zrentala/.conda/envs/zrentala/lib/python3.11/site-packages/distributed/worker.py", line 2887, in get_data_from_worker
    response = await send_recv(
               ^^^^^^^^^^^^^^^^
  File "/home1/zrentala/.conda/envs/zrentala/lib/python3.11/site-packages/distributed/core.py", line 1018, in send_recv
    response = await comm.read(deserializers=deserializers)
               ^^^^^^^^^^^^^^^^^^^^^^^^^^^^^^^^^^^^^^^^^^^^
  File "/home1/zrentala/.conda/envs/zrentala/lib/python3.11/site-packages/distributed/comm/tcp.py", line 237, in read
    convert_stream_closed_error(self, e)
  File "/home1/zrentala/.conda/envs/zrentala/lib/python3.11/site-packages/distributed/comm/tcp.py", line 143, in convert_stream_closed_error
    raise CommClosedError(f"in {obj}: {exc.__class__.__name__}: {exc}") from exc
distributed.comm.core.CommClosedError: in <TCP (closed) Ephemeral Worker->Worker for gather local=tcp://192.168.86.140:42854 remote=tcp://192.168.86.117:40530>: BrokenPipeError: [Errno 32] Broken pipe
2026-01-14 23:35:44,694 - distributed.worker - ERROR - Worker stream died during communication: tcp://192.168.86.125:41049
Traceback (most recent call last):
  File "/home1/zrentala/.conda/envs/zrentala/lib/python3.11/site-packages/tornado/iostream.py", line 962, in _handle_write
    num_bytes = self.write_to_fd(self._write_buffer.peek(size))
                ^^^^^^^^^^^^^^^^^^^^^^^^^^^^^^^^^^^^^^^^^^^^^^^
  File "/home1/zrentala/.conda/envs/zrentala/lib/python3.11/site-packages/tornado/iostream.py", line 1121, in write_to_fd
    return self.socket.send(data)  # type: ignore
           ^^^^^^^^^^^^^^^^^^^^^^
BrokenPipeError: [Errno 32] Broken pipe

The above exception was the direct cause of the following exception:

Traceback (most recent call last):
  File "/home1/zrentala/.conda/envs/zrentala/lib/python3.11/site-packages/distributed/worker.py", line 2081, in gather_dep
    response = await get_data_from_worker(
               ^^^^^^^^^^^^^^^^^^^^^^^^^^^
  File "/home1/zrentala/.conda/envs/zrentala/lib/python3.11/site-packages/distributed/worker.py", line 2887, in get_data_from_worker
    response = await send_recv(
               ^^^^^^^^^^^^^^^^
  File "/home1/zrentala/.conda/envs/zrentala/lib/python3.11/site-packages/distributed/core.py", line 1018, in send_recv
    response = await comm.read(deserializers=deserializers)
               ^^^^^^^^^^^^^^^^^^^^^^^^^^^^^^^^^^^^^^^^^^^^
  File "/home1/zrentala/.conda/envs/zrentala/lib/python3.11/site-packages/distributed/comm/tcp.py", line 237, in read
    convert_stream_closed_error(self, e)
  File "/home1/zrentala/.conda/envs/zrentala/lib/python3.11/site-packages/distributed/comm/tcp.py", line 143, in convert_stream_closed_error
    raise CommClosedError(f"in {obj}: {exc.__class__.__name__}: {exc}") from exc
distributed.comm.core.CommClosedError: in <TCP (closed) Ephemeral Worker->Worker for gather local=tcp://192.168.86.140:60600 remote=tcp://192.168.86.125:41049>: BrokenPipeError: [Errno 32] Broken pipe
2026-01-14 23:35:44,736 - distributed.worker - ERROR - Worker stream died during communication: tcp://192.168.86.134:32893
Traceback (most recent call last):
  File "/home1/zrentala/.conda/envs/zrentala/lib/python3.11/site-packages/tornado/iostream.py", line 962, in _handle_write
    num_bytes = self.write_to_fd(self._write_buffer.peek(size))
                ^^^^^^^^^^^^^^^^^^^^^^^^^^^^^^^^^^^^^^^^^^^^^^^
  File "/home1/zrentala/.conda/envs/zrentala/lib/python3.11/site-packages/tornado/iostream.py", line 1121, in write_to_fd
    return self.socket.send(data)  # type: ignore
           ^^^^^^^^^^^^^^^^^^^^^^
BrokenPipeError: [Errno 32] Broken pipe

The above exception was the direct cause of the following exception:

Traceback (most recent call last):
  File "/home1/zrentala/.conda/envs/zrentala/lib/python3.11/site-packages/distributed/worker.py", line 2081, in gather_dep
    response = await get_data_from_worker(
               ^^^^^^^^^^^^^^^^^^^^^^^^^^^
  File "/home1/zrentala/.conda/envs/zrentala/lib/python3.11/site-packages/distributed/worker.py", line 2887, in get_data_from_worker
    response = await send_recv(
               ^^^^^^^^^^^^^^^^
  File "/home1/zrentala/.conda/envs/zrentala/lib/python3.11/site-packages/distributed/core.py", line 1018, in send_recv
    response = await comm.read(deserializers=deserializers)
               ^^^^^^^^^^^^^^^^^^^^^^^^^^^^^^^^^^^^^^^^^^^^
  File "/home1/zrentala/.conda/envs/zrentala/lib/python3.11/site-packages/distributed/comm/tcp.py", line 237, in read
    convert_stream_closed_error(self, e)
  File "/home1/zrentala/.conda/envs/zrentala/lib/python3.11/site-packages/distributed/comm/tcp.py", line 143, in convert_stream_closed_error
    raise CommClosedError(f"in {obj}: {exc.__class__.__name__}: {exc}") from exc
distributed.comm.core.CommClosedError: in <TCP (closed) Ephemeral Worker->Worker for gather local=tcp://192.168.86.140:40356 remote=tcp://192.168.86.134:32893>: BrokenPipeError: [Errno 32] Broken pipe
2026-01-14 23:35:44,762 - distributed.worker - ERROR - Worker stream died during communication: tcp://192.168.86.124:43009
Traceback (most recent call last):
  File "/home1/zrentala/.conda/envs/zrentala/lib/python3.11/site-packages/tornado/iostream.py", line 962, in _handle_write
    num_bytes = self.write_to_fd(self._write_buffer.peek(size))
                ^^^^^^^^^^^^^^^^^^^^^^^^^^^^^^^^^^^^^^^^^^^^^^^
  File "/home1/zrentala/.conda/envs/zrentala/lib/python3.11/site-packages/tornado/iostream.py", line 1121, in write_to_fd
    return self.socket.send(data)  # type: ignore
           ^^^^^^^^^^^^^^^^^^^^^^
BrokenPipeError: [Errno 32] Broken pipe

The above exception was the direct cause of the following exception:

Traceback (most recent call last):
  File "/home1/zrentala/.conda/envs/zrentala/lib/python3.11/site-packages/distributed/worker.py", line 2081, in gather_dep
    response = await get_data_from_worker(
               ^^^^^^^^^^^^^^^^^^^^^^^^^^^
  File "/home1/zrentala/.conda/envs/zrentala/lib/python3.11/site-packages/distributed/worker.py", line 2887, in get_data_from_worker
    response = await send_recv(
               ^^^^^^^^^^^^^^^^
  File "/home1/zrentala/.conda/envs/zrentala/lib/python3.11/site-packages/distributed/core.py", line 1018, in send_recv
    response = await comm.read(deserializers=deserializers)
               ^^^^^^^^^^^^^^^^^^^^^^^^^^^^^^^^^^^^^^^^^^^^
  File "/home1/zrentala/.conda/envs/zrentala/lib/python3.11/site-packages/distributed/comm/tcp.py", line 237, in read
    convert_stream_closed_error(self, e)
  File "/home1/zrentala/.conda/envs/zrentala/lib/python3.11/site-packages/distributed/comm/tcp.py", line 143, in convert_stream_closed_error
    raise CommClosedError(f"in {obj}: {exc.__class__.__name__}: {exc}") from exc
distributed.comm.core.CommClosedError: in <TCP (closed) Ephemeral Worker->Worker for gather local=tcp://192.168.86.140:39472 remote=tcp://192.168.86.124:43009>: BrokenPipeError: [Errno 32] Broken pipe
2026-01-14 23:35:44,784 - distributed.worker - ERROR - Worker stream died during communication: tcp://192.168.86.144:35083
Traceback (most recent call last):
  File "/home1/zrentala/.conda/envs/zrentala/lib/python3.11/site-packages/tornado/iostream.py", line 962, in _handle_write
    num_bytes = self.write_to_fd(self._write_buffer.peek(size))
                ^^^^^^^^^^^^^^^^^^^^^^^^^^^^^^^^^^^^^^^^^^^^^^^
  File "/home1/zrentala/.conda/envs/zrentala/lib/python3.11/site-packages/tornado/iostream.py", line 1121, in write_to_fd
    return self.socket.send(data)  # type: ignore
           ^^^^^^^^^^^^^^^^^^^^^^
BrokenPipeError: [Errno 32] Broken pipe

The above exception was the direct cause of the following exception:

Traceback (most recent call last):
  File "/home1/zrentala/.conda/envs/zrentala/lib/python3.11/site-packages/distributed/worker.py", line 2081, in gather_dep
    response = await get_data_from_worker(
               ^^^^^^^^^^^^^^^^^^^^^^^^^^^
  File "/home1/zrentala/.conda/envs/zrentala/lib/python3.11/site-packages/distributed/worker.py", line 2887, in get_data_from_worker
    response = await send_recv(
               ^^^^^^^^^^^^^^^^
  File "/home1/zrentala/.conda/envs/zrentala/lib/python3.11/site-packages/distributed/core.py", line 1018, in send_recv
    response = await comm.read(deserializers=deserializers)
               ^^^^^^^^^^^^^^^^^^^^^^^^^^^^^^^^^^^^^^^^^^^^
  File "/home1/zrentala/.conda/envs/zrentala/lib/python3.11/site-packages/distributed/comm/tcp.py", line 237, in read
    convert_stream_closed_error(self, e)
  File "/home1/zrentala/.conda/envs/zrentala/lib/python3.11/site-packages/distributed/comm/tcp.py", line 143, in convert_stream_closed_error
    raise CommClosedError(f"in {obj}: {exc.__class__.__name__}: {exc}") from exc
distributed.comm.core.CommClosedError: in <TCP (closed) Ephemeral Worker->Worker for gather local=tcp://192.168.86.140:34946 remote=tcp://192.168.86.144:35083>: BrokenPipeError: [Errno 32] Broken pipe
2026-01-14 23:35:44,825 - distributed.worker - ERROR - Worker stream died during communication: tcp://192.168.86.144:45352
Traceback (most recent call last):
  File "/home1/zrentala/.conda/envs/zrentala/lib/python3.11/site-packages/tornado/iostream.py", line 962, in _handle_write
    num_bytes = self.write_to_fd(self._write_buffer.peek(size))
                ^^^^^^^^^^^^^^^^^^^^^^^^^^^^^^^^^^^^^^^^^^^^^^^
  File "/home1/zrentala/.conda/envs/zrentala/lib/python3.11/site-packages/tornado/iostream.py", line 1121, in write_to_fd
    return self.socket.send(data)  # type: ignore
           ^^^^^^^^^^^^^^^^^^^^^^
BrokenPipeError: [Errno 32] Broken pipe

The above exception was the direct cause of the following exception:

Traceback (most recent call last):
  File "/home1/zrentala/.conda/envs/zrentala/lib/python3.11/site-packages/distributed/worker.py", line 2081, in gather_dep
    response = await get_data_from_worker(
               ^^^^^^^^^^^^^^^^^^^^^^^^^^^
  File "/home1/zrentala/.conda/envs/zrentala/lib/python3.11/site-packages/distributed/worker.py", line 2887, in get_data_from_worker
    response = await send_recv(
               ^^^^^^^^^^^^^^^^
  File "/home1/zrentala/.conda/envs/zrentala/lib/python3.11/site-packages/distributed/core.py", line 1018, in send_recv
    response = await comm.read(deserializers=deserializers)
               ^^^^^^^^^^^^^^^^^^^^^^^^^^^^^^^^^^^^^^^^^^^^
  File "/home1/zrentala/.conda/envs/zrentala/lib/python3.11/site-packages/distributed/comm/tcp.py", line 237, in read
    convert_stream_closed_error(self, e)
  File "/home1/zrentala/.conda/envs/zrentala/lib/python3.11/site-packages/distributed/comm/tcp.py", line 143, in convert_stream_closed_error
    raise CommClosedError(f"in {obj}: {exc.__class__.__name__}: {exc}") from exc
distributed.comm.core.CommClosedError: in <TCP (closed) Ephemeral Worker->Worker for gather local=tcp://192.168.86.140:48730 remote=tcp://192.168.86.144:45352>: BrokenPipeError: [Errno 32] Broken pipe
2026-01-14 23:35:44,867 - distributed.worker - ERROR - Worker stream died during communication: tcp://192.168.86.123:44785
Traceback (most recent call last):
  File "/home1/zrentala/.conda/envs/zrentala/lib/python3.11/site-packages/tornado/iostream.py", line 962, in _handle_write
    num_bytes = self.write_to_fd(self._write_buffer.peek(size))
                ^^^^^^^^^^^^^^^^^^^^^^^^^^^^^^^^^^^^^^^^^^^^^^^
  File "/home1/zrentala/.conda/envs/zrentala/lib/python3.11/site-packages/tornado/iostream.py", line 1121, in write_to_fd
    return self.socket.send(data)  # type: ignore
           ^^^^^^^^^^^^^^^^^^^^^^
BrokenPipeError: [Errno 32] Broken pipe

The above exception was the direct cause of the following exception:

Traceback (most recent call last):
  File "/home1/zrentala/.conda/envs/zrentala/lib/python3.11/site-packages/distributed/worker.py", line 2081, in gather_dep
    response = await get_data_from_worker(
               ^^^^^^^^^^^^^^^^^^^^^^^^^^^
  File "/home1/zrentala/.conda/envs/zrentala/lib/python3.11/site-packages/distributed/worker.py", line 2887, in get_data_from_worker
    response = await send_recv(
               ^^^^^^^^^^^^^^^^
  File "/home1/zrentala/.conda/envs/zrentala/lib/python3.11/site-packages/distributed/core.py", line 1018, in send_recv
    response = await comm.read(deserializers=deserializers)
               ^^^^^^^^^^^^^^^^^^^^^^^^^^^^^^^^^^^^^^^^^^^^
  File "/home1/zrentala/.conda/envs/zrentala/lib/python3.11/site-packages/distributed/comm/tcp.py", line 237, in read
    convert_stream_closed_error(self, e)
  File "/home1/zrentala/.conda/envs/zrentala/lib/python3.11/site-packages/distributed/comm/tcp.py", line 143, in convert_stream_closed_error
    raise CommClosedError(f"in {obj}: {exc.__class__.__name__}: {exc}") from exc
distributed.comm.core.CommClosedError: in <TCP (closed) Ephemeral Worker->Worker for gather local=tcp://192.168.86.140:48784 remote=tcp://192.168.86.123:44785>: BrokenPipeError: [Errno 32] Broken pipe
2026-01-14 23:35:44,914 - distributed.worker - ERROR - Worker stream died during communication: tcp://192.168.86.134:45120
Traceback (most recent call last):
  File "/home1/zrentala/.conda/envs/zrentala/lib/python3.11/site-packages/tornado/iostream.py", line 962, in _handle_write
    num_bytes = self.write_to_fd(self._write_buffer.peek(size))
                ^^^^^^^^^^^^^^^^^^^^^^^^^^^^^^^^^^^^^^^^^^^^^^^
  File "/home1/zrentala/.conda/envs/zrentala/lib/python3.11/site-packages/tornado/iostream.py", line 1121, in write_to_fd
    return self.socket.send(data)  # type: ignore
           ^^^^^^^^^^^^^^^^^^^^^^
BrokenPipeError: [Errno 32] Broken pipe

The above exception was the direct cause of the following exception:

Traceback (most recent call last):
  File "/home1/zrentala/.conda/envs/zrentala/lib/python3.11/site-packages/distributed/worker.py", line 2081, in gather_dep
    response = await get_data_from_worker(
               ^^^^^^^^^^^^^^^^^^^^^^^^^^^
  File "/home1/zrentala/.conda/envs/zrentala/lib/python3.11/site-packages/distributed/worker.py", line 2887, in get_data_from_worker
    response = await send_recv(
               ^^^^^^^^^^^^^^^^
  File "/home1/zrentala/.conda/envs/zrentala/lib/python3.11/site-packages/distributed/core.py", line 1018, in send_recv
    response = await comm.read(deserializers=deserializers)
               ^^^^^^^^^^^^^^^^^^^^^^^^^^^^^^^^^^^^^^^^^^^^
  File "/home1/zrentala/.conda/envs/zrentala/lib/python3.11/site-packages/distributed/comm/tcp.py", line 237, in read
    convert_stream_closed_error(self, e)
  File "/home1/zrentala/.conda/envs/zrentala/lib/python3.11/site-packages/distributed/comm/tcp.py", line 143, in convert_stream_closed_error
    raise CommClosedError(f"in {obj}: {exc.__class__.__name__}: {exc}") from exc
distributed.comm.core.CommClosedError: in <TCP (closed) Ephemeral Worker->Worker for gather local=tcp://192.168.86.140:34024 remote=tcp://192.168.86.134:45120>: BrokenPipeError: [Errno 32] Broken pipe
2026-01-14 23:35:44,956 - distributed.worker - ERROR - Worker stream died during communication: tcp://192.168.86.120:45743
Traceback (most recent call last):
  File "/home1/zrentala/.conda/envs/zrentala/lib/python3.11/site-packages/tornado/iostream.py", line 962, in _handle_write
    num_bytes = self.write_to_fd(self._write_buffer.peek(size))
                ^^^^^^^^^^^^^^^^^^^^^^^^^^^^^^^^^^^^^^^^^^^^^^^
  File "/home1/zrentala/.conda/envs/zrentala/lib/python3.11/site-packages/tornado/iostream.py", line 1121, in write_to_fd
    return self.socket.send(data)  # type: ignore
           ^^^^^^^^^^^^^^^^^^^^^^
BrokenPipeError: [Errno 32] Broken pipe

The above exception was the direct cause of the following exception:

Traceback (most recent call last):
  File "/home1/zrentala/.conda/envs/zrentala/lib/python3.11/site-packages/distributed/worker.py", line 2081, in gather_dep
    response = await get_data_from_worker(
               ^^^^^^^^^^^^^^^^^^^^^^^^^^^
  File "/home1/zrentala/.conda/envs/zrentala/lib/python3.11/site-packages/distributed/worker.py", line 2887, in get_data_from_worker
    response = await send_recv(
               ^^^^^^^^^^^^^^^^
  File "/home1/zrentala/.conda/envs/zrentala/lib/python3.11/site-packages/distributed/core.py", line 1018, in send_recv
    response = await comm.read(deserializers=deserializers)
               ^^^^^^^^^^^^^^^^^^^^^^^^^^^^^^^^^^^^^^^^^^^^
  File "/home1/zrentala/.conda/envs/zrentala/lib/python3.11/site-packages/distributed/comm/tcp.py", line 237, in read
    convert_stream_closed_error(self, e)
  File "/home1/zrentala/.conda/envs/zrentala/lib/python3.11/site-packages/distributed/comm/tcp.py", line 143, in convert_stream_closed_error
    raise CommClosedError(f"in {obj}: {exc.__class__.__name__}: {exc}") from exc
distributed.comm.core.CommClosedError: in <TCP (closed) Ephemeral Worker->Worker for gather local=tcp://192.168.86.140:53572 remote=tcp://192.168.86.120:45743>: BrokenPipeError: [Errno 32] Broken pipe
2026-01-14 23:35:44,997 - distributed.worker - ERROR - Worker stream died during communication: tcp://192.168.86.117:38121
Traceback (most recent call last):
  File "/home1/zrentala/.conda/envs/zrentala/lib/python3.11/site-packages/tornado/iostream.py", line 962, in _handle_write
    num_bytes = self.write_to_fd(self._write_buffer.peek(size))
                ^^^^^^^^^^^^^^^^^^^^^^^^^^^^^^^^^^^^^^^^^^^^^^^
  File "/home1/zrentala/.conda/envs/zrentala/lib/python3.11/site-packages/tornado/iostream.py", line 1121, in write_to_fd
    return self.socket.send(data)  # type: ignore
           ^^^^^^^^^^^^^^^^^^^^^^
BrokenPipeError: [Errno 32] Broken pipe

The above exception was the direct cause of the following exception:

Traceback (most recent call last):
  File "/home1/zrentala/.conda/envs/zrentala/lib/python3.11/site-packages/distributed/worker.py", line 2081, in gather_dep
    response = await get_data_from_worker(
               ^^^^^^^^^^^^^^^^^^^^^^^^^^^
  File "/home1/zrentala/.conda/envs/zrentala/lib/python3.11/site-packages/distributed/worker.py", line 2887, in get_data_from_worker
    response = await send_recv(
               ^^^^^^^^^^^^^^^^
  File "/home1/zrentala/.conda/envs/zrentala/lib/python3.11/site-packages/distributed/core.py", line 1018, in send_recv
    response = await comm.read(deserializers=deserializers)
               ^^^^^^^^^^^^^^^^^^^^^^^^^^^^^^^^^^^^^^^^^^^^
  File "/home1/zrentala/.conda/envs/zrentala/lib/python3.11/site-packages/distributed/comm/tcp.py", line 237, in read
    convert_stream_closed_error(self, e)
  File "/home1/zrentala/.conda/envs/zrentala/lib/python3.11/site-packages/distributed/comm/tcp.py", line 143, in convert_stream_closed_error
    raise CommClosedError(f"in {obj}: {exc.__class__.__name__}: {exc}") from exc
distributed.comm.core.CommClosedError: in <TCP (closed) Ephemeral Worker->Worker for gather local=tcp://192.168.86.140:43286 remote=tcp://192.168.86.117:38121>: BrokenPipeError: [Errno 32] Broken pipe
2026-01-14 23:35:45,039 - distributed.worker - ERROR - Worker stream died during communication: tcp://192.168.86.126:36775
Traceback (most recent call last):
  File "/home1/zrentala/.conda/envs/zrentala/lib/python3.11/site-packages/tornado/iostream.py", line 962, in _handle_write
    num_bytes = self.write_to_fd(self._write_buffer.peek(size))
                ^^^^^^^^^^^^^^^^^^^^^^^^^^^^^^^^^^^^^^^^^^^^^^^
  File "/home1/zrentala/.conda/envs/zrentala/lib/python3.11/site-packages/tornado/iostream.py", line 1121, in write_to_fd
    return self.socket.send(data)  # type: ignore
           ^^^^^^^^^^^^^^^^^^^^^^
BrokenPipeError: [Errno 32] Broken pipe

The above exception was the direct cause of the following exception:

Traceback (most recent call last):
  File "/home1/zrentala/.conda/envs/zrentala/lib/python3.11/site-packages/distributed/worker.py", line 2081, in gather_dep
    response = await get_data_from_worker(
               ^^^^^^^^^^^^^^^^^^^^^^^^^^^
  File "/home1/zrentala/.conda/envs/zrentala/lib/python3.11/site-packages/distributed/worker.py", line 2887, in get_data_from_worker
    response = await send_recv(
               ^^^^^^^^^^^^^^^^
  File "/home1/zrentala/.conda/envs/zrentala/lib/python3.11/site-packages/distributed/core.py", line 1018, in send_recv
    response = await comm.read(deserializers=deserializers)
               ^^^^^^^^^^^^^^^^^^^^^^^^^^^^^^^^^^^^^^^^^^^^
  File "/home1/zrentala/.conda/envs/zrentala/lib/python3.11/site-packages/distributed/comm/tcp.py", line 237, in read
    convert_stream_closed_error(self, e)
  File "/home1/zrentala/.conda/envs/zrentala/lib/python3.11/site-packages/distributed/comm/tcp.py", line 143, in convert_stream_closed_error
    raise CommClosedError(f"in {obj}: {exc.__class__.__name__}: {exc}") from exc
distributed.comm.core.CommClosedError: in <TCP (closed) Ephemeral Worker->Worker for gather local=tcp://192.168.86.140:52862 remote=tcp://192.168.86.126:36775>: BrokenPipeError: [Errno 32] Broken pipe
2026-01-14 23:35:45,081 - distributed.worker - ERROR - Worker stream died during communication: tcp://192.168.86.120:44970
Traceback (most recent call last):
  File "/home1/zrentala/.conda/envs/zrentala/lib/python3.11/site-packages/tornado/iostream.py", line 962, in _handle_write
    num_bytes = self.write_to_fd(self._write_buffer.peek(size))
                ^^^^^^^^^^^^^^^^^^^^^^^^^^^^^^^^^^^^^^^^^^^^^^^
  File "/home1/zrentala/.conda/envs/zrentala/lib/python3.11/site-packages/tornado/iostream.py", line 1121, in write_to_fd
    return self.socket.send(data)  # type: ignore
           ^^^^^^^^^^^^^^^^^^^^^^
BrokenPipeError: [Errno 32] Broken pipe

The above exception was the direct cause of the following exception:

Traceback (most recent call last):
  File "/home1/zrentala/.conda/envs/zrentala/lib/python3.11/site-packages/distributed/worker.py", line 2081, in gather_dep
    response = await get_data_from_worker(
               ^^^^^^^^^^^^^^^^^^^^^^^^^^^
  File "/home1/zrentala/.conda/envs/zrentala/lib/python3.11/site-packages/distributed/worker.py", line 2887, in get_data_from_worker
    response = await send_recv(
               ^^^^^^^^^^^^^^^^
  File "/home1/zrentala/.conda/envs/zrentala/lib/python3.11/site-packages/distributed/core.py", line 1018, in send_recv
    response = await comm.read(deserializers=deserializers)
               ^^^^^^^^^^^^^^^^^^^^^^^^^^^^^^^^^^^^^^^^^^^^
  File "/home1/zrentala/.conda/envs/zrentala/lib/python3.11/site-packages/distributed/comm/tcp.py", line 237, in read
    convert_stream_closed_error(self, e)
  File "/home1/zrentala/.conda/envs/zrentala/lib/python3.11/site-packages/distributed/comm/tcp.py", line 143, in convert_stream_closed_error
    raise CommClosedError(f"in {obj}: {exc.__class__.__name__}: {exc}") from exc
distributed.comm.core.CommClosedError: in <TCP (closed) Ephemeral Worker->Worker for gather local=tcp://192.168.86.140:52404 remote=tcp://192.168.86.120:44970>: BrokenPipeError: [Errno 32] Broken pipe
2026-01-14 23:35:45,107 - distributed.worker - ERROR - Worker stream died during communication: tcp://192.168.86.118:39580
Traceback (most recent call last):
  File "/home1/zrentala/.conda/envs/zrentala/lib/python3.11/site-packages/distributed/comm/tcp.py", line 226, in read
    frames_nosplit_nbytes_bin = await stream.read_bytes(fmt_size)
                                ^^^^^^^^^^^^^^^^^^^^^^^^^^^^^^^^^
tornado.iostream.StreamClosedError: Stream is closed

The above exception was the direct cause of the following exception:

Traceback (most recent call last):
  File "/home1/zrentala/.conda/envs/zrentala/lib/python3.11/site-packages/distributed/worker.py", line 2081, in gather_dep
    response = await get_data_from_worker(
               ^^^^^^^^^^^^^^^^^^^^^^^^^^^
  File "/home1/zrentala/.conda/envs/zrentala/lib/python3.11/site-packages/distributed/worker.py", line 2887, in get_data_from_worker
    response = await send_recv(
               ^^^^^^^^^^^^^^^^
  File "/home1/zrentala/.conda/envs/zrentala/lib/python3.11/site-packages/distributed/core.py", line 1018, in send_recv
    response = await comm.read(deserializers=deserializers)
               ^^^^^^^^^^^^^^^^^^^^^^^^^^^^^^^^^^^^^^^^^^^^
  File "/home1/zrentala/.conda/envs/zrentala/lib/python3.11/site-packages/distributed/comm/tcp.py", line 237, in read
    convert_stream_closed_error(self, e)
  File "/home1/zrentala/.conda/envs/zrentala/lib/python3.11/site-packages/distributed/comm/tcp.py", line 137, in convert_stream_closed_error
    raise CommClosedError(f"in {obj}: {exc}") from exc
distributed.comm.core.CommClosedError: in <TCP (closed) Ephemeral Worker->Worker for gather local=tcp://192.168.86.140:37510 remote=tcp://192.168.86.118:39580>: Stream is closed
2026-01-14 23:35:45,149 - distributed.worker - ERROR - Worker stream died during communication: tcp://192.168.86.142:37504
Traceback (most recent call last):
  File "/home1/zrentala/.conda/envs/zrentala/lib/python3.11/site-packages/tornado/iostream.py", line 962, in _handle_write
    num_bytes = self.write_to_fd(self._write_buffer.peek(size))
                ^^^^^^^^^^^^^^^^^^^^^^^^^^^^^^^^^^^^^^^^^^^^^^^
  File "/home1/zrentala/.conda/envs/zrentala/lib/python3.11/site-packages/tornado/iostream.py", line 1121, in write_to_fd
    return self.socket.send(data)  # type: ignore
           ^^^^^^^^^^^^^^^^^^^^^^
BrokenPipeError: [Errno 32] Broken pipe

The above exception was the direct cause of the following exception:

Traceback (most recent call last):
  File "/home1/zrentala/.conda/envs/zrentala/lib/python3.11/site-packages/distributed/worker.py", line 2081, in gather_dep
    response = await get_data_from_worker(
               ^^^^^^^^^^^^^^^^^^^^^^^^^^^
  File "/home1/zrentala/.conda/envs/zrentala/lib/python3.11/site-packages/distributed/worker.py", line 2887, in get_data_from_worker
    response = await send_recv(
               ^^^^^^^^^^^^^^^^
  File "/home1/zrentala/.conda/envs/zrentala/lib/python3.11/site-packages/distributed/core.py", line 1018, in send_recv
    response = await comm.read(deserializers=deserializers)
               ^^^^^^^^^^^^^^^^^^^^^^^^^^^^^^^^^^^^^^^^^^^^
  File "/home1/zrentala/.conda/envs/zrentala/lib/python3.11/site-packages/distributed/comm/tcp.py", line 237, in read
    convert_stream_closed_error(self, e)
  File "/home1/zrentala/.conda/envs/zrentala/lib/python3.11/site-packages/distributed/comm/tcp.py", line 143, in convert_stream_closed_error
    raise CommClosedError(f"in {obj}: {exc.__class__.__name__}: {exc}") from exc
distributed.comm.core.CommClosedError: in <TCP (closed) Ephemeral Worker->Worker for gather local=tcp://192.168.86.140:47534 remote=tcp://192.168.86.142:37504>: BrokenPipeError: [Errno 32] Broken pipe
2026-01-14 23:35:45,195 - distributed.worker - ERROR - Worker stream died during communication: tcp://192.168.86.143:32805
Traceback (most recent call last):
  File "/home1/zrentala/.conda/envs/zrentala/lib/python3.11/site-packages/tornado/iostream.py", line 962, in _handle_write
    num_bytes = self.write_to_fd(self._write_buffer.peek(size))
                ^^^^^^^^^^^^^^^^^^^^^^^^^^^^^^^^^^^^^^^^^^^^^^^
  File "/home1/zrentala/.conda/envs/zrentala/lib/python3.11/site-packages/tornado/iostream.py", line 1121, in write_to_fd
    return self.socket.send(data)  # type: ignore
           ^^^^^^^^^^^^^^^^^^^^^^
BrokenPipeError: [Errno 32] Broken pipe

The above exception was the direct cause of the following exception:

Traceback (most recent call last):
  File "/home1/zrentala/.conda/envs/zrentala/lib/python3.11/site-packages/distributed/worker.py", line 2081, in gather_dep
    response = await get_data_from_worker(
               ^^^^^^^^^^^^^^^^^^^^^^^^^^^
  File "/home1/zrentala/.conda/envs/zrentala/lib/python3.11/site-packages/distributed/worker.py", line 2887, in get_data_from_worker
    response = await send_recv(
               ^^^^^^^^^^^^^^^^
  File "/home1/zrentala/.conda/envs/zrentala/lib/python3.11/site-packages/distributed/core.py", line 1018, in send_recv
    response = await comm.read(deserializers=deserializers)
               ^^^^^^^^^^^^^^^^^^^^^^^^^^^^^^^^^^^^^^^^^^^^
  File "/home1/zrentala/.conda/envs/zrentala/lib/python3.11/site-packages/distributed/comm/tcp.py", line 237, in read
    convert_stream_closed_error(self, e)
  File "/home1/zrentala/.conda/envs/zrentala/lib/python3.11/site-packages/distributed/comm/tcp.py", line 143, in convert_stream_closed_error
    raise CommClosedError(f"in {obj}: {exc.__class__.__name__}: {exc}") from exc
distributed.comm.core.CommClosedError: in <TCP (closed) Ephemeral Worker->Worker for gather local=tcp://192.168.86.140:42644 remote=tcp://192.168.86.143:32805>: BrokenPipeError: [Errno 32] Broken pipe
2026-01-14 23:35:45,222 - distributed.worker - ERROR - Worker stream died during communication: tcp://192.168.86.119:46386
Traceback (most recent call last):
  File "/home1/zrentala/.conda/envs/zrentala/lib/python3.11/site-packages/tornado/iostream.py", line 962, in _handle_write
    num_bytes = self.write_to_fd(self._write_buffer.peek(size))
                ^^^^^^^^^^^^^^^^^^^^^^^^^^^^^^^^^^^^^^^^^^^^^^^
  File "/home1/zrentala/.conda/envs/zrentala/lib/python3.11/site-packages/tornado/iostream.py", line 1121, in write_to_fd
    return self.socket.send(data)  # type: ignore
           ^^^^^^^^^^^^^^^^^^^^^^
BrokenPipeError: [Errno 32] Broken pipe

The above exception was the direct cause of the following exception:

Traceback (most recent call last):
  File "/home1/zrentala/.conda/envs/zrentala/lib/python3.11/site-packages/distributed/worker.py", line 2081, in gather_dep
    response = await get_data_from_worker(
               ^^^^^^^^^^^^^^^^^^^^^^^^^^^
  File "/home1/zrentala/.conda/envs/zrentala/lib/python3.11/site-packages/distributed/worker.py", line 2887, in get_data_from_worker
    response = await send_recv(
               ^^^^^^^^^^^^^^^^
  File "/home1/zrentala/.conda/envs/zrentala/lib/python3.11/site-packages/distributed/core.py", line 1018, in send_recv
    response = await comm.read(deserializers=deserializers)
               ^^^^^^^^^^^^^^^^^^^^^^^^^^^^^^^^^^^^^^^^^^^^
  File "/home1/zrentala/.conda/envs/zrentala/lib/python3.11/site-packages/distributed/comm/tcp.py", line 237, in read
    convert_stream_closed_error(self, e)
  File "/home1/zrentala/.conda/envs/zrentala/lib/python3.11/site-packages/distributed/comm/tcp.py", line 143, in convert_stream_closed_error
    raise CommClosedError(f"in {obj}: {exc.__class__.__name__}: {exc}") from exc
distributed.comm.core.CommClosedError: in <TCP (closed) Ephemeral Worker->Worker for gather local=tcp://192.168.86.140:53476 remote=tcp://192.168.86.119:46386>: BrokenPipeError: [Errno 32] Broken pipe
2026-01-14 23:35:45,223 - distributed.worker - ERROR - Worker stream died during communication: tcp://192.168.86.117:35195
Traceback (most recent call last):
  File "/home1/zrentala/.conda/envs/zrentala/lib/python3.11/site-packages/tornado/iostream.py", line 962, in _handle_write
    num_bytes = self.write_to_fd(self._write_buffer.peek(size))
                ^^^^^^^^^^^^^^^^^^^^^^^^^^^^^^^^^^^^^^^^^^^^^^^
  File "/home1/zrentala/.conda/envs/zrentala/lib/python3.11/site-packages/tornado/iostream.py", line 1121, in write_to_fd
    return self.socket.send(data)  # type: ignore
           ^^^^^^^^^^^^^^^^^^^^^^
BrokenPipeError: [Errno 32] Broken pipe

The above exception was the direct cause of the following exception:

Traceback (most recent call last):
  File "/home1/zrentala/.conda/envs/zrentala/lib/python3.11/site-packages/distributed/worker.py", line 2081, in gather_dep
    response = await get_data_from_worker(
               ^^^^^^^^^^^^^^^^^^^^^^^^^^^
  File "/home1/zrentala/.conda/envs/zrentala/lib/python3.11/site-packages/distributed/worker.py", line 2887, in get_data_from_worker
    response = await send_recv(
               ^^^^^^^^^^^^^^^^
  File "/home1/zrentala/.conda/envs/zrentala/lib/python3.11/site-packages/distributed/core.py", line 1018, in send_recv
    response = await comm.read(deserializers=deserializers)
               ^^^^^^^^^^^^^^^^^^^^^^^^^^^^^^^^^^^^^^^^^^^^
  File "/home1/zrentala/.conda/envs/zrentala/lib/python3.11/site-packages/distributed/comm/tcp.py", line 237, in read
    convert_stream_closed_error(self, e)
  File "/home1/zrentala/.conda/envs/zrentala/lib/python3.11/site-packages/distributed/comm/tcp.py", line 143, in convert_stream_closed_error
    raise CommClosedError(f"in {obj}: {exc.__class__.__name__}: {exc}") from exc
distributed.comm.core.CommClosedError: in <TCP (closed) Ephemeral Worker->Worker for gather local=tcp://192.168.86.140:35602 remote=tcp://192.168.86.117:35195>: BrokenPipeError: [Errno 32] Broken pipe
2026-01-14 23:35:45,250 - distributed.worker - ERROR - Worker stream died during communication: tcp://192.168.86.136:41452
Traceback (most recent call last):
  File "/home1/zrentala/.conda/envs/zrentala/lib/python3.11/site-packages/tornado/iostream.py", line 962, in _handle_write
    num_bytes = self.write_to_fd(self._write_buffer.peek(size))
                ^^^^^^^^^^^^^^^^^^^^^^^^^^^^^^^^^^^^^^^^^^^^^^^
  File "/home1/zrentala/.conda/envs/zrentala/lib/python3.11/site-packages/tornado/iostream.py", line 1121, in write_to_fd
    return self.socket.send(data)  # type: ignore
           ^^^^^^^^^^^^^^^^^^^^^^
BrokenPipeError: [Errno 32] Broken pipe

The above exception was the direct cause of the following exception:

Traceback (most recent call last):
  File "/home1/zrentala/.conda/envs/zrentala/lib/python3.11/site-packages/distributed/worker.py", line 2081, in gather_dep
    response = await get_data_from_worker(
               ^^^^^^^^^^^^^^^^^^^^^^^^^^^
  File "/home1/zrentala/.conda/envs/zrentala/lib/python3.11/site-packages/distributed/worker.py", line 2887, in get_data_from_worker
    response = await send_recv(
               ^^^^^^^^^^^^^^^^
  File "/home1/zrentala/.conda/envs/zrentala/lib/python3.11/site-packages/distributed/core.py", line 1018, in send_recv
    response = await comm.read(deserializers=deserializers)
               ^^^^^^^^^^^^^^^^^^^^^^^^^^^^^^^^^^^^^^^^^^^^
  File "/home1/zrentala/.conda/envs/zrentala/lib/python3.11/site-packages/distributed/comm/tcp.py", line 237, in read
    convert_stream_closed_error(self, e)
  File "/home1/zrentala/.conda/envs/zrentala/lib/python3.11/site-packages/distributed/comm/tcp.py", line 143, in convert_stream_closed_error
    raise CommClosedError(f"in {obj}: {exc.__class__.__name__}: {exc}") from exc
distributed.comm.core.CommClosedError: in <TCP (closed) Ephemeral Worker->Worker for gather local=tcp://192.168.86.140:47538 remote=tcp://192.168.86.136:41452>: BrokenPipeError: [Errno 32] Broken pipe
2026-01-14 23:35:45,281 - distributed.worker - ERROR - Worker stream died during communication: tcp://192.168.86.135:41795
Traceback (most recent call last):
  File "/home1/zrentala/.conda/envs/zrentala/lib/python3.11/site-packages/tornado/iostream.py", line 962, in _handle_write
    num_bytes = self.write_to_fd(self._write_buffer.peek(size))
                ^^^^^^^^^^^^^^^^^^^^^^^^^^^^^^^^^^^^^^^^^^^^^^^
  File "/home1/zrentala/.conda/envs/zrentala/lib/python3.11/site-packages/tornado/iostream.py", line 1121, in write_to_fd
    return self.socket.send(data)  # type: ignore
           ^^^^^^^^^^^^^^^^^^^^^^
BrokenPipeError: [Errno 32] Broken pipe

The above exception was the direct cause of the following exception:

Traceback (most recent call last):
  File "/home1/zrentala/.conda/envs/zrentala/lib/python3.11/site-packages/distributed/worker.py", line 2081, in gather_dep
    response = await get_data_from_worker(
               ^^^^^^^^^^^^^^^^^^^^^^^^^^^
  File "/home1/zrentala/.conda/envs/zrentala/lib/python3.11/site-packages/distributed/worker.py", line 2887, in get_data_from_worker
    response = await send_recv(
               ^^^^^^^^^^^^^^^^
  File "/home1/zrentala/.conda/envs/zrentala/lib/python3.11/site-packages/distributed/core.py", line 1018, in send_recv
    response = await comm.read(deserializers=deserializers)
               ^^^^^^^^^^^^^^^^^^^^^^^^^^^^^^^^^^^^^^^^^^^^
  File "/home1/zrentala/.conda/envs/zrentala/lib/python3.11/site-packages/distributed/comm/tcp.py", line 237, in read
    convert_stream_closed_error(self, e)
  File "/home1/zrentala/.conda/envs/zrentala/lib/python3.11/site-packages/distributed/comm/tcp.py", line 143, in convert_stream_closed_error
    raise CommClosedError(f"in {obj}: {exc.__class__.__name__}: {exc}") from exc
distributed.comm.core.CommClosedError: in <TCP (closed) Ephemeral Worker->Worker for gather local=tcp://192.168.86.140:50120 remote=tcp://192.168.86.135:41795>: BrokenPipeError: [Errno 32] Broken pipe
2026-01-14 23:35:45,303 - distributed.worker - ERROR - Worker stream died during communication: tcp://192.168.86.119:34470
Traceback (most recent call last):
  File "/home1/zrentala/.conda/envs/zrentala/lib/python3.11/site-packages/tornado/iostream.py", line 962, in _handle_write
    num_bytes = self.write_to_fd(self._write_buffer.peek(size))
                ^^^^^^^^^^^^^^^^^^^^^^^^^^^^^^^^^^^^^^^^^^^^^^^
  File "/home1/zrentala/.conda/envs/zrentala/lib/python3.11/site-packages/tornado/iostream.py", line 1121, in write_to_fd
    return self.socket.send(data)  # type: ignore
           ^^^^^^^^^^^^^^^^^^^^^^
BrokenPipeError: [Errno 32] Broken pipe

The above exception was the direct cause of the following exception:

Traceback (most recent call last):
  File "/home1/zrentala/.conda/envs/zrentala/lib/python3.11/site-packages/distributed/worker.py", line 2081, in gather_dep
    response = await get_data_from_worker(
               ^^^^^^^^^^^^^^^^^^^^^^^^^^^
  File "/home1/zrentala/.conda/envs/zrentala/lib/python3.11/site-packages/distributed/worker.py", line 2887, in get_data_from_worker
    response = await send_recv(
               ^^^^^^^^^^^^^^^^
  File "/home1/zrentala/.conda/envs/zrentala/lib/python3.11/site-packages/distributed/core.py", line 1018, in send_recv
    response = await comm.read(deserializers=deserializers)
               ^^^^^^^^^^^^^^^^^^^^^^^^^^^^^^^^^^^^^^^^^^^^
  File "/home1/zrentala/.conda/envs/zrentala/lib/python3.11/site-packages/distributed/comm/tcp.py", line 237, in read
    convert_stream_closed_error(self, e)
  File "/home1/zrentala/.conda/envs/zrentala/lib/python3.11/site-packages/distributed/comm/tcp.py", line 143, in convert_stream_closed_error
    raise CommClosedError(f"in {obj}: {exc.__class__.__name__}: {exc}") from exc
distributed.comm.core.CommClosedError: in <TCP (closed) Ephemeral Worker->Worker for gather local=tcp://192.168.86.140:55436 remote=tcp://192.168.86.119:34470>: BrokenPipeError: [Errno 32] Broken pipe
2026-01-14 23:35:45,344 - distributed.worker - ERROR - Worker stream died during communication: tcp://192.168.86.126:46118
Traceback (most recent call last):
  File "/home1/zrentala/.conda/envs/zrentala/lib/python3.11/site-packages/tornado/iostream.py", line 962, in _handle_write
    num_bytes = self.write_to_fd(self._write_buffer.peek(size))
                ^^^^^^^^^^^^^^^^^^^^^^^^^^^^^^^^^^^^^^^^^^^^^^^
  File "/home1/zrentala/.conda/envs/zrentala/lib/python3.11/site-packages/tornado/iostream.py", line 1121, in write_to_fd
    return self.socket.send(data)  # type: ignore
           ^^^^^^^^^^^^^^^^^^^^^^
BrokenPipeError: [Errno 32] Broken pipe

The above exception was the direct cause of the following exception:

Traceback (most recent call last):
  File "/home1/zrentala/.conda/envs/zrentala/lib/python3.11/site-packages/distributed/worker.py", line 2081, in gather_dep
    response = await get_data_from_worker(
               ^^^^^^^^^^^^^^^^^^^^^^^^^^^
  File "/home1/zrentala/.conda/envs/zrentala/lib/python3.11/site-packages/distributed/worker.py", line 2887, in get_data_from_worker
    response = await send_recv(
               ^^^^^^^^^^^^^^^^
  File "/home1/zrentala/.conda/envs/zrentala/lib/python3.11/site-packages/distributed/core.py", line 1018, in send_recv
    response = await comm.read(deserializers=deserializers)
               ^^^^^^^^^^^^^^^^^^^^^^^^^^^^^^^^^^^^^^^^^^^^
  File "/home1/zrentala/.conda/envs/zrentala/lib/python3.11/site-packages/distributed/comm/tcp.py", line 237, in read
    convert_stream_closed_error(self, e)
  File "/home1/zrentala/.conda/envs/zrentala/lib/python3.11/site-packages/distributed/comm/tcp.py", line 143, in convert_stream_closed_error
    raise CommClosedError(f"in {obj}: {exc.__class__.__name__}: {exc}") from exc
distributed.comm.core.CommClosedError: in <TCP (closed) Ephemeral Worker->Worker for gather local=tcp://192.168.86.140:52878 remote=tcp://192.168.86.126:46118>: BrokenPipeError: [Errno 32] Broken pipe
2026-01-14 23:35:45,386 - distributed.worker - ERROR - Worker stream died during communication: tcp://192.168.86.133:34757
Traceback (most recent call last):
  File "/home1/zrentala/.conda/envs/zrentala/lib/python3.11/site-packages/tornado/iostream.py", line 962, in _handle_write
    num_bytes = self.write_to_fd(self._write_buffer.peek(size))
                ^^^^^^^^^^^^^^^^^^^^^^^^^^^^^^^^^^^^^^^^^^^^^^^
  File "/home1/zrentala/.conda/envs/zrentala/lib/python3.11/site-packages/tornado/iostream.py", line 1121, in write_to_fd
    return self.socket.send(data)  # type: ignore
           ^^^^^^^^^^^^^^^^^^^^^^
BrokenPipeError: [Errno 32] Broken pipe

The above exception was the direct cause of the following exception:

Traceback (most recent call last):
  File "/home1/zrentala/.conda/envs/zrentala/lib/python3.11/site-packages/distributed/worker.py", line 2081, in gather_dep
    response = await get_data_from_worker(
               ^^^^^^^^^^^^^^^^^^^^^^^^^^^
  File "/home1/zrentala/.conda/envs/zrentala/lib/python3.11/site-packages/distributed/worker.py", line 2887, in get_data_from_worker
    response = await send_recv(
               ^^^^^^^^^^^^^^^^
  File "/home1/zrentala/.conda/envs/zrentala/lib/python3.11/site-packages/distributed/core.py", line 1018, in send_recv
    response = await comm.read(deserializers=deserializers)
               ^^^^^^^^^^^^^^^^^^^^^^^^^^^^^^^^^^^^^^^^^^^^
  File "/home1/zrentala/.conda/envs/zrentala/lib/python3.11/site-packages/distributed/comm/tcp.py", line 237, in read
    convert_stream_closed_error(self, e)
  File "/home1/zrentala/.conda/envs/zrentala/lib/python3.11/site-packages/distributed/comm/tcp.py", line 143, in convert_stream_closed_error
    raise CommClosedError(f"in {obj}: {exc.__class__.__name__}: {exc}") from exc
distributed.comm.core.CommClosedError: in <TCP (closed) Ephemeral Worker->Worker for gather local=tcp://192.168.86.140:34436 remote=tcp://192.168.86.133:34757>: BrokenPipeError: [Errno 32] Broken pipe
2026-01-14 23:35:45,428 - distributed.worker - ERROR - Worker stream died during communication: tcp://192.168.86.143:38899
Traceback (most recent call last):
  File "/home1/zrentala/.conda/envs/zrentala/lib/python3.11/site-packages/tornado/iostream.py", line 962, in _handle_write
    num_bytes = self.write_to_fd(self._write_buffer.peek(size))
                ^^^^^^^^^^^^^^^^^^^^^^^^^^^^^^^^^^^^^^^^^^^^^^^
  File "/home1/zrentala/.conda/envs/zrentala/lib/python3.11/site-packages/tornado/iostream.py", line 1121, in write_to_fd
    return self.socket.send(data)  # type: ignore
           ^^^^^^^^^^^^^^^^^^^^^^
BrokenPipeError: [Errno 32] Broken pipe

The above exception was the direct cause of the following exception:

Traceback (most recent call last):
  File "/home1/zrentala/.conda/envs/zrentala/lib/python3.11/site-packages/distributed/worker.py", line 2081, in gather_dep
    response = await get_data_from_worker(
               ^^^^^^^^^^^^^^^^^^^^^^^^^^^
  File "/home1/zrentala/.conda/envs/zrentala/lib/python3.11/site-packages/distributed/worker.py", line 2887, in get_data_from_worker
    response = await send_recv(
               ^^^^^^^^^^^^^^^^
  File "/home1/zrentala/.conda/envs/zrentala/lib/python3.11/site-packages/distributed/core.py", line 1018, in send_recv
    response = await comm.read(deserializers=deserializers)
               ^^^^^^^^^^^^^^^^^^^^^^^^^^^^^^^^^^^^^^^^^^^^
  File "/home1/zrentala/.conda/envs/zrentala/lib/python3.11/site-packages/distributed/comm/tcp.py", line 237, in read
    convert_stream_closed_error(self, e)
  File "/home1/zrentala/.conda/envs/zrentala/lib/python3.11/site-packages/distributed/comm/tcp.py", line 143, in convert_stream_closed_error
    raise CommClosedError(f"in {obj}: {exc.__class__.__name__}: {exc}") from exc
distributed.comm.core.CommClosedError: in <TCP (closed) Ephemeral Worker->Worker for gather local=tcp://192.168.86.140:47578 remote=tcp://192.168.86.143:38899>: BrokenPipeError: [Errno 32] Broken pipe
2026-01-14 23:35:45,469 - distributed.worker - ERROR - Worker stream died during communication: tcp://192.168.86.124:38503
Traceback (most recent call last):
  File "/home1/zrentala/.conda/envs/zrentala/lib/python3.11/site-packages/tornado/iostream.py", line 962, in _handle_write
    num_bytes = self.write_to_fd(self._write_buffer.peek(size))
                ^^^^^^^^^^^^^^^^^^^^^^^^^^^^^^^^^^^^^^^^^^^^^^^
  File "/home1/zrentala/.conda/envs/zrentala/lib/python3.11/site-packages/tornado/iostream.py", line 1121, in write_to_fd
    return self.socket.send(data)  # type: ignore
           ^^^^^^^^^^^^^^^^^^^^^^
BrokenPipeError: [Errno 32] Broken pipe

The above exception was the direct cause of the following exception:

Traceback (most recent call last):
  File "/home1/zrentala/.conda/envs/zrentala/lib/python3.11/site-packages/distributed/worker.py", line 2081, in gather_dep
    response = await get_data_from_worker(
               ^^^^^^^^^^^^^^^^^^^^^^^^^^^
  File "/home1/zrentala/.conda/envs/zrentala/lib/python3.11/site-packages/distributed/worker.py", line 2887, in get_data_from_worker
    response = await send_recv(
               ^^^^^^^^^^^^^^^^
  File "/home1/zrentala/.conda/envs/zrentala/lib/python3.11/site-packages/distributed/core.py", line 1018, in send_recv
    response = await comm.read(deserializers=deserializers)
               ^^^^^^^^^^^^^^^^^^^^^^^^^^^^^^^^^^^^^^^^^^^^
  File "/home1/zrentala/.conda/envs/zrentala/lib/python3.11/site-packages/distributed/comm/tcp.py", line 237, in read
    convert_stream_closed_error(self, e)
  File "/home1/zrentala/.conda/envs/zrentala/lib/python3.11/site-packages/distributed/comm/tcp.py", line 143, in convert_stream_closed_error
    raise CommClosedError(f"in {obj}: {exc.__class__.__name__}: {exc}") from exc
distributed.comm.core.CommClosedError: in <TCP (closed) Ephemeral Worker->Worker for gather local=tcp://192.168.86.140:35394 remote=tcp://192.168.86.124:38503>: BrokenPipeError: [Errno 32] Broken pipe
2026-01-14 23:35:45,511 - distributed.worker - ERROR - Worker stream died during communication: tcp://192.168.86.142:36661
Traceback (most recent call last):
  File "/home1/zrentala/.conda/envs/zrentala/lib/python3.11/site-packages/tornado/iostream.py", line 962, in _handle_write
    num_bytes = self.write_to_fd(self._write_buffer.peek(size))
                ^^^^^^^^^^^^^^^^^^^^^^^^^^^^^^^^^^^^^^^^^^^^^^^
  File "/home1/zrentala/.conda/envs/zrentala/lib/python3.11/site-packages/tornado/iostream.py", line 1121, in write_to_fd
    return self.socket.send(data)  # type: ignore
           ^^^^^^^^^^^^^^^^^^^^^^
BrokenPipeError: [Errno 32] Broken pipe

The above exception was the direct cause of the following exception:

Traceback (most recent call last):
  File "/home1/zrentala/.conda/envs/zrentala/lib/python3.11/site-packages/distributed/worker.py", line 2081, in gather_dep
    response = await get_data_from_worker(
               ^^^^^^^^^^^^^^^^^^^^^^^^^^^
  File "/home1/zrentala/.conda/envs/zrentala/lib/python3.11/site-packages/distributed/worker.py", line 2887, in get_data_from_worker
    response = await send_recv(
               ^^^^^^^^^^^^^^^^
  File "/home1/zrentala/.conda/envs/zrentala/lib/python3.11/site-packages/distributed/core.py", line 1018, in send_recv
    response = await comm.read(deserializers=deserializers)
               ^^^^^^^^^^^^^^^^^^^^^^^^^^^^^^^^^^^^^^^^^^^^
  File "/home1/zrentala/.conda/envs/zrentala/lib/python3.11/site-packages/distributed/comm/tcp.py", line 237, in read
    convert_stream_closed_error(self, e)
  File "/home1/zrentala/.conda/envs/zrentala/lib/python3.11/site-packages/distributed/comm/tcp.py", line 143, in convert_stream_closed_error
    raise CommClosedError(f"in {obj}: {exc.__class__.__name__}: {exc}") from exc
distributed.comm.core.CommClosedError: in <TCP (closed) Ephemeral Worker->Worker for gather local=tcp://192.168.86.140:56886 remote=tcp://192.168.86.142:36661>: BrokenPipeError: [Errno 32] Broken pipe
2026-01-14 23:35:45,553 - distributed.worker - ERROR - Worker stream died during communication: tcp://192.168.86.120:34628
Traceback (most recent call last):
  File "/home1/zrentala/.conda/envs/zrentala/lib/python3.11/site-packages/tornado/iostream.py", line 962, in _handle_write
    num_bytes = self.write_to_fd(self._write_buffer.peek(size))
                ^^^^^^^^^^^^^^^^^^^^^^^^^^^^^^^^^^^^^^^^^^^^^^^
  File "/home1/zrentala/.conda/envs/zrentala/lib/python3.11/site-packages/tornado/iostream.py", line 1121, in write_to_fd
    return self.socket.send(data)  # type: ignore
           ^^^^^^^^^^^^^^^^^^^^^^
BrokenPipeError: [Errno 32] Broken pipe

The above exception was the direct cause of the following exception:

Traceback (most recent call last):
  File "/home1/zrentala/.conda/envs/zrentala/lib/python3.11/site-packages/distributed/worker.py", line 2081, in gather_dep
    response = await get_data_from_worker(
               ^^^^^^^^^^^^^^^^^^^^^^^^^^^
  File "/home1/zrentala/.conda/envs/zrentala/lib/python3.11/site-packages/distributed/worker.py", line 2887, in get_data_from_worker
    response = await send_recv(
               ^^^^^^^^^^^^^^^^
  File "/home1/zrentala/.conda/envs/zrentala/lib/python3.11/site-packages/distributed/core.py", line 1018, in send_recv
    response = await comm.read(deserializers=deserializers)
               ^^^^^^^^^^^^^^^^^^^^^^^^^^^^^^^^^^^^^^^^^^^^
  File "/home1/zrentala/.conda/envs/zrentala/lib/python3.11/site-packages/distributed/comm/tcp.py", line 237, in read
    convert_stream_closed_error(self, e)
  File "/home1/zrentala/.conda/envs/zrentala/lib/python3.11/site-packages/distributed/comm/tcp.py", line 143, in convert_stream_closed_error
    raise CommClosedError(f"in {obj}: {exc.__class__.__name__}: {exc}") from exc
distributed.comm.core.CommClosedError: in <TCP (closed) Ephemeral Worker->Worker for gather local=tcp://192.168.86.140:54696 remote=tcp://192.168.86.120:34628>: BrokenPipeError: [Errno 32] Broken pipe
2026-01-14 23:35:45,594 - distributed.worker - ERROR - Worker stream died during communication: tcp://192.168.86.120:42313
Traceback (most recent call last):
  File "/home1/zrentala/.conda/envs/zrentala/lib/python3.11/site-packages/tornado/iostream.py", line 962, in _handle_write
    num_bytes = self.write_to_fd(self._write_buffer.peek(size))
                ^^^^^^^^^^^^^^^^^^^^^^^^^^^^^^^^^^^^^^^^^^^^^^^
  File "/home1/zrentala/.conda/envs/zrentala/lib/python3.11/site-packages/tornado/iostream.py", line 1121, in write_to_fd
    return self.socket.send(data)  # type: ignore
           ^^^^^^^^^^^^^^^^^^^^^^
BrokenPipeError: [Errno 32] Broken pipe

The above exception was the direct cause of the following exception:

Traceback (most recent call last):
  File "/home1/zrentala/.conda/envs/zrentala/lib/python3.11/site-packages/distributed/worker.py", line 2081, in gather_dep
    response = await get_data_from_worker(
               ^^^^^^^^^^^^^^^^^^^^^^^^^^^
  File "/home1/zrentala/.conda/envs/zrentala/lib/python3.11/site-packages/distributed/worker.py", line 2887, in get_data_from_worker
    response = await send_recv(
               ^^^^^^^^^^^^^^^^
  File "/home1/zrentala/.conda/envs/zrentala/lib/python3.11/site-packages/distributed/core.py", line 1018, in send_recv
    response = await comm.read(deserializers=deserializers)
               ^^^^^^^^^^^^^^^^^^^^^^^^^^^^^^^^^^^^^^^^^^^^
  File "/home1/zrentala/.conda/envs/zrentala/lib/python3.11/site-packages/distributed/comm/tcp.py", line 237, in read
    convert_stream_closed_error(self, e)
  File "/home1/zrentala/.conda/envs/zrentala/lib/python3.11/site-packages/distributed/comm/tcp.py", line 143, in convert_stream_closed_error
    raise CommClosedError(f"in {obj}: {exc.__class__.__name__}: {exc}") from exc
distributed.comm.core.CommClosedError: in <TCP (closed) Ephemeral Worker->Worker for gather local=tcp://192.168.86.140:43482 remote=tcp://192.168.86.120:42313>: BrokenPipeError: [Errno 32] Broken pipe
2026-01-14 23:35:45,631 - distributed.worker - ERROR - Worker stream died during communication: tcp://192.168.86.124:41619
Traceback (most recent call last):
  File "/home1/zrentala/.conda/envs/zrentala/lib/python3.11/site-packages/tornado/iostream.py", line 962, in _handle_write
    num_bytes = self.write_to_fd(self._write_buffer.peek(size))
                ^^^^^^^^^^^^^^^^^^^^^^^^^^^^^^^^^^^^^^^^^^^^^^^
  File "/home1/zrentala/.conda/envs/zrentala/lib/python3.11/site-packages/tornado/iostream.py", line 1121, in write_to_fd
    return self.socket.send(data)  # type: ignore
           ^^^^^^^^^^^^^^^^^^^^^^
BrokenPipeError: [Errno 32] Broken pipe

The above exception was the direct cause of the following exception:

Traceback (most recent call last):
  File "/home1/zrentala/.conda/envs/zrentala/lib/python3.11/site-packages/distributed/worker.py", line 2081, in gather_dep
    response = await get_data_from_worker(
               ^^^^^^^^^^^^^^^^^^^^^^^^^^^
  File "/home1/zrentala/.conda/envs/zrentala/lib/python3.11/site-packages/distributed/worker.py", line 2887, in get_data_from_worker
    response = await send_recv(
               ^^^^^^^^^^^^^^^^
  File "/home1/zrentala/.conda/envs/zrentala/lib/python3.11/site-packages/distributed/core.py", line 1018, in send_recv
    response = await comm.read(deserializers=deserializers)
               ^^^^^^^^^^^^^^^^^^^^^^^^^^^^^^^^^^^^^^^^^^^^
  File "/home1/zrentala/.conda/envs/zrentala/lib/python3.11/site-packages/distributed/comm/tcp.py", line 237, in read
    convert_stream_closed_error(self, e)
  File "/home1/zrentala/.conda/envs/zrentala/lib/python3.11/site-packages/distributed/comm/tcp.py", line 143, in convert_stream_closed_error
    raise CommClosedError(f"in {obj}: {exc.__class__.__name__}: {exc}") from exc
distributed.comm.core.CommClosedError: in <TCP (closed) Ephemeral Worker->Worker for gather local=tcp://192.168.86.140:50454 remote=tcp://192.168.86.124:41619>: BrokenPipeError: [Errno 32] Broken pipe
2026-01-14 23:35:45,673 - distributed.worker - ERROR - Worker stream died during communication: tcp://192.168.86.133:39224
Traceback (most recent call last):
  File "/home1/zrentala/.conda/envs/zrentala/lib/python3.11/site-packages/tornado/iostream.py", line 962, in _handle_write
    num_bytes = self.write_to_fd(self._write_buffer.peek(size))
                ^^^^^^^^^^^^^^^^^^^^^^^^^^^^^^^^^^^^^^^^^^^^^^^
  File "/home1/zrentala/.conda/envs/zrentala/lib/python3.11/site-packages/tornado/iostream.py", line 1121, in write_to_fd
    return self.socket.send(data)  # type: ignore
           ^^^^^^^^^^^^^^^^^^^^^^
BrokenPipeError: [Errno 32] Broken pipe

The above exception was the direct cause of the following exception:

Traceback (most recent call last):
  File "/home1/zrentala/.conda/envs/zrentala/lib/python3.11/site-packages/distributed/worker.py", line 2081, in gather_dep
    response = await get_data_from_worker(
               ^^^^^^^^^^^^^^^^^^^^^^^^^^^
  File "/home1/zrentala/.conda/envs/zrentala/lib/python3.11/site-packages/distributed/worker.py", line 2887, in get_data_from_worker
    response = await send_recv(
               ^^^^^^^^^^^^^^^^
  File "/home1/zrentala/.conda/envs/zrentala/lib/python3.11/site-packages/distributed/core.py", line 1018, in send_recv
    response = await comm.read(deserializers=deserializers)
               ^^^^^^^^^^^^^^^^^^^^^^^^^^^^^^^^^^^^^^^^^^^^
  File "/home1/zrentala/.conda/envs/zrentala/lib/python3.11/site-packages/distributed/comm/tcp.py", line 237, in read
    convert_stream_closed_error(self, e)
  File "/home1/zrentala/.conda/envs/zrentala/lib/python3.11/site-packages/distributed/comm/tcp.py", line 143, in convert_stream_closed_error
    raise CommClosedError(f"in {obj}: {exc.__class__.__name__}: {exc}") from exc
distributed.comm.core.CommClosedError: in <TCP (closed) Ephemeral Worker->Worker for gather local=tcp://192.168.86.140:57550 remote=tcp://192.168.86.133:39224>: BrokenPipeError: [Errno 32] Broken pipe
2026-01-14 23:35:45,714 - distributed.worker - ERROR - Worker stream died during communication: tcp://192.168.86.123:42286
Traceback (most recent call last):
  File "/home1/zrentala/.conda/envs/zrentala/lib/python3.11/site-packages/tornado/iostream.py", line 962, in _handle_write
    num_bytes = self.write_to_fd(self._write_buffer.peek(size))
                ^^^^^^^^^^^^^^^^^^^^^^^^^^^^^^^^^^^^^^^^^^^^^^^
  File "/home1/zrentala/.conda/envs/zrentala/lib/python3.11/site-packages/tornado/iostream.py", line 1121, in write_to_fd
    return self.socket.send(data)  # type: ignore
           ^^^^^^^^^^^^^^^^^^^^^^
BrokenPipeError: [Errno 32] Broken pipe

The above exception was the direct cause of the following exception:

Traceback (most recent call last):
  File "/home1/zrentala/.conda/envs/zrentala/lib/python3.11/site-packages/distributed/worker.py", line 2081, in gather_dep
    response = await get_data_from_worker(
               ^^^^^^^^^^^^^^^^^^^^^^^^^^^
  File "/home1/zrentala/.conda/envs/zrentala/lib/python3.11/site-packages/distributed/worker.py", line 2887, in get_data_from_worker
    response = await send_recv(
               ^^^^^^^^^^^^^^^^
  File "/home1/zrentala/.conda/envs/zrentala/lib/python3.11/site-packages/distributed/core.py", line 1018, in send_recv
    response = await comm.read(deserializers=deserializers)
               ^^^^^^^^^^^^^^^^^^^^^^^^^^^^^^^^^^^^^^^^^^^^
  File "/home1/zrentala/.conda/envs/zrentala/lib/python3.11/site-packages/distributed/comm/tcp.py", line 237, in read
    convert_stream_closed_error(self, e)
  File "/home1/zrentala/.conda/envs/zrentala/lib/python3.11/site-packages/distributed/comm/tcp.py", line 143, in convert_stream_closed_error
    raise CommClosedError(f"in {obj}: {exc.__class__.__name__}: {exc}") from exc
distributed.comm.core.CommClosedError: in <TCP (closed) Ephemeral Worker->Worker for gather local=tcp://192.168.86.140:54058 remote=tcp://192.168.86.123:42286>: BrokenPipeError: [Errno 32] Broken pipe
2026-01-14 23:35:45,756 - distributed.worker - ERROR - Worker stream died during communication: tcp://192.168.86.125:43243
Traceback (most recent call last):
  File "/home1/zrentala/.conda/envs/zrentala/lib/python3.11/site-packages/tornado/iostream.py", line 962, in _handle_write
    num_bytes = self.write_to_fd(self._write_buffer.peek(size))
                ^^^^^^^^^^^^^^^^^^^^^^^^^^^^^^^^^^^^^^^^^^^^^^^
  File "/home1/zrentala/.conda/envs/zrentala/lib/python3.11/site-packages/tornado/iostream.py", line 1121, in write_to_fd
    return self.socket.send(data)  # type: ignore
           ^^^^^^^^^^^^^^^^^^^^^^
BrokenPipeError: [Errno 32] Broken pipe

The above exception was the direct cause of the following exception:

Traceback (most recent call last):
  File "/home1/zrentala/.conda/envs/zrentala/lib/python3.11/site-packages/distributed/worker.py", line 2081, in gather_dep
    response = await get_data_from_worker(
               ^^^^^^^^^^^^^^^^^^^^^^^^^^^
  File "/home1/zrentala/.conda/envs/zrentala/lib/python3.11/site-packages/distributed/worker.py", line 2887, in get_data_from_worker
    response = await send_recv(
               ^^^^^^^^^^^^^^^^
  File "/home1/zrentala/.conda/envs/zrentala/lib/python3.11/site-packages/distributed/core.py", line 1018, in send_recv
    response = await comm.read(deserializers=deserializers)
               ^^^^^^^^^^^^^^^^^^^^^^^^^^^^^^^^^^^^^^^^^^^^
  File "/home1/zrentala/.conda/envs/zrentala/lib/python3.11/site-packages/distributed/comm/tcp.py", line 237, in read
    convert_stream_closed_error(self, e)
  File "/home1/zrentala/.conda/envs/zrentala/lib/python3.11/site-packages/distributed/comm/tcp.py", line 143, in convert_stream_closed_error
    raise CommClosedError(f"in {obj}: {exc.__class__.__name__}: {exc}") from exc
distributed.comm.core.CommClosedError: in <TCP (closed) Ephemeral Worker->Worker for gather local=tcp://192.168.86.140:51924 remote=tcp://192.168.86.125:43243>: BrokenPipeError: [Errno 32] Broken pipe
2026-01-14 23:35:45,798 - distributed.worker - ERROR - Worker stream died during communication: tcp://192.168.86.136:37527
Traceback (most recent call last):
  File "/home1/zrentala/.conda/envs/zrentala/lib/python3.11/site-packages/tornado/iostream.py", line 962, in _handle_write
    num_bytes = self.write_to_fd(self._write_buffer.peek(size))
                ^^^^^^^^^^^^^^^^^^^^^^^^^^^^^^^^^^^^^^^^^^^^^^^
  File "/home1/zrentala/.conda/envs/zrentala/lib/python3.11/site-packages/tornado/iostream.py", line 1121, in write_to_fd
    return self.socket.send(data)  # type: ignore
           ^^^^^^^^^^^^^^^^^^^^^^
BrokenPipeError: [Errno 32] Broken pipe

The above exception was the direct cause of the following exception:

Traceback (most recent call last):
  File "/home1/zrentala/.conda/envs/zrentala/lib/python3.11/site-packages/distributed/worker.py", line 2081, in gather_dep
    response = await get_data_from_worker(
               ^^^^^^^^^^^^^^^^^^^^^^^^^^^
  File "/home1/zrentala/.conda/envs/zrentala/lib/python3.11/site-packages/distributed/worker.py", line 2887, in get_data_from_worker
    response = await send_recv(
               ^^^^^^^^^^^^^^^^
  File "/home1/zrentala/.conda/envs/zrentala/lib/python3.11/site-packages/distributed/core.py", line 1018, in send_recv
    response = await comm.read(deserializers=deserializers)
               ^^^^^^^^^^^^^^^^^^^^^^^^^^^^^^^^^^^^^^^^^^^^
  File "/home1/zrentala/.conda/envs/zrentala/lib/python3.11/site-packages/distributed/comm/tcp.py", line 237, in read
    convert_stream_closed_error(self, e)
  File "/home1/zrentala/.conda/envs/zrentala/lib/python3.11/site-packages/distributed/comm/tcp.py", line 143, in convert_stream_closed_error
    raise CommClosedError(f"in {obj}: {exc.__class__.__name__}: {exc}") from exc
distributed.comm.core.CommClosedError: in <TCP (closed) Ephemeral Worker->Worker for gather local=tcp://192.168.86.140:35144 remote=tcp://192.168.86.136:37527>: BrokenPipeError: [Errno 32] Broken pipe
2026-01-14 23:35:45,839 - distributed.worker - ERROR - Worker stream died during communication: tcp://192.168.86.134:44477
Traceback (most recent call last):
  File "/home1/zrentala/.conda/envs/zrentala/lib/python3.11/site-packages/tornado/iostream.py", line 962, in _handle_write
    num_bytes = self.write_to_fd(self._write_buffer.peek(size))
                ^^^^^^^^^^^^^^^^^^^^^^^^^^^^^^^^^^^^^^^^^^^^^^^
  File "/home1/zrentala/.conda/envs/zrentala/lib/python3.11/site-packages/tornado/iostream.py", line 1121, in write_to_fd
    return self.socket.send(data)  # type: ignore
           ^^^^^^^^^^^^^^^^^^^^^^
BrokenPipeError: [Errno 32] Broken pipe

The above exception was the direct cause of the following exception:

Traceback (most recent call last):
  File "/home1/zrentala/.conda/envs/zrentala/lib/python3.11/site-packages/distributed/worker.py", line 2081, in gather_dep
    response = await get_data_from_worker(
               ^^^^^^^^^^^^^^^^^^^^^^^^^^^
  File "/home1/zrentala/.conda/envs/zrentala/lib/python3.11/site-packages/distributed/worker.py", line 2887, in get_data_from_worker
    response = await send_recv(
               ^^^^^^^^^^^^^^^^
  File "/home1/zrentala/.conda/envs/zrentala/lib/python3.11/site-packages/distributed/core.py", line 1018, in send_recv
    response = await comm.read(deserializers=deserializers)
               ^^^^^^^^^^^^^^^^^^^^^^^^^^^^^^^^^^^^^^^^^^^^
  File "/home1/zrentala/.conda/envs/zrentala/lib/python3.11/site-packages/distributed/comm/tcp.py", line 237, in read
    convert_stream_closed_error(self, e)
  File "/home1/zrentala/.conda/envs/zrentala/lib/python3.11/site-packages/distributed/comm/tcp.py", line 143, in convert_stream_closed_error
    raise CommClosedError(f"in {obj}: {exc.__class__.__name__}: {exc}") from exc
distributed.comm.core.CommClosedError: in <TCP (closed) Ephemeral Worker->Worker for gather local=tcp://192.168.86.140:43804 remote=tcp://192.168.86.134:44477>: BrokenPipeError: [Errno 32] Broken pipe
2026-01-14 23:35:45,881 - distributed.worker - ERROR - Worker stream died during communication: tcp://192.168.86.121:35215
Traceback (most recent call last):
  File "/home1/zrentala/.conda/envs/zrentala/lib/python3.11/site-packages/tornado/iostream.py", line 962, in _handle_write
    num_bytes = self.write_to_fd(self._write_buffer.peek(size))
                ^^^^^^^^^^^^^^^^^^^^^^^^^^^^^^^^^^^^^^^^^^^^^^^
  File "/home1/zrentala/.conda/envs/zrentala/lib/python3.11/site-packages/tornado/iostream.py", line 1121, in write_to_fd
    return self.socket.send(data)  # type: ignore
           ^^^^^^^^^^^^^^^^^^^^^^
BrokenPipeError: [Errno 32] Broken pipe

The above exception was the direct cause of the following exception:

Traceback (most recent call last):
  File "/home1/zrentala/.conda/envs/zrentala/lib/python3.11/site-packages/distributed/worker.py", line 2081, in gather_dep
    response = await get_data_from_worker(
               ^^^^^^^^^^^^^^^^^^^^^^^^^^^
  File "/home1/zrentala/.conda/envs/zrentala/lib/python3.11/site-packages/distributed/worker.py", line 2887, in get_data_from_worker
    response = await send_recv(
               ^^^^^^^^^^^^^^^^
  File "/home1/zrentala/.conda/envs/zrentala/lib/python3.11/site-packages/distributed/core.py", line 1018, in send_recv
    response = await comm.read(deserializers=deserializers)
               ^^^^^^^^^^^^^^^^^^^^^^^^^^^^^^^^^^^^^^^^^^^^
  File "/home1/zrentala/.conda/envs/zrentala/lib/python3.11/site-packages/distributed/comm/tcp.py", line 237, in read
    convert_stream_closed_error(self, e)
  File "/home1/zrentala/.conda/envs/zrentala/lib/python3.11/site-packages/distributed/comm/tcp.py", line 143, in convert_stream_closed_error
    raise CommClosedError(f"in {obj}: {exc.__class__.__name__}: {exc}") from exc
distributed.comm.core.CommClosedError: in <TCP (closed) Ephemeral Worker->Worker for gather local=tcp://192.168.86.140:41816 remote=tcp://192.168.86.121:35215>: BrokenPipeError: [Errno 32] Broken pipe
2026-01-14 23:35:45,923 - distributed.worker - ERROR - Worker stream died during communication: tcp://192.168.86.117:40784
Traceback (most recent call last):
  File "/home1/zrentala/.conda/envs/zrentala/lib/python3.11/site-packages/tornado/iostream.py", line 962, in _handle_write
    num_bytes = self.write_to_fd(self._write_buffer.peek(size))
                ^^^^^^^^^^^^^^^^^^^^^^^^^^^^^^^^^^^^^^^^^^^^^^^
  File "/home1/zrentala/.conda/envs/zrentala/lib/python3.11/site-packages/tornado/iostream.py", line 1121, in write_to_fd
    return self.socket.send(data)  # type: ignore
           ^^^^^^^^^^^^^^^^^^^^^^
BrokenPipeError: [Errno 32] Broken pipe

The above exception was the direct cause of the following exception:

Traceback (most recent call last):
  File "/home1/zrentala/.conda/envs/zrentala/lib/python3.11/site-packages/distributed/worker.py", line 2081, in gather_dep
    response = await get_data_from_worker(
               ^^^^^^^^^^^^^^^^^^^^^^^^^^^
  File "/home1/zrentala/.conda/envs/zrentala/lib/python3.11/site-packages/distributed/worker.py", line 2887, in get_data_from_worker
    response = await send_recv(
               ^^^^^^^^^^^^^^^^
  File "/home1/zrentala/.conda/envs/zrentala/lib/python3.11/site-packages/distributed/core.py", line 1018, in send_recv
    response = await comm.read(deserializers=deserializers)
               ^^^^^^^^^^^^^^^^^^^^^^^^^^^^^^^^^^^^^^^^^^^^
  File "/home1/zrentala/.conda/envs/zrentala/lib/python3.11/site-packages/distributed/comm/tcp.py", line 237, in read
    convert_stream_closed_error(self, e)
  File "/home1/zrentala/.conda/envs/zrentala/lib/python3.11/site-packages/distributed/comm/tcp.py", line 143, in convert_stream_closed_error
    raise CommClosedError(f"in {obj}: {exc.__class__.__name__}: {exc}") from exc
distributed.comm.core.CommClosedError: in <TCP (closed) Ephemeral Worker->Worker for gather local=tcp://192.168.86.140:52322 remote=tcp://192.168.86.117:40784>: BrokenPipeError: [Errno 32] Broken pipe
2026-01-14 23:35:45,970 - distributed.worker - ERROR - Worker stream died during communication: tcp://192.168.86.143:36750
Traceback (most recent call last):
  File "/home1/zrentala/.conda/envs/zrentala/lib/python3.11/site-packages/tornado/iostream.py", line 962, in _handle_write
    num_bytes = self.write_to_fd(self._write_buffer.peek(size))
                ^^^^^^^^^^^^^^^^^^^^^^^^^^^^^^^^^^^^^^^^^^^^^^^
  File "/home1/zrentala/.conda/envs/zrentala/lib/python3.11/site-packages/tornado/iostream.py", line 1121, in write_to_fd
    return self.socket.send(data)  # type: ignore
           ^^^^^^^^^^^^^^^^^^^^^^
BrokenPipeError: [Errno 32] Broken pipe

The above exception was the direct cause of the following exception:

Traceback (most recent call last):
  File "/home1/zrentala/.conda/envs/zrentala/lib/python3.11/site-packages/distributed/worker.py", line 2081, in gather_dep
    response = await get_data_from_worker(
               ^^^^^^^^^^^^^^^^^^^^^^^^^^^
  File "/home1/zrentala/.conda/envs/zrentala/lib/python3.11/site-packages/distributed/worker.py", line 2887, in get_data_from_worker
    response = await send_recv(
               ^^^^^^^^^^^^^^^^
  File "/home1/zrentala/.conda/envs/zrentala/lib/python3.11/site-packages/distributed/core.py", line 1018, in send_recv
    response = await comm.read(deserializers=deserializers)
               ^^^^^^^^^^^^^^^^^^^^^^^^^^^^^^^^^^^^^^^^^^^^
  File "/home1/zrentala/.conda/envs/zrentala/lib/python3.11/site-packages/distributed/comm/tcp.py", line 237, in read
    convert_stream_closed_error(self, e)
  File "/home1/zrentala/.conda/envs/zrentala/lib/python3.11/site-packages/distributed/comm/tcp.py", line 143, in convert_stream_closed_error
    raise CommClosedError(f"in {obj}: {exc.__class__.__name__}: {exc}") from exc
distributed.comm.core.CommClosedError: in <TCP (closed) Ephemeral Worker->Worker for gather local=tcp://192.168.86.140:52374 remote=tcp://192.168.86.143:36750>: BrokenPipeError: [Errno 32] Broken pipe
2026-01-14 23:35:46,011 - distributed.worker - ERROR - Worker stream died during communication: tcp://192.168.86.124:45422
Traceback (most recent call last):
  File "/home1/zrentala/.conda/envs/zrentala/lib/python3.11/site-packages/tornado/iostream.py", line 962, in _handle_write
    num_bytes = self.write_to_fd(self._write_buffer.peek(size))
                ^^^^^^^^^^^^^^^^^^^^^^^^^^^^^^^^^^^^^^^^^^^^^^^
  File "/home1/zrentala/.conda/envs/zrentala/lib/python3.11/site-packages/tornado/iostream.py", line 1121, in write_to_fd
    return self.socket.send(data)  # type: ignore
           ^^^^^^^^^^^^^^^^^^^^^^
BrokenPipeError: [Errno 32] Broken pipe

The above exception was the direct cause of the following exception:

Traceback (most recent call last):
  File "/home1/zrentala/.conda/envs/zrentala/lib/python3.11/site-packages/distributed/worker.py", line 2081, in gather_dep
    response = await get_data_from_worker(
               ^^^^^^^^^^^^^^^^^^^^^^^^^^^
  File "/home1/zrentala/.conda/envs/zrentala/lib/python3.11/site-packages/distributed/worker.py", line 2887, in get_data_from_worker
    response = await send_recv(
               ^^^^^^^^^^^^^^^^
  File "/home1/zrentala/.conda/envs/zrentala/lib/python3.11/site-packages/distributed/core.py", line 1018, in send_recv
    response = await comm.read(deserializers=deserializers)
               ^^^^^^^^^^^^^^^^^^^^^^^^^^^^^^^^^^^^^^^^^^^^
  File "/home1/zrentala/.conda/envs/zrentala/lib/python3.11/site-packages/distributed/comm/tcp.py", line 237, in read
    convert_stream_closed_error(self, e)
  File "/home1/zrentala/.conda/envs/zrentala/lib/python3.11/site-packages/distributed/comm/tcp.py", line 143, in convert_stream_closed_error
    raise CommClosedError(f"in {obj}: {exc.__class__.__name__}: {exc}") from exc
distributed.comm.core.CommClosedError: in <TCP (closed) Ephemeral Worker->Worker for gather local=tcp://192.168.86.140:58072 remote=tcp://192.168.86.124:45422>: BrokenPipeError: [Errno 32] Broken pipe
2026-01-14 23:35:46,053 - distributed.worker - ERROR - Worker stream died during communication: tcp://192.168.86.145:46361
Traceback (most recent call last):
  File "/home1/zrentala/.conda/envs/zrentala/lib/python3.11/site-packages/tornado/iostream.py", line 962, in _handle_write
    num_bytes = self.write_to_fd(self._write_buffer.peek(size))
                ^^^^^^^^^^^^^^^^^^^^^^^^^^^^^^^^^^^^^^^^^^^^^^^
  File "/home1/zrentala/.conda/envs/zrentala/lib/python3.11/site-packages/tornado/iostream.py", line 1121, in write_to_fd
    return self.socket.send(data)  # type: ignore
           ^^^^^^^^^^^^^^^^^^^^^^
BrokenPipeError: [Errno 32] Broken pipe

The above exception was the direct cause of the following exception:

Traceback (most recent call last):
  File "/home1/zrentala/.conda/envs/zrentala/lib/python3.11/site-packages/distributed/worker.py", line 2081, in gather_dep
    response = await get_data_from_worker(
               ^^^^^^^^^^^^^^^^^^^^^^^^^^^
  File "/home1/zrentala/.conda/envs/zrentala/lib/python3.11/site-packages/distributed/worker.py", line 2887, in get_data_from_worker
    response = await send_recv(
               ^^^^^^^^^^^^^^^^
  File "/home1/zrentala/.conda/envs/zrentala/lib/python3.11/site-packages/distributed/core.py", line 1018, in send_recv
    response = await comm.read(deserializers=deserializers)
               ^^^^^^^^^^^^^^^^^^^^^^^^^^^^^^^^^^^^^^^^^^^^
  File "/home1/zrentala/.conda/envs/zrentala/lib/python3.11/site-packages/distributed/comm/tcp.py", line 237, in read
    convert_stream_closed_error(self, e)
  File "/home1/zrentala/.conda/envs/zrentala/lib/python3.11/site-packages/distributed/comm/tcp.py", line 143, in convert_stream_closed_error
    raise CommClosedError(f"in {obj}: {exc.__class__.__name__}: {exc}") from exc
distributed.comm.core.CommClosedError: in <TCP (closed) Ephemeral Worker->Worker for gather local=tcp://192.168.86.140:53328 remote=tcp://192.168.86.145:46361>: BrokenPipeError: [Errno 32] Broken pipe
2026-01-14 23:35:46,095 - distributed.worker - ERROR - Worker stream died during communication: tcp://192.168.86.145:43808
Traceback (most recent call last):
  File "/home1/zrentala/.conda/envs/zrentala/lib/python3.11/site-packages/tornado/iostream.py", line 962, in _handle_write
    num_bytes = self.write_to_fd(self._write_buffer.peek(size))
                ^^^^^^^^^^^^^^^^^^^^^^^^^^^^^^^^^^^^^^^^^^^^^^^
  File "/home1/zrentala/.conda/envs/zrentala/lib/python3.11/site-packages/tornado/iostream.py", line 1121, in write_to_fd
    return self.socket.send(data)  # type: ignore
           ^^^^^^^^^^^^^^^^^^^^^^
BrokenPipeError: [Errno 32] Broken pipe

The above exception was the direct cause of the following exception:

Traceback (most recent call last):
  File "/home1/zrentala/.conda/envs/zrentala/lib/python3.11/site-packages/distributed/worker.py", line 2081, in gather_dep
    response = await get_data_from_worker(
               ^^^^^^^^^^^^^^^^^^^^^^^^^^^
  File "/home1/zrentala/.conda/envs/zrentala/lib/python3.11/site-packages/distributed/worker.py", line 2887, in get_data_from_worker
    response = await send_recv(
               ^^^^^^^^^^^^^^^^
  File "/home1/zrentala/.conda/envs/zrentala/lib/python3.11/site-packages/distributed/core.py", line 1018, in send_recv
    response = await comm.read(deserializers=deserializers)
               ^^^^^^^^^^^^^^^^^^^^^^^^^^^^^^^^^^^^^^^^^^^^
  File "/home1/zrentala/.conda/envs/zrentala/lib/python3.11/site-packages/distributed/comm/tcp.py", line 237, in read
    convert_stream_closed_error(self, e)
  File "/home1/zrentala/.conda/envs/zrentala/lib/python3.11/site-packages/distributed/comm/tcp.py", line 143, in convert_stream_closed_error
    raise CommClosedError(f"in {obj}: {exc.__class__.__name__}: {exc}") from exc
distributed.comm.core.CommClosedError: in <TCP (closed) Ephemeral Worker->Worker for gather local=tcp://192.168.86.140:47174 remote=tcp://192.168.86.145:43808>: BrokenPipeError: [Errno 32] Broken pipe
2026-01-14 23:35:46,136 - distributed.worker - ERROR - Worker stream died during communication: tcp://192.168.86.121:35272
Traceback (most recent call last):
  File "/home1/zrentala/.conda/envs/zrentala/lib/python3.11/site-packages/tornado/iostream.py", line 962, in _handle_write
    num_bytes = self.write_to_fd(self._write_buffer.peek(size))
                ^^^^^^^^^^^^^^^^^^^^^^^^^^^^^^^^^^^^^^^^^^^^^^^
  File "/home1/zrentala/.conda/envs/zrentala/lib/python3.11/site-packages/tornado/iostream.py", line 1121, in write_to_fd
    return self.socket.send(data)  # type: ignore
           ^^^^^^^^^^^^^^^^^^^^^^
BrokenPipeError: [Errno 32] Broken pipe

The above exception was the direct cause of the following exception:

Traceback (most recent call last):
  File "/home1/zrentala/.conda/envs/zrentala/lib/python3.11/site-packages/distributed/worker.py", line 2081, in gather_dep
    response = await get_data_from_worker(
               ^^^^^^^^^^^^^^^^^^^^^^^^^^^
  File "/home1/zrentala/.conda/envs/zrentala/lib/python3.11/site-packages/distributed/worker.py", line 2887, in get_data_from_worker
    response = await send_recv(
               ^^^^^^^^^^^^^^^^
  File "/home1/zrentala/.conda/envs/zrentala/lib/python3.11/site-packages/distributed/core.py", line 1018, in send_recv
    response = await comm.read(deserializers=deserializers)
               ^^^^^^^^^^^^^^^^^^^^^^^^^^^^^^^^^^^^^^^^^^^^
  File "/home1/zrentala/.conda/envs/zrentala/lib/python3.11/site-packages/distributed/comm/tcp.py", line 237, in read
    convert_stream_closed_error(self, e)
  File "/home1/zrentala/.conda/envs/zrentala/lib/python3.11/site-packages/distributed/comm/tcp.py", line 143, in convert_stream_closed_error
    raise CommClosedError(f"in {obj}: {exc.__class__.__name__}: {exc}") from exc
distributed.comm.core.CommClosedError: in <TCP (closed) Ephemeral Worker->Worker for gather local=tcp://192.168.86.140:45752 remote=tcp://192.168.86.121:35272>: BrokenPipeError: [Errno 32] Broken pipe
2026-01-14 23:35:46,178 - distributed.worker - ERROR - Worker stream died during communication: tcp://192.168.86.125:39929
Traceback (most recent call last):
  File "/home1/zrentala/.conda/envs/zrentala/lib/python3.11/site-packages/tornado/iostream.py", line 962, in _handle_write
    num_bytes = self.write_to_fd(self._write_buffer.peek(size))
                ^^^^^^^^^^^^^^^^^^^^^^^^^^^^^^^^^^^^^^^^^^^^^^^
  File "/home1/zrentala/.conda/envs/zrentala/lib/python3.11/site-packages/tornado/iostream.py", line 1121, in write_to_fd
    return self.socket.send(data)  # type: ignore
           ^^^^^^^^^^^^^^^^^^^^^^
BrokenPipeError: [Errno 32] Broken pipe

The above exception was the direct cause of the following exception:

Traceback (most recent call last):
  File "/home1/zrentala/.conda/envs/zrentala/lib/python3.11/site-packages/distributed/worker.py", line 2081, in gather_dep
    response = await get_data_from_worker(
               ^^^^^^^^^^^^^^^^^^^^^^^^^^^
  File "/home1/zrentala/.conda/envs/zrentala/lib/python3.11/site-packages/distributed/worker.py", line 2887, in get_data_from_worker
    response = await send_recv(
               ^^^^^^^^^^^^^^^^
  File "/home1/zrentala/.conda/envs/zrentala/lib/python3.11/site-packages/distributed/core.py", line 1018, in send_recv
    response = await comm.read(deserializers=deserializers)
               ^^^^^^^^^^^^^^^^^^^^^^^^^^^^^^^^^^^^^^^^^^^^
  File "/home1/zrentala/.conda/envs/zrentala/lib/python3.11/site-packages/distributed/comm/tcp.py", line 237, in read
    convert_stream_closed_error(self, e)
  File "/home1/zrentala/.conda/envs/zrentala/lib/python3.11/site-packages/distributed/comm/tcp.py", line 143, in convert_stream_closed_error
    raise CommClosedError(f"in {obj}: {exc.__class__.__name__}: {exc}") from exc
distributed.comm.core.CommClosedError: in <TCP (closed) Ephemeral Worker->Worker for gather local=tcp://192.168.86.140:50822 remote=tcp://192.168.86.125:39929>: BrokenPipeError: [Errno 32] Broken pipe
2026-01-14 23:35:46,225 - distributed.worker - ERROR - Worker stream died during communication: tcp://192.168.86.134:44695
Traceback (most recent call last):
  File "/home1/zrentala/.conda/envs/zrentala/lib/python3.11/site-packages/tornado/iostream.py", line 962, in _handle_write
    num_bytes = self.write_to_fd(self._write_buffer.peek(size))
                ^^^^^^^^^^^^^^^^^^^^^^^^^^^^^^^^^^^^^^^^^^^^^^^
  File "/home1/zrentala/.conda/envs/zrentala/lib/python3.11/site-packages/tornado/iostream.py", line 1121, in write_to_fd
    return self.socket.send(data)  # type: ignore
           ^^^^^^^^^^^^^^^^^^^^^^
BrokenPipeError: [Errno 32] Broken pipe

The above exception was the direct cause of the following exception:

Traceback (most recent call last):
  File "/home1/zrentala/.conda/envs/zrentala/lib/python3.11/site-packages/distributed/worker.py", line 2081, in gather_dep
    response = await get_data_from_worker(
               ^^^^^^^^^^^^^^^^^^^^^^^^^^^
  File "/home1/zrentala/.conda/envs/zrentala/lib/python3.11/site-packages/distributed/worker.py", line 2887, in get_data_from_worker
    response = await send_recv(
               ^^^^^^^^^^^^^^^^
  File "/home1/zrentala/.conda/envs/zrentala/lib/python3.11/site-packages/distributed/core.py", line 1018, in send_recv
    response = await comm.read(deserializers=deserializers)
               ^^^^^^^^^^^^^^^^^^^^^^^^^^^^^^^^^^^^^^^^^^^^
  File "/home1/zrentala/.conda/envs/zrentala/lib/python3.11/site-packages/distributed/comm/tcp.py", line 237, in read
    convert_stream_closed_error(self, e)
  File "/home1/zrentala/.conda/envs/zrentala/lib/python3.11/site-packages/distributed/comm/tcp.py", line 143, in convert_stream_closed_error
    raise CommClosedError(f"in {obj}: {exc.__class__.__name__}: {exc}") from exc
distributed.comm.core.CommClosedError: in <TCP (closed) Ephemeral Worker->Worker for gather local=tcp://192.168.86.140:37832 remote=tcp://192.168.86.134:44695>: BrokenPipeError: [Errno 32] Broken pipe
2026-01-14 23:35:46,266 - distributed.worker - ERROR - Worker stream died during communication: tcp://192.168.86.135:46855
Traceback (most recent call last):
  File "/home1/zrentala/.conda/envs/zrentala/lib/python3.11/site-packages/tornado/iostream.py", line 962, in _handle_write
    num_bytes = self.write_to_fd(self._write_buffer.peek(size))
                ^^^^^^^^^^^^^^^^^^^^^^^^^^^^^^^^^^^^^^^^^^^^^^^
  File "/home1/zrentala/.conda/envs/zrentala/lib/python3.11/site-packages/tornado/iostream.py", line 1121, in write_to_fd
    return self.socket.send(data)  # type: ignore
           ^^^^^^^^^^^^^^^^^^^^^^
BrokenPipeError: [Errno 32] Broken pipe

The above exception was the direct cause of the following exception:

Traceback (most recent call last):
  File "/home1/zrentala/.conda/envs/zrentala/lib/python3.11/site-packages/distributed/worker.py", line 2081, in gather_dep
    response = await get_data_from_worker(
               ^^^^^^^^^^^^^^^^^^^^^^^^^^^
  File "/home1/zrentala/.conda/envs/zrentala/lib/python3.11/site-packages/distributed/worker.py", line 2887, in get_data_from_worker
    response = await send_recv(
               ^^^^^^^^^^^^^^^^
  File "/home1/zrentala/.conda/envs/zrentala/lib/python3.11/site-packages/distributed/core.py", line 1018, in send_recv
    response = await comm.read(deserializers=deserializers)
               ^^^^^^^^^^^^^^^^^^^^^^^^^^^^^^^^^^^^^^^^^^^^
  File "/home1/zrentala/.conda/envs/zrentala/lib/python3.11/site-packages/distributed/comm/tcp.py", line 237, in read
    convert_stream_closed_error(self, e)
  File "/home1/zrentala/.conda/envs/zrentala/lib/python3.11/site-packages/distributed/comm/tcp.py", line 143, in convert_stream_closed_error
    raise CommClosedError(f"in {obj}: {exc.__class__.__name__}: {exc}") from exc
distributed.comm.core.CommClosedError: in <TCP (closed) Ephemeral Worker->Worker for gather local=tcp://192.168.86.140:44402 remote=tcp://192.168.86.135:46855>: BrokenPipeError: [Errno 32] Broken pipe
2026-01-14 23:35:46,308 - distributed.worker - ERROR - Worker stream died during communication: tcp://192.168.86.125:37041
Traceback (most recent call last):
  File "/home1/zrentala/.conda/envs/zrentala/lib/python3.11/site-packages/tornado/iostream.py", line 962, in _handle_write
    num_bytes = self.write_to_fd(self._write_buffer.peek(size))
                ^^^^^^^^^^^^^^^^^^^^^^^^^^^^^^^^^^^^^^^^^^^^^^^
  File "/home1/zrentala/.conda/envs/zrentala/lib/python3.11/site-packages/tornado/iostream.py", line 1121, in write_to_fd
    return self.socket.send(data)  # type: ignore
           ^^^^^^^^^^^^^^^^^^^^^^
BrokenPipeError: [Errno 32] Broken pipe

The above exception was the direct cause of the following exception:

Traceback (most recent call last):
  File "/home1/zrentala/.conda/envs/zrentala/lib/python3.11/site-packages/distributed/worker.py", line 2081, in gather_dep
    response = await get_data_from_worker(
               ^^^^^^^^^^^^^^^^^^^^^^^^^^^
  File "/home1/zrentala/.conda/envs/zrentala/lib/python3.11/site-packages/distributed/worker.py", line 2887, in get_data_from_worker
    response = await send_recv(
               ^^^^^^^^^^^^^^^^
  File "/home1/zrentala/.conda/envs/zrentala/lib/python3.11/site-packages/distributed/core.py", line 1018, in send_recv
    response = await comm.read(deserializers=deserializers)
               ^^^^^^^^^^^^^^^^^^^^^^^^^^^^^^^^^^^^^^^^^^^^
  File "/home1/zrentala/.conda/envs/zrentala/lib/python3.11/site-packages/distributed/comm/tcp.py", line 237, in read
    convert_stream_closed_error(self, e)
  File "/home1/zrentala/.conda/envs/zrentala/lib/python3.11/site-packages/distributed/comm/tcp.py", line 143, in convert_stream_closed_error
    raise CommClosedError(f"in {obj}: {exc.__class__.__name__}: {exc}") from exc
distributed.comm.core.CommClosedError: in <TCP (closed) Ephemeral Worker->Worker for gather local=tcp://192.168.86.140:37518 remote=tcp://192.168.86.125:37041>: BrokenPipeError: [Errno 32] Broken pipe
2026-01-14 23:35:46,350 - distributed.worker - ERROR - Worker stream died during communication: tcp://192.168.86.143:39363
Traceback (most recent call last):
  File "/home1/zrentala/.conda/envs/zrentala/lib/python3.11/site-packages/tornado/iostream.py", line 962, in _handle_write
    num_bytes = self.write_to_fd(self._write_buffer.peek(size))
                ^^^^^^^^^^^^^^^^^^^^^^^^^^^^^^^^^^^^^^^^^^^^^^^
  File "/home1/zrentala/.conda/envs/zrentala/lib/python3.11/site-packages/tornado/iostream.py", line 1121, in write_to_fd
    return self.socket.send(data)  # type: ignore
           ^^^^^^^^^^^^^^^^^^^^^^
BrokenPipeError: [Errno 32] Broken pipe

The above exception was the direct cause of the following exception:

Traceback (most recent call last):
  File "/home1/zrentala/.conda/envs/zrentala/lib/python3.11/site-packages/distributed/worker.py", line 2081, in gather_dep
    response = await get_data_from_worker(
               ^^^^^^^^^^^^^^^^^^^^^^^^^^^
  File "/home1/zrentala/.conda/envs/zrentala/lib/python3.11/site-packages/distributed/worker.py", line 2887, in get_data_from_worker
    response = await send_recv(
               ^^^^^^^^^^^^^^^^
  File "/home1/zrentala/.conda/envs/zrentala/lib/python3.11/site-packages/distributed/core.py", line 1018, in send_recv
    response = await comm.read(deserializers=deserializers)
               ^^^^^^^^^^^^^^^^^^^^^^^^^^^^^^^^^^^^^^^^^^^^
  File "/home1/zrentala/.conda/envs/zrentala/lib/python3.11/site-packages/distributed/comm/tcp.py", line 237, in read
    convert_stream_closed_error(self, e)
  File "/home1/zrentala/.conda/envs/zrentala/lib/python3.11/site-packages/distributed/comm/tcp.py", line 143, in convert_stream_closed_error
    raise CommClosedError(f"in {obj}: {exc.__class__.__name__}: {exc}") from exc
distributed.comm.core.CommClosedError: in <TCP (closed) Ephemeral Worker->Worker for gather local=tcp://192.168.86.140:36440 remote=tcp://192.168.86.143:39363>: BrokenPipeError: [Errno 32] Broken pipe
2026-01-14 23:35:46,396 - distributed.worker - ERROR - Worker stream died during communication: tcp://192.168.86.136:41190
Traceback (most recent call last):
  File "/home1/zrentala/.conda/envs/zrentala/lib/python3.11/site-packages/tornado/iostream.py", line 962, in _handle_write
    num_bytes = self.write_to_fd(self._write_buffer.peek(size))
                ^^^^^^^^^^^^^^^^^^^^^^^^^^^^^^^^^^^^^^^^^^^^^^^
  File "/home1/zrentala/.conda/envs/zrentala/lib/python3.11/site-packages/tornado/iostream.py", line 1121, in write_to_fd
    return self.socket.send(data)  # type: ignore
           ^^^^^^^^^^^^^^^^^^^^^^
BrokenPipeError: [Errno 32] Broken pipe

The above exception was the direct cause of the following exception:

Traceback (most recent call last):
  File "/home1/zrentala/.conda/envs/zrentala/lib/python3.11/site-packages/distributed/worker.py", line 2081, in gather_dep
    response = await get_data_from_worker(
               ^^^^^^^^^^^^^^^^^^^^^^^^^^^
  File "/home1/zrentala/.conda/envs/zrentala/lib/python3.11/site-packages/distributed/worker.py", line 2887, in get_data_from_worker
    response = await send_recv(
               ^^^^^^^^^^^^^^^^
  File "/home1/zrentala/.conda/envs/zrentala/lib/python3.11/site-packages/distributed/core.py", line 1018, in send_recv
    response = await comm.read(deserializers=deserializers)
               ^^^^^^^^^^^^^^^^^^^^^^^^^^^^^^^^^^^^^^^^^^^^
  File "/home1/zrentala/.conda/envs/zrentala/lib/python3.11/site-packages/distributed/comm/tcp.py", line 237, in read
    convert_stream_closed_error(self, e)
  File "/home1/zrentala/.conda/envs/zrentala/lib/python3.11/site-packages/distributed/comm/tcp.py", line 143, in convert_stream_closed_error
    raise CommClosedError(f"in {obj}: {exc.__class__.__name__}: {exc}") from exc
distributed.comm.core.CommClosedError: in <TCP (closed) Ephemeral Worker->Worker for gather local=tcp://192.168.86.140:35690 remote=tcp://192.168.86.136:41190>: BrokenPipeError: [Errno 32] Broken pipe
2026-01-14 23:35:46,438 - distributed.worker - ERROR - Worker stream died during communication: tcp://192.168.86.117:40084
Traceback (most recent call last):
  File "/home1/zrentala/.conda/envs/zrentala/lib/python3.11/site-packages/tornado/iostream.py", line 962, in _handle_write
    num_bytes = self.write_to_fd(self._write_buffer.peek(size))
                ^^^^^^^^^^^^^^^^^^^^^^^^^^^^^^^^^^^^^^^^^^^^^^^
  File "/home1/zrentala/.conda/envs/zrentala/lib/python3.11/site-packages/tornado/iostream.py", line 1121, in write_to_fd
    return self.socket.send(data)  # type: ignore
           ^^^^^^^^^^^^^^^^^^^^^^
BrokenPipeError: [Errno 32] Broken pipe

The above exception was the direct cause of the following exception:

Traceback (most recent call last):
  File "/home1/zrentala/.conda/envs/zrentala/lib/python3.11/site-packages/distributed/worker.py", line 2081, in gather_dep
    response = await get_data_from_worker(
               ^^^^^^^^^^^^^^^^^^^^^^^^^^^
  File "/home1/zrentala/.conda/envs/zrentala/lib/python3.11/site-packages/distributed/worker.py", line 2887, in get_data_from_worker
    response = await send_recv(
               ^^^^^^^^^^^^^^^^
  File "/home1/zrentala/.conda/envs/zrentala/lib/python3.11/site-packages/distributed/core.py", line 1018, in send_recv
    response = await comm.read(deserializers=deserializers)
               ^^^^^^^^^^^^^^^^^^^^^^^^^^^^^^^^^^^^^^^^^^^^
  File "/home1/zrentala/.conda/envs/zrentala/lib/python3.11/site-packages/distributed/comm/tcp.py", line 237, in read
    convert_stream_closed_error(self, e)
  File "/home1/zrentala/.conda/envs/zrentala/lib/python3.11/site-packages/distributed/comm/tcp.py", line 143, in convert_stream_closed_error
    raise CommClosedError(f"in {obj}: {exc.__class__.__name__}: {exc}") from exc
distributed.comm.core.CommClosedError: in <TCP (closed) Ephemeral Worker->Worker for gather local=tcp://192.168.86.140:54826 remote=tcp://192.168.86.117:40084>: BrokenPipeError: [Errno 32] Broken pipe
2026-01-14 23:35:46,480 - distributed.worker - ERROR - Worker stream died during communication: tcp://192.168.86.122:39506
Traceback (most recent call last):
  File "/home1/zrentala/.conda/envs/zrentala/lib/python3.11/site-packages/tornado/iostream.py", line 962, in _handle_write
    num_bytes = self.write_to_fd(self._write_buffer.peek(size))
                ^^^^^^^^^^^^^^^^^^^^^^^^^^^^^^^^^^^^^^^^^^^^^^^
  File "/home1/zrentala/.conda/envs/zrentala/lib/python3.11/site-packages/tornado/iostream.py", line 1121, in write_to_fd
    return self.socket.send(data)  # type: ignore
           ^^^^^^^^^^^^^^^^^^^^^^
BrokenPipeError: [Errno 32] Broken pipe

The above exception was the direct cause of the following exception:

Traceback (most recent call last):
  File "/home1/zrentala/.conda/envs/zrentala/lib/python3.11/site-packages/distributed/worker.py", line 2081, in gather_dep
    response = await get_data_from_worker(
               ^^^^^^^^^^^^^^^^^^^^^^^^^^^
  File "/home1/zrentala/.conda/envs/zrentala/lib/python3.11/site-packages/distributed/worker.py", line 2887, in get_data_from_worker
    response = await send_recv(
               ^^^^^^^^^^^^^^^^
  File "/home1/zrentala/.conda/envs/zrentala/lib/python3.11/site-packages/distributed/core.py", line 1018, in send_recv
    response = await comm.read(deserializers=deserializers)
               ^^^^^^^^^^^^^^^^^^^^^^^^^^^^^^^^^^^^^^^^^^^^
  File "/home1/zrentala/.conda/envs/zrentala/lib/python3.11/site-packages/distributed/comm/tcp.py", line 237, in read
    convert_stream_closed_error(self, e)
  File "/home1/zrentala/.conda/envs/zrentala/lib/python3.11/site-packages/distributed/comm/tcp.py", line 143, in convert_stream_closed_error
    raise CommClosedError(f"in {obj}: {exc.__class__.__name__}: {exc}") from exc
distributed.comm.core.CommClosedError: in <TCP (closed) Ephemeral Worker->Worker for gather local=tcp://192.168.86.140:54512 remote=tcp://192.168.86.122:39506>: BrokenPipeError: [Errno 32] Broken pipe
2026-01-14 23:35:46,522 - distributed.worker - ERROR - Worker stream died during communication: tcp://192.168.86.126:40060
Traceback (most recent call last):
  File "/home1/zrentala/.conda/envs/zrentala/lib/python3.11/site-packages/tornado/iostream.py", line 962, in _handle_write
    num_bytes = self.write_to_fd(self._write_buffer.peek(size))
                ^^^^^^^^^^^^^^^^^^^^^^^^^^^^^^^^^^^^^^^^^^^^^^^
  File "/home1/zrentala/.conda/envs/zrentala/lib/python3.11/site-packages/tornado/iostream.py", line 1121, in write_to_fd
    return self.socket.send(data)  # type: ignore
           ^^^^^^^^^^^^^^^^^^^^^^
BrokenPipeError: [Errno 32] Broken pipe

The above exception was the direct cause of the following exception:

Traceback (most recent call last):
  File "/home1/zrentala/.conda/envs/zrentala/lib/python3.11/site-packages/distributed/worker.py", line 2081, in gather_dep
    response = await get_data_from_worker(
               ^^^^^^^^^^^^^^^^^^^^^^^^^^^
  File "/home1/zrentala/.conda/envs/zrentala/lib/python3.11/site-packages/distributed/worker.py", line 2887, in get_data_from_worker
    response = await send_recv(
               ^^^^^^^^^^^^^^^^
  File "/home1/zrentala/.conda/envs/zrentala/lib/python3.11/site-packages/distributed/core.py", line 1018, in send_recv
    response = await comm.read(deserializers=deserializers)
               ^^^^^^^^^^^^^^^^^^^^^^^^^^^^^^^^^^^^^^^^^^^^
  File "/home1/zrentala/.conda/envs/zrentala/lib/python3.11/site-packages/distributed/comm/tcp.py", line 237, in read
    convert_stream_closed_error(self, e)
  File "/home1/zrentala/.conda/envs/zrentala/lib/python3.11/site-packages/distributed/comm/tcp.py", line 143, in convert_stream_closed_error
    raise CommClosedError(f"in {obj}: {exc.__class__.__name__}: {exc}") from exc
distributed.comm.core.CommClosedError: in <TCP (closed) Ephemeral Worker->Worker for gather local=tcp://192.168.86.140:43390 remote=tcp://192.168.86.126:40060>: BrokenPipeError: [Errno 32] Broken pipe
2026-01-14 23:35:46,568 - distributed.worker - ERROR - Worker stream died during communication: tcp://192.168.86.143:37290
Traceback (most recent call last):
  File "/home1/zrentala/.conda/envs/zrentala/lib/python3.11/site-packages/tornado/iostream.py", line 962, in _handle_write
    num_bytes = self.write_to_fd(self._write_buffer.peek(size))
                ^^^^^^^^^^^^^^^^^^^^^^^^^^^^^^^^^^^^^^^^^^^^^^^
  File "/home1/zrentala/.conda/envs/zrentala/lib/python3.11/site-packages/tornado/iostream.py", line 1121, in write_to_fd
    return self.socket.send(data)  # type: ignore
           ^^^^^^^^^^^^^^^^^^^^^^
BrokenPipeError: [Errno 32] Broken pipe

The above exception was the direct cause of the following exception:

Traceback (most recent call last):
  File "/home1/zrentala/.conda/envs/zrentala/lib/python3.11/site-packages/distributed/worker.py", line 2081, in gather_dep
    response = await get_data_from_worker(
               ^^^^^^^^^^^^^^^^^^^^^^^^^^^
  File "/home1/zrentala/.conda/envs/zrentala/lib/python3.11/site-packages/distributed/worker.py", line 2887, in get_data_from_worker
    response = await send_recv(
               ^^^^^^^^^^^^^^^^
  File "/home1/zrentala/.conda/envs/zrentala/lib/python3.11/site-packages/distributed/core.py", line 1018, in send_recv
    response = await comm.read(deserializers=deserializers)
               ^^^^^^^^^^^^^^^^^^^^^^^^^^^^^^^^^^^^^^^^^^^^
  File "/home1/zrentala/.conda/envs/zrentala/lib/python3.11/site-packages/distributed/comm/tcp.py", line 237, in read
    convert_stream_closed_error(self, e)
  File "/home1/zrentala/.conda/envs/zrentala/lib/python3.11/site-packages/distributed/comm/tcp.py", line 143, in convert_stream_closed_error
    raise CommClosedError(f"in {obj}: {exc.__class__.__name__}: {exc}") from exc
distributed.comm.core.CommClosedError: in <TCP (closed) Ephemeral Worker->Worker for gather local=tcp://192.168.86.140:41080 remote=tcp://192.168.86.143:37290>: BrokenPipeError: [Errno 32] Broken pipe
2026-01-14 23:35:46,610 - distributed.worker - ERROR - Worker stream died during communication: tcp://192.168.86.126:36822
Traceback (most recent call last):
  File "/home1/zrentala/.conda/envs/zrentala/lib/python3.11/site-packages/tornado/iostream.py", line 962, in _handle_write
    num_bytes = self.write_to_fd(self._write_buffer.peek(size))
                ^^^^^^^^^^^^^^^^^^^^^^^^^^^^^^^^^^^^^^^^^^^^^^^
  File "/home1/zrentala/.conda/envs/zrentala/lib/python3.11/site-packages/tornado/iostream.py", line 1121, in write_to_fd
    return self.socket.send(data)  # type: ignore
           ^^^^^^^^^^^^^^^^^^^^^^
BrokenPipeError: [Errno 32] Broken pipe

The above exception was the direct cause of the following exception:

Traceback (most recent call last):
  File "/home1/zrentala/.conda/envs/zrentala/lib/python3.11/site-packages/distributed/worker.py", line 2081, in gather_dep
    response = await get_data_from_worker(
               ^^^^^^^^^^^^^^^^^^^^^^^^^^^
  File "/home1/zrentala/.conda/envs/zrentala/lib/python3.11/site-packages/distributed/worker.py", line 2887, in get_data_from_worker
    response = await send_recv(
               ^^^^^^^^^^^^^^^^
  File "/home1/zrentala/.conda/envs/zrentala/lib/python3.11/site-packages/distributed/core.py", line 1018, in send_recv
    response = await comm.read(deserializers=deserializers)
               ^^^^^^^^^^^^^^^^^^^^^^^^^^^^^^^^^^^^^^^^^^^^
  File "/home1/zrentala/.conda/envs/zrentala/lib/python3.11/site-packages/distributed/comm/tcp.py", line 237, in read
    convert_stream_closed_error(self, e)
  File "/home1/zrentala/.conda/envs/zrentala/lib/python3.11/site-packages/distributed/comm/tcp.py", line 143, in convert_stream_closed_error
    raise CommClosedError(f"in {obj}: {exc.__class__.__name__}: {exc}") from exc
distributed.comm.core.CommClosedError: in <TCP (closed) Ephemeral Worker->Worker for gather local=tcp://192.168.86.140:48306 remote=tcp://192.168.86.126:36822>: BrokenPipeError: [Errno 32] Broken pipe
2026-01-14 23:35:46,642 - distributed.worker - ERROR - Worker stream died during communication: tcp://192.168.86.123:36697
Traceback (most recent call last):
  File "/home1/zrentala/.conda/envs/zrentala/lib/python3.11/site-packages/tornado/iostream.py", line 962, in _handle_write
    num_bytes = self.write_to_fd(self._write_buffer.peek(size))
                ^^^^^^^^^^^^^^^^^^^^^^^^^^^^^^^^^^^^^^^^^^^^^^^
  File "/home1/zrentala/.conda/envs/zrentala/lib/python3.11/site-packages/tornado/iostream.py", line 1121, in write_to_fd
    return self.socket.send(data)  # type: ignore
           ^^^^^^^^^^^^^^^^^^^^^^
BrokenPipeError: [Errno 32] Broken pipe

The above exception was the direct cause of the following exception:

Traceback (most recent call last):
  File "/home1/zrentala/.conda/envs/zrentala/lib/python3.11/site-packages/distributed/worker.py", line 2081, in gather_dep
    response = await get_data_from_worker(
               ^^^^^^^^^^^^^^^^^^^^^^^^^^^
  File "/home1/zrentala/.conda/envs/zrentala/lib/python3.11/site-packages/distributed/worker.py", line 2887, in get_data_from_worker
    response = await send_recv(
               ^^^^^^^^^^^^^^^^
  File "/home1/zrentala/.conda/envs/zrentala/lib/python3.11/site-packages/distributed/core.py", line 1018, in send_recv
    response = await comm.read(deserializers=deserializers)
               ^^^^^^^^^^^^^^^^^^^^^^^^^^^^^^^^^^^^^^^^^^^^
  File "/home1/zrentala/.conda/envs/zrentala/lib/python3.11/site-packages/distributed/comm/tcp.py", line 237, in read
    convert_stream_closed_error(self, e)
  File "/home1/zrentala/.conda/envs/zrentala/lib/python3.11/site-packages/distributed/comm/tcp.py", line 143, in convert_stream_closed_error
    raise CommClosedError(f"in {obj}: {exc.__class__.__name__}: {exc}") from exc
distributed.comm.core.CommClosedError: in <TCP (closed) Ephemeral Worker->Worker for gather local=tcp://192.168.86.140:34170 remote=tcp://192.168.86.123:36697>: BrokenPipeError: [Errno 32] Broken pipe
2026-01-14 23:35:46,643 - distributed.worker - ERROR - Worker stream died during communication: tcp://192.168.86.137:38032
Traceback (most recent call last):
  File "/home1/zrentala/.conda/envs/zrentala/lib/python3.11/site-packages/tornado/iostream.py", line 962, in _handle_write
    num_bytes = self.write_to_fd(self._write_buffer.peek(size))
                ^^^^^^^^^^^^^^^^^^^^^^^^^^^^^^^^^^^^^^^^^^^^^^^
  File "/home1/zrentala/.conda/envs/zrentala/lib/python3.11/site-packages/tornado/iostream.py", line 1121, in write_to_fd
    return self.socket.send(data)  # type: ignore
           ^^^^^^^^^^^^^^^^^^^^^^
BrokenPipeError: [Errno 32] Broken pipe

The above exception was the direct cause of the following exception:

Traceback (most recent call last):
  File "/home1/zrentala/.conda/envs/zrentala/lib/python3.11/site-packages/distributed/worker.py", line 2081, in gather_dep
    response = await get_data_from_worker(
               ^^^^^^^^^^^^^^^^^^^^^^^^^^^
  File "/home1/zrentala/.conda/envs/zrentala/lib/python3.11/site-packages/distributed/worker.py", line 2887, in get_data_from_worker
    response = await send_recv(
               ^^^^^^^^^^^^^^^^
  File "/home1/zrentala/.conda/envs/zrentala/lib/python3.11/site-packages/distributed/core.py", line 1018, in send_recv
    response = await comm.read(deserializers=deserializers)
               ^^^^^^^^^^^^^^^^^^^^^^^^^^^^^^^^^^^^^^^^^^^^
  File "/home1/zrentala/.conda/envs/zrentala/lib/python3.11/site-packages/distributed/comm/tcp.py", line 237, in read
    convert_stream_closed_error(self, e)
  File "/home1/zrentala/.conda/envs/zrentala/lib/python3.11/site-packages/distributed/comm/tcp.py", line 143, in convert_stream_closed_error
    raise CommClosedError(f"in {obj}: {exc.__class__.__name__}: {exc}") from exc
distributed.comm.core.CommClosedError: in <TCP (closed) Ephemeral Worker->Worker for gather local=tcp://192.168.86.140:45548 remote=tcp://192.168.86.137:38032>: BrokenPipeError: [Errno 32] Broken pipe
2026-01-14 23:35:46,644 - distributed.worker - ERROR - Worker stream died during communication: tcp://192.168.86.124:40059
Traceback (most recent call last):
  File "/home1/zrentala/.conda/envs/zrentala/lib/python3.11/site-packages/tornado/iostream.py", line 962, in _handle_write
    num_bytes = self.write_to_fd(self._write_buffer.peek(size))
                ^^^^^^^^^^^^^^^^^^^^^^^^^^^^^^^^^^^^^^^^^^^^^^^
  File "/home1/zrentala/.conda/envs/zrentala/lib/python3.11/site-packages/tornado/iostream.py", line 1121, in write_to_fd
    return self.socket.send(data)  # type: ignore
           ^^^^^^^^^^^^^^^^^^^^^^
BrokenPipeError: [Errno 32] Broken pipe

The above exception was the direct cause of the following exception:

Traceback (most recent call last):
  File "/home1/zrentala/.conda/envs/zrentala/lib/python3.11/site-packages/distributed/worker.py", line 2081, in gather_dep
    response = await get_data_from_worker(
               ^^^^^^^^^^^^^^^^^^^^^^^^^^^
  File "/home1/zrentala/.conda/envs/zrentala/lib/python3.11/site-packages/distributed/worker.py", line 2887, in get_data_from_worker
    response = await send_recv(
               ^^^^^^^^^^^^^^^^
  File "/home1/zrentala/.conda/envs/zrentala/lib/python3.11/site-packages/distributed/core.py", line 1018, in send_recv
    response = await comm.read(deserializers=deserializers)
               ^^^^^^^^^^^^^^^^^^^^^^^^^^^^^^^^^^^^^^^^^^^^
  File "/home1/zrentala/.conda/envs/zrentala/lib/python3.11/site-packages/distributed/comm/tcp.py", line 237, in read
    convert_stream_closed_error(self, e)
  File "/home1/zrentala/.conda/envs/zrentala/lib/python3.11/site-packages/distributed/comm/tcp.py", line 143, in convert_stream_closed_error
    raise CommClosedError(f"in {obj}: {exc.__class__.__name__}: {exc}") from exc
distributed.comm.core.CommClosedError: in <TCP (closed) Ephemeral Worker->Worker for gather local=tcp://192.168.86.140:44756 remote=tcp://192.168.86.124:40059>: BrokenPipeError: [Errno 32] Broken pipe
2026-01-14 23:35:46,685 - distributed.worker - ERROR - Worker stream died during communication: tcp://192.168.86.143:44758
Traceback (most recent call last):
  File "/home1/zrentala/.conda/envs/zrentala/lib/python3.11/site-packages/tornado/iostream.py", line 962, in _handle_write
    num_bytes = self.write_to_fd(self._write_buffer.peek(size))
                ^^^^^^^^^^^^^^^^^^^^^^^^^^^^^^^^^^^^^^^^^^^^^^^
  File "/home1/zrentala/.conda/envs/zrentala/lib/python3.11/site-packages/tornado/iostream.py", line 1121, in write_to_fd
    return self.socket.send(data)  # type: ignore
           ^^^^^^^^^^^^^^^^^^^^^^
BrokenPipeError: [Errno 32] Broken pipe

The above exception was the direct cause of the following exception:

Traceback (most recent call last):
  File "/home1/zrentala/.conda/envs/zrentala/lib/python3.11/site-packages/distributed/worker.py", line 2081, in gather_dep
    response = await get_data_from_worker(
               ^^^^^^^^^^^^^^^^^^^^^^^^^^^
  File "/home1/zrentala/.conda/envs/zrentala/lib/python3.11/site-packages/distributed/worker.py", line 2887, in get_data_from_worker
    response = await send_recv(
               ^^^^^^^^^^^^^^^^
  File "/home1/zrentala/.conda/envs/zrentala/lib/python3.11/site-packages/distributed/core.py", line 1018, in send_recv
    response = await comm.read(deserializers=deserializers)
               ^^^^^^^^^^^^^^^^^^^^^^^^^^^^^^^^^^^^^^^^^^^^
  File "/home1/zrentala/.conda/envs/zrentala/lib/python3.11/site-packages/distributed/comm/tcp.py", line 237, in read
    convert_stream_closed_error(self, e)
  File "/home1/zrentala/.conda/envs/zrentala/lib/python3.11/site-packages/distributed/comm/tcp.py", line 143, in convert_stream_closed_error
    raise CommClosedError(f"in {obj}: {exc.__class__.__name__}: {exc}") from exc
distributed.comm.core.CommClosedError: in <TCP (closed) Ephemeral Worker->Worker for gather local=tcp://192.168.86.140:34414 remote=tcp://192.168.86.143:44758>: BrokenPipeError: [Errno 32] Broken pipe
2026-01-14 23:35:46,733 - distributed.worker - ERROR - Worker stream died during communication: tcp://192.168.86.118:42514
Traceback (most recent call last):
  File "/home1/zrentala/.conda/envs/zrentala/lib/python3.11/site-packages/tornado/iostream.py", line 962, in _handle_write
    num_bytes = self.write_to_fd(self._write_buffer.peek(size))
                ^^^^^^^^^^^^^^^^^^^^^^^^^^^^^^^^^^^^^^^^^^^^^^^
  File "/home1/zrentala/.conda/envs/zrentala/lib/python3.11/site-packages/tornado/iostream.py", line 1121, in write_to_fd
    return self.socket.send(data)  # type: ignore
           ^^^^^^^^^^^^^^^^^^^^^^
BrokenPipeError: [Errno 32] Broken pipe

The above exception was the direct cause of the following exception:

Traceback (most recent call last):
  File "/home1/zrentala/.conda/envs/zrentala/lib/python3.11/site-packages/distributed/worker.py", line 2081, in gather_dep
    response = await get_data_from_worker(
               ^^^^^^^^^^^^^^^^^^^^^^^^^^^
  File "/home1/zrentala/.conda/envs/zrentala/lib/python3.11/site-packages/distributed/worker.py", line 2887, in get_data_from_worker
    response = await send_recv(
               ^^^^^^^^^^^^^^^^
  File "/home1/zrentala/.conda/envs/zrentala/lib/python3.11/site-packages/distributed/core.py", line 1018, in send_recv
    response = await comm.read(deserializers=deserializers)
               ^^^^^^^^^^^^^^^^^^^^^^^^^^^^^^^^^^^^^^^^^^^^
  File "/home1/zrentala/.conda/envs/zrentala/lib/python3.11/site-packages/distributed/comm/tcp.py", line 237, in read
    convert_stream_closed_error(self, e)
  File "/home1/zrentala/.conda/envs/zrentala/lib/python3.11/site-packages/distributed/comm/tcp.py", line 143, in convert_stream_closed_error
    raise CommClosedError(f"in {obj}: {exc.__class__.__name__}: {exc}") from exc
distributed.comm.core.CommClosedError: in <TCP (closed) Ephemeral Worker->Worker for gather local=tcp://192.168.86.140:57774 remote=tcp://192.168.86.118:42514>: BrokenPipeError: [Errno 32] Broken pipe
2026-01-14 23:35:46,774 - distributed.worker - ERROR - Worker stream died during communication: tcp://192.168.86.120:44602
Traceback (most recent call last):
  File "/home1/zrentala/.conda/envs/zrentala/lib/python3.11/site-packages/tornado/iostream.py", line 962, in _handle_write
    num_bytes = self.write_to_fd(self._write_buffer.peek(size))
                ^^^^^^^^^^^^^^^^^^^^^^^^^^^^^^^^^^^^^^^^^^^^^^^
  File "/home1/zrentala/.conda/envs/zrentala/lib/python3.11/site-packages/tornado/iostream.py", line 1121, in write_to_fd
    return self.socket.send(data)  # type: ignore
           ^^^^^^^^^^^^^^^^^^^^^^
BrokenPipeError: [Errno 32] Broken pipe

The above exception was the direct cause of the following exception:

Traceback (most recent call last):
  File "/home1/zrentala/.conda/envs/zrentala/lib/python3.11/site-packages/distributed/worker.py", line 2081, in gather_dep
    response = await get_data_from_worker(
               ^^^^^^^^^^^^^^^^^^^^^^^^^^^
  File "/home1/zrentala/.conda/envs/zrentala/lib/python3.11/site-packages/distributed/worker.py", line 2887, in get_data_from_worker
    response = await send_recv(
               ^^^^^^^^^^^^^^^^
  File "/home1/zrentala/.conda/envs/zrentala/lib/python3.11/site-packages/distributed/core.py", line 1018, in send_recv
    response = await comm.read(deserializers=deserializers)
               ^^^^^^^^^^^^^^^^^^^^^^^^^^^^^^^^^^^^^^^^^^^^
  File "/home1/zrentala/.conda/envs/zrentala/lib/python3.11/site-packages/distributed/comm/tcp.py", line 237, in read
    convert_stream_closed_error(self, e)
  File "/home1/zrentala/.conda/envs/zrentala/lib/python3.11/site-packages/distributed/comm/tcp.py", line 143, in convert_stream_closed_error
    raise CommClosedError(f"in {obj}: {exc.__class__.__name__}: {exc}") from exc
distributed.comm.core.CommClosedError: in <TCP (closed) Ephemeral Worker->Worker for gather local=tcp://192.168.86.140:38792 remote=tcp://192.168.86.120:44602>: BrokenPipeError: [Errno 32] Broken pipe
2026-01-14 23:35:46,816 - distributed.worker - ERROR - Worker stream died during communication: tcp://192.168.86.123:41957
Traceback (most recent call last):
  File "/home1/zrentala/.conda/envs/zrentala/lib/python3.11/site-packages/tornado/iostream.py", line 962, in _handle_write
    num_bytes = self.write_to_fd(self._write_buffer.peek(size))
                ^^^^^^^^^^^^^^^^^^^^^^^^^^^^^^^^^^^^^^^^^^^^^^^
  File "/home1/zrentala/.conda/envs/zrentala/lib/python3.11/site-packages/tornado/iostream.py", line 1121, in write_to_fd
    return self.socket.send(data)  # type: ignore
           ^^^^^^^^^^^^^^^^^^^^^^
BrokenPipeError: [Errno 32] Broken pipe

The above exception was the direct cause of the following exception:

Traceback (most recent call last):
  File "/home1/zrentala/.conda/envs/zrentala/lib/python3.11/site-packages/distributed/worker.py", line 2081, in gather_dep
    response = await get_data_from_worker(
               ^^^^^^^^^^^^^^^^^^^^^^^^^^^
  File "/home1/zrentala/.conda/envs/zrentala/lib/python3.11/site-packages/distributed/worker.py", line 2887, in get_data_from_worker
    response = await send_recv(
               ^^^^^^^^^^^^^^^^
  File "/home1/zrentala/.conda/envs/zrentala/lib/python3.11/site-packages/distributed/core.py", line 1018, in send_recv
    response = await comm.read(deserializers=deserializers)
               ^^^^^^^^^^^^^^^^^^^^^^^^^^^^^^^^^^^^^^^^^^^^
  File "/home1/zrentala/.conda/envs/zrentala/lib/python3.11/site-packages/distributed/comm/tcp.py", line 237, in read
    convert_stream_closed_error(self, e)
  File "/home1/zrentala/.conda/envs/zrentala/lib/python3.11/site-packages/distributed/comm/tcp.py", line 143, in convert_stream_closed_error
    raise CommClosedError(f"in {obj}: {exc.__class__.__name__}: {exc}") from exc
distributed.comm.core.CommClosedError: in <TCP (closed) Ephemeral Worker->Worker for gather local=tcp://192.168.86.140:58096 remote=tcp://192.168.86.123:41957>: BrokenPipeError: [Errno 32] Broken pipe
2026-01-14 23:35:46,858 - distributed.worker - ERROR - Worker stream died during communication: tcp://192.168.86.120:36014
Traceback (most recent call last):
  File "/home1/zrentala/.conda/envs/zrentala/lib/python3.11/site-packages/tornado/iostream.py", line 962, in _handle_write
    num_bytes = self.write_to_fd(self._write_buffer.peek(size))
                ^^^^^^^^^^^^^^^^^^^^^^^^^^^^^^^^^^^^^^^^^^^^^^^
  File "/home1/zrentala/.conda/envs/zrentala/lib/python3.11/site-packages/tornado/iostream.py", line 1121, in write_to_fd
    return self.socket.send(data)  # type: ignore
           ^^^^^^^^^^^^^^^^^^^^^^
BrokenPipeError: [Errno 32] Broken pipe

The above exception was the direct cause of the following exception:

Traceback (most recent call last):
  File "/home1/zrentala/.conda/envs/zrentala/lib/python3.11/site-packages/distributed/worker.py", line 2081, in gather_dep
    response = await get_data_from_worker(
               ^^^^^^^^^^^^^^^^^^^^^^^^^^^
  File "/home1/zrentala/.conda/envs/zrentala/lib/python3.11/site-packages/distributed/worker.py", line 2887, in get_data_from_worker
    response = await send_recv(
               ^^^^^^^^^^^^^^^^
  File "/home1/zrentala/.conda/envs/zrentala/lib/python3.11/site-packages/distributed/core.py", line 1018, in send_recv
    response = await comm.read(deserializers=deserializers)
               ^^^^^^^^^^^^^^^^^^^^^^^^^^^^^^^^^^^^^^^^^^^^
  File "/home1/zrentala/.conda/envs/zrentala/lib/python3.11/site-packages/distributed/comm/tcp.py", line 237, in read
    convert_stream_closed_error(self, e)
  File "/home1/zrentala/.conda/envs/zrentala/lib/python3.11/site-packages/distributed/comm/tcp.py", line 143, in convert_stream_closed_error
    raise CommClosedError(f"in {obj}: {exc.__class__.__name__}: {exc}") from exc
distributed.comm.core.CommClosedError: in <TCP (closed) Ephemeral Worker->Worker for gather local=tcp://192.168.86.140:50036 remote=tcp://192.168.86.120:36014>: BrokenPipeError: [Errno 32] Broken pipe
2026-01-14 23:35:46,899 - distributed.worker - ERROR - Worker stream died during communication: tcp://192.168.86.144:46154
Traceback (most recent call last):
  File "/home1/zrentala/.conda/envs/zrentala/lib/python3.11/site-packages/tornado/iostream.py", line 962, in _handle_write
    num_bytes = self.write_to_fd(self._write_buffer.peek(size))
                ^^^^^^^^^^^^^^^^^^^^^^^^^^^^^^^^^^^^^^^^^^^^^^^
  File "/home1/zrentala/.conda/envs/zrentala/lib/python3.11/site-packages/tornado/iostream.py", line 1121, in write_to_fd
    return self.socket.send(data)  # type: ignore
           ^^^^^^^^^^^^^^^^^^^^^^
BrokenPipeError: [Errno 32] Broken pipe

The above exception was the direct cause of the following exception:

Traceback (most recent call last):
  File "/home1/zrentala/.conda/envs/zrentala/lib/python3.11/site-packages/distributed/worker.py", line 2081, in gather_dep
    response = await get_data_from_worker(
               ^^^^^^^^^^^^^^^^^^^^^^^^^^^
  File "/home1/zrentala/.conda/envs/zrentala/lib/python3.11/site-packages/distributed/worker.py", line 2887, in get_data_from_worker
    response = await send_recv(
               ^^^^^^^^^^^^^^^^
  File "/home1/zrentala/.conda/envs/zrentala/lib/python3.11/site-packages/distributed/core.py", line 1018, in send_recv
    response = await comm.read(deserializers=deserializers)
               ^^^^^^^^^^^^^^^^^^^^^^^^^^^^^^^^^^^^^^^^^^^^
  File "/home1/zrentala/.conda/envs/zrentala/lib/python3.11/site-packages/distributed/comm/tcp.py", line 237, in read
    convert_stream_closed_error(self, e)
  File "/home1/zrentala/.conda/envs/zrentala/lib/python3.11/site-packages/distributed/comm/tcp.py", line 143, in convert_stream_closed_error
    raise CommClosedError(f"in {obj}: {exc.__class__.__name__}: {exc}") from exc
distributed.comm.core.CommClosedError: in <TCP (closed) Ephemeral Worker->Worker for gather local=tcp://192.168.86.140:43660 remote=tcp://192.168.86.144:46154>: BrokenPipeError: [Errno 32] Broken pipe
2026-01-14 23:35:46,941 - distributed.worker - ERROR - Worker stream died during communication: tcp://192.168.86.145:39389
Traceback (most recent call last):
  File "/home1/zrentala/.conda/envs/zrentala/lib/python3.11/site-packages/tornado/iostream.py", line 962, in _handle_write
    num_bytes = self.write_to_fd(self._write_buffer.peek(size))
                ^^^^^^^^^^^^^^^^^^^^^^^^^^^^^^^^^^^^^^^^^^^^^^^
  File "/home1/zrentala/.conda/envs/zrentala/lib/python3.11/site-packages/tornado/iostream.py", line 1121, in write_to_fd
    return self.socket.send(data)  # type: ignore
           ^^^^^^^^^^^^^^^^^^^^^^
BrokenPipeError: [Errno 32] Broken pipe

The above exception was the direct cause of the following exception:

Traceback (most recent call last):
  File "/home1/zrentala/.conda/envs/zrentala/lib/python3.11/site-packages/distributed/worker.py", line 2081, in gather_dep
    response = await get_data_from_worker(
               ^^^^^^^^^^^^^^^^^^^^^^^^^^^
  File "/home1/zrentala/.conda/envs/zrentala/lib/python3.11/site-packages/distributed/worker.py", line 2887, in get_data_from_worker
    response = await send_recv(
               ^^^^^^^^^^^^^^^^
  File "/home1/zrentala/.conda/envs/zrentala/lib/python3.11/site-packages/distributed/core.py", line 1018, in send_recv
    response = await comm.read(deserializers=deserializers)
               ^^^^^^^^^^^^^^^^^^^^^^^^^^^^^^^^^^^^^^^^^^^^
  File "/home1/zrentala/.conda/envs/zrentala/lib/python3.11/site-packages/distributed/comm/tcp.py", line 237, in read
    convert_stream_closed_error(self, e)
  File "/home1/zrentala/.conda/envs/zrentala/lib/python3.11/site-packages/distributed/comm/tcp.py", line 143, in convert_stream_closed_error
    raise CommClosedError(f"in {obj}: {exc.__class__.__name__}: {exc}") from exc
distributed.comm.core.CommClosedError: in <TCP (closed) Ephemeral Worker->Worker for gather local=tcp://192.168.86.140:45222 remote=tcp://192.168.86.145:39389>: BrokenPipeError: [Errno 32] Broken pipe
2026-01-14 23:35:46,983 - distributed.worker - ERROR - Worker stream died during communication: tcp://192.168.86.123:45811
Traceback (most recent call last):
  File "/home1/zrentala/.conda/envs/zrentala/lib/python3.11/site-packages/tornado/iostream.py", line 962, in _handle_write
    num_bytes = self.write_to_fd(self._write_buffer.peek(size))
                ^^^^^^^^^^^^^^^^^^^^^^^^^^^^^^^^^^^^^^^^^^^^^^^
  File "/home1/zrentala/.conda/envs/zrentala/lib/python3.11/site-packages/tornado/iostream.py", line 1121, in write_to_fd
    return self.socket.send(data)  # type: ignore
           ^^^^^^^^^^^^^^^^^^^^^^
BrokenPipeError: [Errno 32] Broken pipe

The above exception was the direct cause of the following exception:

Traceback (most recent call last):
  File "/home1/zrentala/.conda/envs/zrentala/lib/python3.11/site-packages/distributed/worker.py", line 2081, in gather_dep
    response = await get_data_from_worker(
               ^^^^^^^^^^^^^^^^^^^^^^^^^^^
  File "/home1/zrentala/.conda/envs/zrentala/lib/python3.11/site-packages/distributed/worker.py", line 2887, in get_data_from_worker
    response = await send_recv(
               ^^^^^^^^^^^^^^^^
  File "/home1/zrentala/.conda/envs/zrentala/lib/python3.11/site-packages/distributed/core.py", line 1018, in send_recv
    response = await comm.read(deserializers=deserializers)
               ^^^^^^^^^^^^^^^^^^^^^^^^^^^^^^^^^^^^^^^^^^^^
  File "/home1/zrentala/.conda/envs/zrentala/lib/python3.11/site-packages/distributed/comm/tcp.py", line 237, in read
    convert_stream_closed_error(self, e)
  File "/home1/zrentala/.conda/envs/zrentala/lib/python3.11/site-packages/distributed/comm/tcp.py", line 143, in convert_stream_closed_error
    raise CommClosedError(f"in {obj}: {exc.__class__.__name__}: {exc}") from exc
distributed.comm.core.CommClosedError: in <TCP (closed) Ephemeral Worker->Worker for gather local=tcp://192.168.86.140:34904 remote=tcp://192.168.86.123:45811>: BrokenPipeError: [Errno 32] Broken pipe
2026-01-14 23:35:47,024 - distributed.worker - ERROR - Worker stream died during communication: tcp://192.168.86.121:33174
Traceback (most recent call last):
  File "/home1/zrentala/.conda/envs/zrentala/lib/python3.11/site-packages/tornado/iostream.py", line 962, in _handle_write
    num_bytes = self.write_to_fd(self._write_buffer.peek(size))
                ^^^^^^^^^^^^^^^^^^^^^^^^^^^^^^^^^^^^^^^^^^^^^^^
  File "/home1/zrentala/.conda/envs/zrentala/lib/python3.11/site-packages/tornado/iostream.py", line 1121, in write_to_fd
    return self.socket.send(data)  # type: ignore
           ^^^^^^^^^^^^^^^^^^^^^^
BrokenPipeError: [Errno 32] Broken pipe

The above exception was the direct cause of the following exception:

Traceback (most recent call last):
  File "/home1/zrentala/.conda/envs/zrentala/lib/python3.11/site-packages/distributed/worker.py", line 2081, in gather_dep
    response = await get_data_from_worker(
               ^^^^^^^^^^^^^^^^^^^^^^^^^^^
  File "/home1/zrentala/.conda/envs/zrentala/lib/python3.11/site-packages/distributed/worker.py", line 2887, in get_data_from_worker
    response = await send_recv(
               ^^^^^^^^^^^^^^^^
  File "/home1/zrentala/.conda/envs/zrentala/lib/python3.11/site-packages/distributed/core.py", line 1018, in send_recv
    response = await comm.read(deserializers=deserializers)
               ^^^^^^^^^^^^^^^^^^^^^^^^^^^^^^^^^^^^^^^^^^^^
  File "/home1/zrentala/.conda/envs/zrentala/lib/python3.11/site-packages/distributed/comm/tcp.py", line 237, in read
    convert_stream_closed_error(self, e)
  File "/home1/zrentala/.conda/envs/zrentala/lib/python3.11/site-packages/distributed/comm/tcp.py", line 143, in convert_stream_closed_error
    raise CommClosedError(f"in {obj}: {exc.__class__.__name__}: {exc}") from exc
distributed.comm.core.CommClosedError: in <TCP (closed) Ephemeral Worker->Worker for gather local=tcp://192.168.86.140:42980 remote=tcp://192.168.86.121:33174>: BrokenPipeError: [Errno 32] Broken pipe
2026-01-14 23:35:47,061 - distributed.worker - ERROR - Worker stream died during communication: tcp://192.168.86.125:41310
Traceback (most recent call last):
  File "/home1/zrentala/.conda/envs/zrentala/lib/python3.11/site-packages/tornado/iostream.py", line 962, in _handle_write
    num_bytes = self.write_to_fd(self._write_buffer.peek(size))
                ^^^^^^^^^^^^^^^^^^^^^^^^^^^^^^^^^^^^^^^^^^^^^^^
  File "/home1/zrentala/.conda/envs/zrentala/lib/python3.11/site-packages/tornado/iostream.py", line 1121, in write_to_fd
    return self.socket.send(data)  # type: ignore
           ^^^^^^^^^^^^^^^^^^^^^^
BrokenPipeError: [Errno 32] Broken pipe

The above exception was the direct cause of the following exception:

Traceback (most recent call last):
  File "/home1/zrentala/.conda/envs/zrentala/lib/python3.11/site-packages/distributed/worker.py", line 2081, in gather_dep
    response = await get_data_from_worker(
               ^^^^^^^^^^^^^^^^^^^^^^^^^^^
  File "/home1/zrentala/.conda/envs/zrentala/lib/python3.11/site-packages/distributed/worker.py", line 2887, in get_data_from_worker
    response = await send_recv(
               ^^^^^^^^^^^^^^^^
  File "/home1/zrentala/.conda/envs/zrentala/lib/python3.11/site-packages/distributed/core.py", line 1018, in send_recv
    response = await comm.read(deserializers=deserializers)
               ^^^^^^^^^^^^^^^^^^^^^^^^^^^^^^^^^^^^^^^^^^^^
  File "/home1/zrentala/.conda/envs/zrentala/lib/python3.11/site-packages/distributed/comm/tcp.py", line 237, in read
    convert_stream_closed_error(self, e)
  File "/home1/zrentala/.conda/envs/zrentala/lib/python3.11/site-packages/distributed/comm/tcp.py", line 143, in convert_stream_closed_error
    raise CommClosedError(f"in {obj}: {exc.__class__.__name__}: {exc}") from exc
distributed.comm.core.CommClosedError: in <TCP (closed) Ephemeral Worker->Worker for gather local=tcp://192.168.86.140:56076 remote=tcp://192.168.86.125:41310>: BrokenPipeError: [Errno 32] Broken pipe
2026-01-14 23:35:47,082 - distributed.worker - ERROR - Worker stream died during communication: tcp://192.168.86.135:35502
Traceback (most recent call last):
  File "/home1/zrentala/.conda/envs/zrentala/lib/python3.11/site-packages/distributed/comm/tcp.py", line 226, in read
    frames_nosplit_nbytes_bin = await stream.read_bytes(fmt_size)
                                ^^^^^^^^^^^^^^^^^^^^^^^^^^^^^^^^^
tornado.iostream.StreamClosedError: Stream is closed

The above exception was the direct cause of the following exception:

Traceback (most recent call last):
  File "/home1/zrentala/.conda/envs/zrentala/lib/python3.11/site-packages/distributed/worker.py", line 2081, in gather_dep
    response = await get_data_from_worker(
               ^^^^^^^^^^^^^^^^^^^^^^^^^^^
  File "/home1/zrentala/.conda/envs/zrentala/lib/python3.11/site-packages/distributed/worker.py", line 2887, in get_data_from_worker
    response = await send_recv(
               ^^^^^^^^^^^^^^^^
  File "/home1/zrentala/.conda/envs/zrentala/lib/python3.11/site-packages/distributed/core.py", line 1018, in send_recv
    response = await comm.read(deserializers=deserializers)
               ^^^^^^^^^^^^^^^^^^^^^^^^^^^^^^^^^^^^^^^^^^^^
  File "/home1/zrentala/.conda/envs/zrentala/lib/python3.11/site-packages/distributed/comm/tcp.py", line 237, in read
    convert_stream_closed_error(self, e)
  File "/home1/zrentala/.conda/envs/zrentala/lib/python3.11/site-packages/distributed/comm/tcp.py", line 137, in convert_stream_closed_error
    raise CommClosedError(f"in {obj}: {exc}") from exc
distributed.comm.core.CommClosedError: in <TCP (closed) Ephemeral Worker->Worker for gather local=tcp://192.168.86.140:40296 remote=tcp://192.168.86.135:35502>: Stream is closed
2026-01-14 23:35:47,104 - distributed.worker - ERROR - Worker stream died during communication: tcp://192.168.86.126:36362
Traceback (most recent call last):
  File "/home1/zrentala/.conda/envs/zrentala/lib/python3.11/site-packages/tornado/iostream.py", line 962, in _handle_write
    num_bytes = self.write_to_fd(self._write_buffer.peek(size))
                ^^^^^^^^^^^^^^^^^^^^^^^^^^^^^^^^^^^^^^^^^^^^^^^
  File "/home1/zrentala/.conda/envs/zrentala/lib/python3.11/site-packages/tornado/iostream.py", line 1121, in write_to_fd
    return self.socket.send(data)  # type: ignore
           ^^^^^^^^^^^^^^^^^^^^^^
BrokenPipeError: [Errno 32] Broken pipe

The above exception was the direct cause of the following exception:

Traceback (most recent call last):
  File "/home1/zrentala/.conda/envs/zrentala/lib/python3.11/site-packages/distributed/worker.py", line 2081, in gather_dep
    response = await get_data_from_worker(
               ^^^^^^^^^^^^^^^^^^^^^^^^^^^
  File "/home1/zrentala/.conda/envs/zrentala/lib/python3.11/site-packages/distributed/worker.py", line 2887, in get_data_from_worker
    response = await send_recv(
               ^^^^^^^^^^^^^^^^
  File "/home1/zrentala/.conda/envs/zrentala/lib/python3.11/site-packages/distributed/core.py", line 1018, in send_recv
    response = await comm.read(deserializers=deserializers)
               ^^^^^^^^^^^^^^^^^^^^^^^^^^^^^^^^^^^^^^^^^^^^
  File "/home1/zrentala/.conda/envs/zrentala/lib/python3.11/site-packages/distributed/comm/tcp.py", line 237, in read
    convert_stream_closed_error(self, e)
  File "/home1/zrentala/.conda/envs/zrentala/lib/python3.11/site-packages/distributed/comm/tcp.py", line 143, in convert_stream_closed_error
    raise CommClosedError(f"in {obj}: {exc.__class__.__name__}: {exc}") from exc
distributed.comm.core.CommClosedError: in <TCP (closed) Ephemeral Worker->Worker for gather local=tcp://192.168.86.140:47780 remote=tcp://192.168.86.126:36362>: BrokenPipeError: [Errno 32] Broken pipe
2026-01-14 23:35:47,150 - distributed.worker - ERROR - Worker stream died during communication: tcp://192.168.86.117:44597
Traceback (most recent call last):
  File "/home1/zrentala/.conda/envs/zrentala/lib/python3.11/site-packages/tornado/iostream.py", line 962, in _handle_write
    num_bytes = self.write_to_fd(self._write_buffer.peek(size))
                ^^^^^^^^^^^^^^^^^^^^^^^^^^^^^^^^^^^^^^^^^^^^^^^
  File "/home1/zrentala/.conda/envs/zrentala/lib/python3.11/site-packages/tornado/iostream.py", line 1121, in write_to_fd
    return self.socket.send(data)  # type: ignore
           ^^^^^^^^^^^^^^^^^^^^^^
BrokenPipeError: [Errno 32] Broken pipe

The above exception was the direct cause of the following exception:

Traceback (most recent call last):
  File "/home1/zrentala/.conda/envs/zrentala/lib/python3.11/site-packages/distributed/worker.py", line 2081, in gather_dep
    response = await get_data_from_worker(
               ^^^^^^^^^^^^^^^^^^^^^^^^^^^
  File "/home1/zrentala/.conda/envs/zrentala/lib/python3.11/site-packages/distributed/worker.py", line 2887, in get_data_from_worker
    response = await send_recv(
               ^^^^^^^^^^^^^^^^
  File "/home1/zrentala/.conda/envs/zrentala/lib/python3.11/site-packages/distributed/core.py", line 1018, in send_recv
    response = await comm.read(deserializers=deserializers)
               ^^^^^^^^^^^^^^^^^^^^^^^^^^^^^^^^^^^^^^^^^^^^
  File "/home1/zrentala/.conda/envs/zrentala/lib/python3.11/site-packages/distributed/comm/tcp.py", line 237, in read
    convert_stream_closed_error(self, e)
  File "/home1/zrentala/.conda/envs/zrentala/lib/python3.11/site-packages/distributed/comm/tcp.py", line 143, in convert_stream_closed_error
    raise CommClosedError(f"in {obj}: {exc.__class__.__name__}: {exc}") from exc
distributed.comm.core.CommClosedError: in <TCP (closed) Ephemeral Worker->Worker for gather local=tcp://192.168.86.140:43440 remote=tcp://192.168.86.117:44597>: BrokenPipeError: [Errno 32] Broken pipe
2026-01-14 23:35:47,192 - distributed.worker - ERROR - Worker stream died during communication: tcp://192.168.86.121:43264
Traceback (most recent call last):
  File "/home1/zrentala/.conda/envs/zrentala/lib/python3.11/site-packages/tornado/iostream.py", line 962, in _handle_write
    num_bytes = self.write_to_fd(self._write_buffer.peek(size))
                ^^^^^^^^^^^^^^^^^^^^^^^^^^^^^^^^^^^^^^^^^^^^^^^
  File "/home1/zrentala/.conda/envs/zrentala/lib/python3.11/site-packages/tornado/iostream.py", line 1121, in write_to_fd
    return self.socket.send(data)  # type: ignore
           ^^^^^^^^^^^^^^^^^^^^^^
BrokenPipeError: [Errno 32] Broken pipe

The above exception was the direct cause of the following exception:

Traceback (most recent call last):
  File "/home1/zrentala/.conda/envs/zrentala/lib/python3.11/site-packages/distributed/worker.py", line 2081, in gather_dep
    response = await get_data_from_worker(
               ^^^^^^^^^^^^^^^^^^^^^^^^^^^
  File "/home1/zrentala/.conda/envs/zrentala/lib/python3.11/site-packages/distributed/worker.py", line 2887, in get_data_from_worker
    response = await send_recv(
               ^^^^^^^^^^^^^^^^
  File "/home1/zrentala/.conda/envs/zrentala/lib/python3.11/site-packages/distributed/core.py", line 1018, in send_recv
    response = await comm.read(deserializers=deserializers)
               ^^^^^^^^^^^^^^^^^^^^^^^^^^^^^^^^^^^^^^^^^^^^
  File "/home1/zrentala/.conda/envs/zrentala/lib/python3.11/site-packages/distributed/comm/tcp.py", line 237, in read
    convert_stream_closed_error(self, e)
  File "/home1/zrentala/.conda/envs/zrentala/lib/python3.11/site-packages/distributed/comm/tcp.py", line 143, in convert_stream_closed_error
    raise CommClosedError(f"in {obj}: {exc.__class__.__name__}: {exc}") from exc
distributed.comm.core.CommClosedError: in <TCP (closed) Ephemeral Worker->Worker for gather local=tcp://192.168.86.140:38734 remote=tcp://192.168.86.121:43264>: BrokenPipeError: [Errno 32] Broken pipe
2026-01-14 23:35:47,234 - distributed.worker - ERROR - Worker stream died during communication: tcp://192.168.86.124:44837
Traceback (most recent call last):
  File "/home1/zrentala/.conda/envs/zrentala/lib/python3.11/site-packages/tornado/iostream.py", line 962, in _handle_write
    num_bytes = self.write_to_fd(self._write_buffer.peek(size))
                ^^^^^^^^^^^^^^^^^^^^^^^^^^^^^^^^^^^^^^^^^^^^^^^
  File "/home1/zrentala/.conda/envs/zrentala/lib/python3.11/site-packages/tornado/iostream.py", line 1121, in write_to_fd
    return self.socket.send(data)  # type: ignore
           ^^^^^^^^^^^^^^^^^^^^^^
BrokenPipeError: [Errno 32] Broken pipe

The above exception was the direct cause of the following exception:

Traceback (most recent call last):
  File "/home1/zrentala/.conda/envs/zrentala/lib/python3.11/site-packages/distributed/worker.py", line 2081, in gather_dep
    response = await get_data_from_worker(
               ^^^^^^^^^^^^^^^^^^^^^^^^^^^
  File "/home1/zrentala/.conda/envs/zrentala/lib/python3.11/site-packages/distributed/worker.py", line 2887, in get_data_from_worker
    response = await send_recv(
               ^^^^^^^^^^^^^^^^
  File "/home1/zrentala/.conda/envs/zrentala/lib/python3.11/site-packages/distributed/core.py", line 1018, in send_recv
    response = await comm.read(deserializers=deserializers)
               ^^^^^^^^^^^^^^^^^^^^^^^^^^^^^^^^^^^^^^^^^^^^
  File "/home1/zrentala/.conda/envs/zrentala/lib/python3.11/site-packages/distributed/comm/tcp.py", line 237, in read
    convert_stream_closed_error(self, e)
  File "/home1/zrentala/.conda/envs/zrentala/lib/python3.11/site-packages/distributed/comm/tcp.py", line 143, in convert_stream_closed_error
    raise CommClosedError(f"in {obj}: {exc.__class__.__name__}: {exc}") from exc
distributed.comm.core.CommClosedError: in <TCP (closed) Ephemeral Worker->Worker for gather local=tcp://192.168.86.140:56742 remote=tcp://192.168.86.124:44837>: BrokenPipeError: [Errno 32] Broken pipe
2026-01-14 23:35:47,275 - distributed.worker - ERROR - Worker stream died during communication: tcp://192.168.86.120:35876
Traceback (most recent call last):
  File "/home1/zrentala/.conda/envs/zrentala/lib/python3.11/site-packages/tornado/iostream.py", line 962, in _handle_write
    num_bytes = self.write_to_fd(self._write_buffer.peek(size))
                ^^^^^^^^^^^^^^^^^^^^^^^^^^^^^^^^^^^^^^^^^^^^^^^
  File "/home1/zrentala/.conda/envs/zrentala/lib/python3.11/site-packages/tornado/iostream.py", line 1121, in write_to_fd
    return self.socket.send(data)  # type: ignore
           ^^^^^^^^^^^^^^^^^^^^^^
BrokenPipeError: [Errno 32] Broken pipe

The above exception was the direct cause of the following exception:

Traceback (most recent call last):
  File "/home1/zrentala/.conda/envs/zrentala/lib/python3.11/site-packages/distributed/worker.py", line 2081, in gather_dep
    response = await get_data_from_worker(
               ^^^^^^^^^^^^^^^^^^^^^^^^^^^
  File "/home1/zrentala/.conda/envs/zrentala/lib/python3.11/site-packages/distributed/worker.py", line 2887, in get_data_from_worker
    response = await send_recv(
               ^^^^^^^^^^^^^^^^
  File "/home1/zrentala/.conda/envs/zrentala/lib/python3.11/site-packages/distributed/core.py", line 1018, in send_recv
    response = await comm.read(deserializers=deserializers)
               ^^^^^^^^^^^^^^^^^^^^^^^^^^^^^^^^^^^^^^^^^^^^
  File "/home1/zrentala/.conda/envs/zrentala/lib/python3.11/site-packages/distributed/comm/tcp.py", line 237, in read
    convert_stream_closed_error(self, e)
  File "/home1/zrentala/.conda/envs/zrentala/lib/python3.11/site-packages/distributed/comm/tcp.py", line 143, in convert_stream_closed_error
    raise CommClosedError(f"in {obj}: {exc.__class__.__name__}: {exc}") from exc
distributed.comm.core.CommClosedError: in <TCP (closed) Ephemeral Worker->Worker for gather local=tcp://192.168.86.140:54655 remote=tcp://192.168.86.120:35876>: BrokenPipeError: [Errno 32] Broken pipe
2026-01-14 23:35:47,317 - distributed.worker - ERROR - Worker stream died during communication: tcp://192.168.86.119:43025
Traceback (most recent call last):
  File "/home1/zrentala/.conda/envs/zrentala/lib/python3.11/site-packages/tornado/iostream.py", line 962, in _handle_write
    num_bytes = self.write_to_fd(self._write_buffer.peek(size))
                ^^^^^^^^^^^^^^^^^^^^^^^^^^^^^^^^^^^^^^^^^^^^^^^
  File "/home1/zrentala/.conda/envs/zrentala/lib/python3.11/site-packages/tornado/iostream.py", line 1121, in write_to_fd
    return self.socket.send(data)  # type: ignore
           ^^^^^^^^^^^^^^^^^^^^^^
BrokenPipeError: [Errno 32] Broken pipe

The above exception was the direct cause of the following exception:

Traceback (most recent call last):
  File "/home1/zrentala/.conda/envs/zrentala/lib/python3.11/site-packages/distributed/worker.py", line 2081, in gather_dep
    response = await get_data_from_worker(
               ^^^^^^^^^^^^^^^^^^^^^^^^^^^
  File "/home1/zrentala/.conda/envs/zrentala/lib/python3.11/site-packages/distributed/worker.py", line 2887, in get_data_from_worker
    response = await send_recv(
               ^^^^^^^^^^^^^^^^
  File "/home1/zrentala/.conda/envs/zrentala/lib/python3.11/site-packages/distributed/core.py", line 1018, in send_recv
    response = await comm.read(deserializers=deserializers)
               ^^^^^^^^^^^^^^^^^^^^^^^^^^^^^^^^^^^^^^^^^^^^
  File "/home1/zrentala/.conda/envs/zrentala/lib/python3.11/site-packages/distributed/comm/tcp.py", line 237, in read
    convert_stream_closed_error(self, e)
  File "/home1/zrentala/.conda/envs/zrentala/lib/python3.11/site-packages/distributed/comm/tcp.py", line 143, in convert_stream_closed_error
    raise CommClosedError(f"in {obj}: {exc.__class__.__name__}: {exc}") from exc
distributed.comm.core.CommClosedError: in <TCP (closed) Ephemeral Worker->Worker for gather local=tcp://192.168.86.140:54406 remote=tcp://192.168.86.119:43025>: BrokenPipeError: [Errno 32] Broken pipe
2026-01-14 23:35:47,359 - distributed.worker - ERROR - Worker stream died during communication: tcp://192.168.86.137:34682
Traceback (most recent call last):
  File "/home1/zrentala/.conda/envs/zrentala/lib/python3.11/site-packages/tornado/iostream.py", line 962, in _handle_write
    num_bytes = self.write_to_fd(self._write_buffer.peek(size))
                ^^^^^^^^^^^^^^^^^^^^^^^^^^^^^^^^^^^^^^^^^^^^^^^
  File "/home1/zrentala/.conda/envs/zrentala/lib/python3.11/site-packages/tornado/iostream.py", line 1121, in write_to_fd
    return self.socket.send(data)  # type: ignore
           ^^^^^^^^^^^^^^^^^^^^^^
BrokenPipeError: [Errno 32] Broken pipe

The above exception was the direct cause of the following exception:

Traceback (most recent call last):
  File "/home1/zrentala/.conda/envs/zrentala/lib/python3.11/site-packages/distributed/worker.py", line 2081, in gather_dep
    response = await get_data_from_worker(
               ^^^^^^^^^^^^^^^^^^^^^^^^^^^
  File "/home1/zrentala/.conda/envs/zrentala/lib/python3.11/site-packages/distributed/worker.py", line 2887, in get_data_from_worker
    response = await send_recv(
               ^^^^^^^^^^^^^^^^
  File "/home1/zrentala/.conda/envs/zrentala/lib/python3.11/site-packages/distributed/core.py", line 1018, in send_recv
    response = await comm.read(deserializers=deserializers)
               ^^^^^^^^^^^^^^^^^^^^^^^^^^^^^^^^^^^^^^^^^^^^
  File "/home1/zrentala/.conda/envs/zrentala/lib/python3.11/site-packages/distributed/comm/tcp.py", line 237, in read
    convert_stream_closed_error(self, e)
  File "/home1/zrentala/.conda/envs/zrentala/lib/python3.11/site-packages/distributed/comm/tcp.py", line 143, in convert_stream_closed_error
    raise CommClosedError(f"in {obj}: {exc.__class__.__name__}: {exc}") from exc
distributed.comm.core.CommClosedError: in <TCP (closed) Ephemeral Worker->Worker for gather local=tcp://192.168.86.140:39104 remote=tcp://192.168.86.137:34682>: BrokenPipeError: [Errno 32] Broken pipe
2026-01-14 23:35:47,400 - distributed.worker - ERROR - Worker stream died during communication: tcp://192.168.86.126:33119
Traceback (most recent call last):
  File "/home1/zrentala/.conda/envs/zrentala/lib/python3.11/site-packages/tornado/iostream.py", line 962, in _handle_write
    num_bytes = self.write_to_fd(self._write_buffer.peek(size))
                ^^^^^^^^^^^^^^^^^^^^^^^^^^^^^^^^^^^^^^^^^^^^^^^
  File "/home1/zrentala/.conda/envs/zrentala/lib/python3.11/site-packages/tornado/iostream.py", line 1121, in write_to_fd
    return self.socket.send(data)  # type: ignore
           ^^^^^^^^^^^^^^^^^^^^^^
BrokenPipeError: [Errno 32] Broken pipe

The above exception was the direct cause of the following exception:

Traceback (most recent call last):
  File "/home1/zrentala/.conda/envs/zrentala/lib/python3.11/site-packages/distributed/worker.py", line 2081, in gather_dep
    response = await get_data_from_worker(
               ^^^^^^^^^^^^^^^^^^^^^^^^^^^
  File "/home1/zrentala/.conda/envs/zrentala/lib/python3.11/site-packages/distributed/worker.py", line 2887, in get_data_from_worker
    response = await send_recv(
               ^^^^^^^^^^^^^^^^
  File "/home1/zrentala/.conda/envs/zrentala/lib/python3.11/site-packages/distributed/core.py", line 1018, in send_recv
    response = await comm.read(deserializers=deserializers)
               ^^^^^^^^^^^^^^^^^^^^^^^^^^^^^^^^^^^^^^^^^^^^
  File "/home1/zrentala/.conda/envs/zrentala/lib/python3.11/site-packages/distributed/comm/tcp.py", line 237, in read
    convert_stream_closed_error(self, e)
  File "/home1/zrentala/.conda/envs/zrentala/lib/python3.11/site-packages/distributed/comm/tcp.py", line 143, in convert_stream_closed_error
    raise CommClosedError(f"in {obj}: {exc.__class__.__name__}: {exc}") from exc
distributed.comm.core.CommClosedError: in <TCP (closed) Ephemeral Worker->Worker for gather local=tcp://192.168.86.140:46120 remote=tcp://192.168.86.126:33119>: BrokenPipeError: [Errno 32] Broken pipe
2026-01-14 23:35:47,432 - distributed.worker - ERROR - Worker stream died during communication: tcp://192.168.86.117:37294
Traceback (most recent call last):
  File "/home1/zrentala/.conda/envs/zrentala/lib/python3.11/site-packages/tornado/iostream.py", line 962, in _handle_write
    num_bytes = self.write_to_fd(self._write_buffer.peek(size))
                ^^^^^^^^^^^^^^^^^^^^^^^^^^^^^^^^^^^^^^^^^^^^^^^
  File "/home1/zrentala/.conda/envs/zrentala/lib/python3.11/site-packages/tornado/iostream.py", line 1121, in write_to_fd
    return self.socket.send(data)  # type: ignore
           ^^^^^^^^^^^^^^^^^^^^^^
BrokenPipeError: [Errno 32] Broken pipe

The above exception was the direct cause of the following exception:

Traceback (most recent call last):
  File "/home1/zrentala/.conda/envs/zrentala/lib/python3.11/site-packages/distributed/worker.py", line 2081, in gather_dep
    response = await get_data_from_worker(
               ^^^^^^^^^^^^^^^^^^^^^^^^^^^
  File "/home1/zrentala/.conda/envs/zrentala/lib/python3.11/site-packages/distributed/worker.py", line 2887, in get_data_from_worker
    response = await send_recv(
               ^^^^^^^^^^^^^^^^
  File "/home1/zrentala/.conda/envs/zrentala/lib/python3.11/site-packages/distributed/core.py", line 1018, in send_recv
    response = await comm.read(deserializers=deserializers)
               ^^^^^^^^^^^^^^^^^^^^^^^^^^^^^^^^^^^^^^^^^^^^
  File "/home1/zrentala/.conda/envs/zrentala/lib/python3.11/site-packages/distributed/comm/tcp.py", line 237, in read
    convert_stream_closed_error(self, e)
  File "/home1/zrentala/.conda/envs/zrentala/lib/python3.11/site-packages/distributed/comm/tcp.py", line 143, in convert_stream_closed_error
    raise CommClosedError(f"in {obj}: {exc.__class__.__name__}: {exc}") from exc
distributed.comm.core.CommClosedError: in <TCP (closed) Ephemeral Worker->Worker for gather local=tcp://192.168.86.140:34440 remote=tcp://192.168.86.117:37294>: BrokenPipeError: [Errno 32] Broken pipe
2026-01-14 23:35:47,479 - distributed.worker - ERROR - Worker stream died during communication: tcp://192.168.86.133:34758
Traceback (most recent call last):
  File "/home1/zrentala/.conda/envs/zrentala/lib/python3.11/site-packages/tornado/iostream.py", line 962, in _handle_write
    num_bytes = self.write_to_fd(self._write_buffer.peek(size))
                ^^^^^^^^^^^^^^^^^^^^^^^^^^^^^^^^^^^^^^^^^^^^^^^
  File "/home1/zrentala/.conda/envs/zrentala/lib/python3.11/site-packages/tornado/iostream.py", line 1121, in write_to_fd
    return self.socket.send(data)  # type: ignore
           ^^^^^^^^^^^^^^^^^^^^^^
BrokenPipeError: [Errno 32] Broken pipe

The above exception was the direct cause of the following exception:

Traceback (most recent call last):
  File "/home1/zrentala/.conda/envs/zrentala/lib/python3.11/site-packages/distributed/worker.py", line 2081, in gather_dep
    response = await get_data_from_worker(
               ^^^^^^^^^^^^^^^^^^^^^^^^^^^
  File "/home1/zrentala/.conda/envs/zrentala/lib/python3.11/site-packages/distributed/worker.py", line 2887, in get_data_from_worker
    response = await send_recv(
               ^^^^^^^^^^^^^^^^
  File "/home1/zrentala/.conda/envs/zrentala/lib/python3.11/site-packages/distributed/core.py", line 1018, in send_recv
    response = await comm.read(deserializers=deserializers)
               ^^^^^^^^^^^^^^^^^^^^^^^^^^^^^^^^^^^^^^^^^^^^
  File "/home1/zrentala/.conda/envs/zrentala/lib/python3.11/site-packages/distributed/comm/tcp.py", line 237, in read
    convert_stream_closed_error(self, e)
  File "/home1/zrentala/.conda/envs/zrentala/lib/python3.11/site-packages/distributed/comm/tcp.py", line 143, in convert_stream_closed_error
    raise CommClosedError(f"in {obj}: {exc.__class__.__name__}: {exc}") from exc
distributed.comm.core.CommClosedError: in <TCP (closed) Ephemeral Worker->Worker for gather local=tcp://192.168.86.140:37098 remote=tcp://192.168.86.133:34758>: BrokenPipeError: [Errno 32] Broken pipe
2026-01-14 23:35:47,520 - distributed.worker - ERROR - Worker stream died during communication: tcp://192.168.86.137:44604
Traceback (most recent call last):
  File "/home1/zrentala/.conda/envs/zrentala/lib/python3.11/site-packages/tornado/iostream.py", line 962, in _handle_write
    num_bytes = self.write_to_fd(self._write_buffer.peek(size))
                ^^^^^^^^^^^^^^^^^^^^^^^^^^^^^^^^^^^^^^^^^^^^^^^
  File "/home1/zrentala/.conda/envs/zrentala/lib/python3.11/site-packages/tornado/iostream.py", line 1121, in write_to_fd
    return self.socket.send(data)  # type: ignore
           ^^^^^^^^^^^^^^^^^^^^^^
BrokenPipeError: [Errno 32] Broken pipe

The above exception was the direct cause of the following exception:

Traceback (most recent call last):
  File "/home1/zrentala/.conda/envs/zrentala/lib/python3.11/site-packages/distributed/worker.py", line 2081, in gather_dep
    response = await get_data_from_worker(
               ^^^^^^^^^^^^^^^^^^^^^^^^^^^
  File "/home1/zrentala/.conda/envs/zrentala/lib/python3.11/site-packages/distributed/worker.py", line 2887, in get_data_from_worker
    response = await send_recv(
               ^^^^^^^^^^^^^^^^
  File "/home1/zrentala/.conda/envs/zrentala/lib/python3.11/site-packages/distributed/core.py", line 1018, in send_recv
    response = await comm.read(deserializers=deserializers)
               ^^^^^^^^^^^^^^^^^^^^^^^^^^^^^^^^^^^^^^^^^^^^
  File "/home1/zrentala/.conda/envs/zrentala/lib/python3.11/site-packages/distributed/comm/tcp.py", line 237, in read
    convert_stream_closed_error(self, e)
  File "/home1/zrentala/.conda/envs/zrentala/lib/python3.11/site-packages/distributed/comm/tcp.py", line 143, in convert_stream_closed_error
    raise CommClosedError(f"in {obj}: {exc.__class__.__name__}: {exc}") from exc
distributed.comm.core.CommClosedError: in <TCP (closed) Ephemeral Worker->Worker for gather local=tcp://192.168.86.140:33026 remote=tcp://192.168.86.137:44604>: BrokenPipeError: [Errno 32] Broken pipe
2026-01-14 23:35:47,562 - distributed.worker - ERROR - Worker stream died during communication: tcp://192.168.86.119:42802
Traceback (most recent call last):
  File "/home1/zrentala/.conda/envs/zrentala/lib/python3.11/site-packages/tornado/iostream.py", line 962, in _handle_write
    num_bytes = self.write_to_fd(self._write_buffer.peek(size))
                ^^^^^^^^^^^^^^^^^^^^^^^^^^^^^^^^^^^^^^^^^^^^^^^
  File "/home1/zrentala/.conda/envs/zrentala/lib/python3.11/site-packages/tornado/iostream.py", line 1121, in write_to_fd
    return self.socket.send(data)  # type: ignore
           ^^^^^^^^^^^^^^^^^^^^^^
BrokenPipeError: [Errno 32] Broken pipe

The above exception was the direct cause of the following exception:

Traceback (most recent call last):
  File "/home1/zrentala/.conda/envs/zrentala/lib/python3.11/site-packages/distributed/worker.py", line 2081, in gather_dep
    response = await get_data_from_worker(
               ^^^^^^^^^^^^^^^^^^^^^^^^^^^
  File "/home1/zrentala/.conda/envs/zrentala/lib/python3.11/site-packages/distributed/worker.py", line 2887, in get_data_from_worker
    response = await send_recv(
               ^^^^^^^^^^^^^^^^
  File "/home1/zrentala/.conda/envs/zrentala/lib/python3.11/site-packages/distributed/core.py", line 1018, in send_recv
    response = await comm.read(deserializers=deserializers)
               ^^^^^^^^^^^^^^^^^^^^^^^^^^^^^^^^^^^^^^^^^^^^
  File "/home1/zrentala/.conda/envs/zrentala/lib/python3.11/site-packages/distributed/comm/tcp.py", line 237, in read
    convert_stream_closed_error(self, e)
  File "/home1/zrentala/.conda/envs/zrentala/lib/python3.11/site-packages/distributed/comm/tcp.py", line 143, in convert_stream_closed_error
    raise CommClosedError(f"in {obj}: {exc.__class__.__name__}: {exc}") from exc
distributed.comm.core.CommClosedError: in <TCP (closed) Ephemeral Worker->Worker for gather local=tcp://192.168.86.140:53748 remote=tcp://192.168.86.119:42802>: BrokenPipeError: [Errno 32] Broken pipe
2026-01-14 23:35:47,604 - distributed.worker - ERROR - Worker stream died during communication: tcp://192.168.86.136:43957
Traceback (most recent call last):
  File "/home1/zrentala/.conda/envs/zrentala/lib/python3.11/site-packages/tornado/iostream.py", line 962, in _handle_write
    num_bytes = self.write_to_fd(self._write_buffer.peek(size))
                ^^^^^^^^^^^^^^^^^^^^^^^^^^^^^^^^^^^^^^^^^^^^^^^
  File "/home1/zrentala/.conda/envs/zrentala/lib/python3.11/site-packages/tornado/iostream.py", line 1121, in write_to_fd
    return self.socket.send(data)  # type: ignore
           ^^^^^^^^^^^^^^^^^^^^^^
BrokenPipeError: [Errno 32] Broken pipe

The above exception was the direct cause of the following exception:

Traceback (most recent call last):
  File "/home1/zrentala/.conda/envs/zrentala/lib/python3.11/site-packages/distributed/worker.py", line 2081, in gather_dep
    response = await get_data_from_worker(
               ^^^^^^^^^^^^^^^^^^^^^^^^^^^
  File "/home1/zrentala/.conda/envs/zrentala/lib/python3.11/site-packages/distributed/worker.py", line 2887, in get_data_from_worker
    response = await send_recv(
               ^^^^^^^^^^^^^^^^
  File "/home1/zrentala/.conda/envs/zrentala/lib/python3.11/site-packages/distributed/core.py", line 1018, in send_recv
    response = await comm.read(deserializers=deserializers)
               ^^^^^^^^^^^^^^^^^^^^^^^^^^^^^^^^^^^^^^^^^^^^
  File "/home1/zrentala/.conda/envs/zrentala/lib/python3.11/site-packages/distributed/comm/tcp.py", line 237, in read
    convert_stream_closed_error(self, e)
  File "/home1/zrentala/.conda/envs/zrentala/lib/python3.11/site-packages/distributed/comm/tcp.py", line 143, in convert_stream_closed_error
    raise CommClosedError(f"in {obj}: {exc.__class__.__name__}: {exc}") from exc
distributed.comm.core.CommClosedError: in <TCP (closed) Ephemeral Worker->Worker for gather local=tcp://192.168.86.140:43660 remote=tcp://192.168.86.136:43957>: BrokenPipeError: [Errno 32] Broken pipe
2026-01-14 23:35:47,646 - distributed.worker - ERROR - Worker stream died during communication: tcp://192.168.86.144:33023
Traceback (most recent call last):
  File "/home1/zrentala/.conda/envs/zrentala/lib/python3.11/site-packages/tornado/iostream.py", line 962, in _handle_write
    num_bytes = self.write_to_fd(self._write_buffer.peek(size))
                ^^^^^^^^^^^^^^^^^^^^^^^^^^^^^^^^^^^^^^^^^^^^^^^
  File "/home1/zrentala/.conda/envs/zrentala/lib/python3.11/site-packages/tornado/iostream.py", line 1121, in write_to_fd
    return self.socket.send(data)  # type: ignore
           ^^^^^^^^^^^^^^^^^^^^^^
BrokenPipeError: [Errno 32] Broken pipe

The above exception was the direct cause of the following exception:

Traceback (most recent call last):
  File "/home1/zrentala/.conda/envs/zrentala/lib/python3.11/site-packages/distributed/worker.py", line 2081, in gather_dep
    response = await get_data_from_worker(
               ^^^^^^^^^^^^^^^^^^^^^^^^^^^
  File "/home1/zrentala/.conda/envs/zrentala/lib/python3.11/site-packages/distributed/worker.py", line 2887, in get_data_from_worker
    response = await send_recv(
               ^^^^^^^^^^^^^^^^
  File "/home1/zrentala/.conda/envs/zrentala/lib/python3.11/site-packages/distributed/core.py", line 1018, in send_recv
    response = await comm.read(deserializers=deserializers)
               ^^^^^^^^^^^^^^^^^^^^^^^^^^^^^^^^^^^^^^^^^^^^
  File "/home1/zrentala/.conda/envs/zrentala/lib/python3.11/site-packages/distributed/comm/tcp.py", line 237, in read
    convert_stream_closed_error(self, e)
  File "/home1/zrentala/.conda/envs/zrentala/lib/python3.11/site-packages/distributed/comm/tcp.py", line 143, in convert_stream_closed_error
    raise CommClosedError(f"in {obj}: {exc.__class__.__name__}: {exc}") from exc
distributed.comm.core.CommClosedError: in <TCP (closed) Ephemeral Worker->Worker for gather local=tcp://192.168.86.140:56218 remote=tcp://192.168.86.144:33023>: BrokenPipeError: [Errno 32] Broken pipe
2026-01-14 23:35:47,692 - distributed.worker - ERROR - Worker stream died during communication: tcp://192.168.86.142:40303
Traceback (most recent call last):
  File "/home1/zrentala/.conda/envs/zrentala/lib/python3.11/site-packages/tornado/iostream.py", line 962, in _handle_write
    num_bytes = self.write_to_fd(self._write_buffer.peek(size))
                ^^^^^^^^^^^^^^^^^^^^^^^^^^^^^^^^^^^^^^^^^^^^^^^
  File "/home1/zrentala/.conda/envs/zrentala/lib/python3.11/site-packages/tornado/iostream.py", line 1121, in write_to_fd
    return self.socket.send(data)  # type: ignore
           ^^^^^^^^^^^^^^^^^^^^^^
BrokenPipeError: [Errno 32] Broken pipe

The above exception was the direct cause of the following exception:

Traceback (most recent call last):
  File "/home1/zrentala/.conda/envs/zrentala/lib/python3.11/site-packages/distributed/worker.py", line 2081, in gather_dep
    response = await get_data_from_worker(
               ^^^^^^^^^^^^^^^^^^^^^^^^^^^
  File "/home1/zrentala/.conda/envs/zrentala/lib/python3.11/site-packages/distributed/worker.py", line 2887, in get_data_from_worker
    response = await send_recv(
               ^^^^^^^^^^^^^^^^
  File "/home1/zrentala/.conda/envs/zrentala/lib/python3.11/site-packages/distributed/core.py", line 1018, in send_recv
    response = await comm.read(deserializers=deserializers)
               ^^^^^^^^^^^^^^^^^^^^^^^^^^^^^^^^^^^^^^^^^^^^
  File "/home1/zrentala/.conda/envs/zrentala/lib/python3.11/site-packages/distributed/comm/tcp.py", line 237, in read
    convert_stream_closed_error(self, e)
  File "/home1/zrentala/.conda/envs/zrentala/lib/python3.11/site-packages/distributed/comm/tcp.py", line 143, in convert_stream_closed_error
    raise CommClosedError(f"in {obj}: {exc.__class__.__name__}: {exc}") from exc
distributed.comm.core.CommClosedError: in <TCP (closed) Ephemeral Worker->Worker for gather local=tcp://192.168.86.140:44938 remote=tcp://192.168.86.142:40303>: BrokenPipeError: [Errno 32] Broken pipe
2026-01-14 23:35:47,734 - distributed.worker - ERROR - Worker stream died during communication: tcp://192.168.86.118:40969
Traceback (most recent call last):
  File "/home1/zrentala/.conda/envs/zrentala/lib/python3.11/site-packages/tornado/iostream.py", line 962, in _handle_write
    num_bytes = self.write_to_fd(self._write_buffer.peek(size))
                ^^^^^^^^^^^^^^^^^^^^^^^^^^^^^^^^^^^^^^^^^^^^^^^
  File "/home1/zrentala/.conda/envs/zrentala/lib/python3.11/site-packages/tornado/iostream.py", line 1121, in write_to_fd
    return self.socket.send(data)  # type: ignore
           ^^^^^^^^^^^^^^^^^^^^^^
BrokenPipeError: [Errno 32] Broken pipe

The above exception was the direct cause of the following exception:

Traceback (most recent call last):
  File "/home1/zrentala/.conda/envs/zrentala/lib/python3.11/site-packages/distributed/worker.py", line 2081, in gather_dep
    response = await get_data_from_worker(
               ^^^^^^^^^^^^^^^^^^^^^^^^^^^
  File "/home1/zrentala/.conda/envs/zrentala/lib/python3.11/site-packages/distributed/worker.py", line 2887, in get_data_from_worker
    response = await send_recv(
               ^^^^^^^^^^^^^^^^
  File "/home1/zrentala/.conda/envs/zrentala/lib/python3.11/site-packages/distributed/core.py", line 1018, in send_recv
    response = await comm.read(deserializers=deserializers)
               ^^^^^^^^^^^^^^^^^^^^^^^^^^^^^^^^^^^^^^^^^^^^
  File "/home1/zrentala/.conda/envs/zrentala/lib/python3.11/site-packages/distributed/comm/tcp.py", line 237, in read
    convert_stream_closed_error(self, e)
  File "/home1/zrentala/.conda/envs/zrentala/lib/python3.11/site-packages/distributed/comm/tcp.py", line 143, in convert_stream_closed_error
    raise CommClosedError(f"in {obj}: {exc.__class__.__name__}: {exc}") from exc
distributed.comm.core.CommClosedError: in <TCP (closed) Ephemeral Worker->Worker for gather local=tcp://192.168.86.140:60584 remote=tcp://192.168.86.118:40969>: BrokenPipeError: [Errno 32] Broken pipe
2026-01-14 23:35:47,781 - distributed.worker - ERROR - Worker stream died during communication: tcp://192.168.86.121:38193
Traceback (most recent call last):
  File "/home1/zrentala/.conda/envs/zrentala/lib/python3.11/site-packages/tornado/iostream.py", line 962, in _handle_write
    num_bytes = self.write_to_fd(self._write_buffer.peek(size))
                ^^^^^^^^^^^^^^^^^^^^^^^^^^^^^^^^^^^^^^^^^^^^^^^
  File "/home1/zrentala/.conda/envs/zrentala/lib/python3.11/site-packages/tornado/iostream.py", line 1121, in write_to_fd
    return self.socket.send(data)  # type: ignore
           ^^^^^^^^^^^^^^^^^^^^^^
BrokenPipeError: [Errno 32] Broken pipe

The above exception was the direct cause of the following exception:

Traceback (most recent call last):
  File "/home1/zrentala/.conda/envs/zrentala/lib/python3.11/site-packages/distributed/worker.py", line 2081, in gather_dep
    response = await get_data_from_worker(
               ^^^^^^^^^^^^^^^^^^^^^^^^^^^
  File "/home1/zrentala/.conda/envs/zrentala/lib/python3.11/site-packages/distributed/worker.py", line 2887, in get_data_from_worker
    response = await send_recv(
               ^^^^^^^^^^^^^^^^
  File "/home1/zrentala/.conda/envs/zrentala/lib/python3.11/site-packages/distributed/core.py", line 1018, in send_recv
    response = await comm.read(deserializers=deserializers)
               ^^^^^^^^^^^^^^^^^^^^^^^^^^^^^^^^^^^^^^^^^^^^
  File "/home1/zrentala/.conda/envs/zrentala/lib/python3.11/site-packages/distributed/comm/tcp.py", line 237, in read
    convert_stream_closed_error(self, e)
  File "/home1/zrentala/.conda/envs/zrentala/lib/python3.11/site-packages/distributed/comm/tcp.py", line 143, in convert_stream_closed_error
    raise CommClosedError(f"in {obj}: {exc.__class__.__name__}: {exc}") from exc
distributed.comm.core.CommClosedError: in <TCP (closed) Ephemeral Worker->Worker for gather local=tcp://192.168.86.140:46002 remote=tcp://192.168.86.121:38193>: BrokenPipeError: [Errno 32] Broken pipe
2026-01-14 23:35:47,827 - distributed.worker - ERROR - Worker stream died during communication: tcp://192.168.86.121:39987
Traceback (most recent call last):
  File "/home1/zrentala/.conda/envs/zrentala/lib/python3.11/site-packages/tornado/iostream.py", line 962, in _handle_write
    num_bytes = self.write_to_fd(self._write_buffer.peek(size))
                ^^^^^^^^^^^^^^^^^^^^^^^^^^^^^^^^^^^^^^^^^^^^^^^
  File "/home1/zrentala/.conda/envs/zrentala/lib/python3.11/site-packages/tornado/iostream.py", line 1121, in write_to_fd
    return self.socket.send(data)  # type: ignore
           ^^^^^^^^^^^^^^^^^^^^^^
BrokenPipeError: [Errno 32] Broken pipe

The above exception was the direct cause of the following exception:

Traceback (most recent call last):
  File "/home1/zrentala/.conda/envs/zrentala/lib/python3.11/site-packages/distributed/worker.py", line 2081, in gather_dep
    response = await get_data_from_worker(
               ^^^^^^^^^^^^^^^^^^^^^^^^^^^
  File "/home1/zrentala/.conda/envs/zrentala/lib/python3.11/site-packages/distributed/worker.py", line 2887, in get_data_from_worker
    response = await send_recv(
               ^^^^^^^^^^^^^^^^
  File "/home1/zrentala/.conda/envs/zrentala/lib/python3.11/site-packages/distributed/core.py", line 1018, in send_recv
    response = await comm.read(deserializers=deserializers)
               ^^^^^^^^^^^^^^^^^^^^^^^^^^^^^^^^^^^^^^^^^^^^
  File "/home1/zrentala/.conda/envs/zrentala/lib/python3.11/site-packages/distributed/comm/tcp.py", line 237, in read
    convert_stream_closed_error(self, e)
  File "/home1/zrentala/.conda/envs/zrentala/lib/python3.11/site-packages/distributed/comm/tcp.py", line 143, in convert_stream_closed_error
    raise CommClosedError(f"in {obj}: {exc.__class__.__name__}: {exc}") from exc
distributed.comm.core.CommClosedError: in <TCP (closed) Ephemeral Worker->Worker for gather local=tcp://192.168.86.140:45410 remote=tcp://192.168.86.121:39987>: BrokenPipeError: [Errno 32] Broken pipe
2026-01-14 23:35:47,869 - distributed.worker - ERROR - Worker stream died during communication: tcp://192.168.86.123:35684
Traceback (most recent call last):
  File "/home1/zrentala/.conda/envs/zrentala/lib/python3.11/site-packages/tornado/iostream.py", line 962, in _handle_write
    num_bytes = self.write_to_fd(self._write_buffer.peek(size))
                ^^^^^^^^^^^^^^^^^^^^^^^^^^^^^^^^^^^^^^^^^^^^^^^
  File "/home1/zrentala/.conda/envs/zrentala/lib/python3.11/site-packages/tornado/iostream.py", line 1121, in write_to_fd
    return self.socket.send(data)  # type: ignore
           ^^^^^^^^^^^^^^^^^^^^^^
BrokenPipeError: [Errno 32] Broken pipe

The above exception was the direct cause of the following exception:

Traceback (most recent call last):
  File "/home1/zrentala/.conda/envs/zrentala/lib/python3.11/site-packages/distributed/worker.py", line 2081, in gather_dep
    response = await get_data_from_worker(
               ^^^^^^^^^^^^^^^^^^^^^^^^^^^
  File "/home1/zrentala/.conda/envs/zrentala/lib/python3.11/site-packages/distributed/worker.py", line 2887, in get_data_from_worker
    response = await send_recv(
               ^^^^^^^^^^^^^^^^
  File "/home1/zrentala/.conda/envs/zrentala/lib/python3.11/site-packages/distributed/core.py", line 1018, in send_recv
    response = await comm.read(deserializers=deserializers)
               ^^^^^^^^^^^^^^^^^^^^^^^^^^^^^^^^^^^^^^^^^^^^
  File "/home1/zrentala/.conda/envs/zrentala/lib/python3.11/site-packages/distributed/comm/tcp.py", line 237, in read
    convert_stream_closed_error(self, e)
  File "/home1/zrentala/.conda/envs/zrentala/lib/python3.11/site-packages/distributed/comm/tcp.py", line 143, in convert_stream_closed_error
    raise CommClosedError(f"in {obj}: {exc.__class__.__name__}: {exc}") from exc
distributed.comm.core.CommClosedError: in <TCP (closed) Ephemeral Worker->Worker for gather local=tcp://192.168.86.140:45980 remote=tcp://192.168.86.123:35684>: BrokenPipeError: [Errno 32] Broken pipe
2026-01-14 23:35:47,911 - distributed.worker - ERROR - Worker stream died during communication: tcp://192.168.86.143:37419
Traceback (most recent call last):
  File "/home1/zrentala/.conda/envs/zrentala/lib/python3.11/site-packages/tornado/iostream.py", line 962, in _handle_write
    num_bytes = self.write_to_fd(self._write_buffer.peek(size))
                ^^^^^^^^^^^^^^^^^^^^^^^^^^^^^^^^^^^^^^^^^^^^^^^
  File "/home1/zrentala/.conda/envs/zrentala/lib/python3.11/site-packages/tornado/iostream.py", line 1121, in write_to_fd
    return self.socket.send(data)  # type: ignore
           ^^^^^^^^^^^^^^^^^^^^^^
BrokenPipeError: [Errno 32] Broken pipe

The above exception was the direct cause of the following exception:

Traceback (most recent call last):
  File "/home1/zrentala/.conda/envs/zrentala/lib/python3.11/site-packages/distributed/worker.py", line 2081, in gather_dep
    response = await get_data_from_worker(
               ^^^^^^^^^^^^^^^^^^^^^^^^^^^
  File "/home1/zrentala/.conda/envs/zrentala/lib/python3.11/site-packages/distributed/worker.py", line 2887, in get_data_from_worker
    response = await send_recv(
               ^^^^^^^^^^^^^^^^
  File "/home1/zrentala/.conda/envs/zrentala/lib/python3.11/site-packages/distributed/core.py", line 1018, in send_recv
    response = await comm.read(deserializers=deserializers)
               ^^^^^^^^^^^^^^^^^^^^^^^^^^^^^^^^^^^^^^^^^^^^
  File "/home1/zrentala/.conda/envs/zrentala/lib/python3.11/site-packages/distributed/comm/tcp.py", line 237, in read
    convert_stream_closed_error(self, e)
  File "/home1/zrentala/.conda/envs/zrentala/lib/python3.11/site-packages/distributed/comm/tcp.py", line 143, in convert_stream_closed_error
    raise CommClosedError(f"in {obj}: {exc.__class__.__name__}: {exc}") from exc
distributed.comm.core.CommClosedError: in <TCP (closed) Ephemeral Worker->Worker for gather local=tcp://192.168.86.140:49742 remote=tcp://192.168.86.143:37419>: BrokenPipeError: [Errno 32] Broken pipe
2026-01-14 23:35:47,948 - distributed.worker - ERROR - Worker stream died during communication: tcp://192.168.86.119:34569
Traceback (most recent call last):
  File "/home1/zrentala/.conda/envs/zrentala/lib/python3.11/site-packages/tornado/iostream.py", line 962, in _handle_write
    num_bytes = self.write_to_fd(self._write_buffer.peek(size))
                ^^^^^^^^^^^^^^^^^^^^^^^^^^^^^^^^^^^^^^^^^^^^^^^
  File "/home1/zrentala/.conda/envs/zrentala/lib/python3.11/site-packages/tornado/iostream.py", line 1121, in write_to_fd
    return self.socket.send(data)  # type: ignore
           ^^^^^^^^^^^^^^^^^^^^^^
BrokenPipeError: [Errno 32] Broken pipe

The above exception was the direct cause of the following exception:

Traceback (most recent call last):
  File "/home1/zrentala/.conda/envs/zrentala/lib/python3.11/site-packages/distributed/worker.py", line 2081, in gather_dep
    response = await get_data_from_worker(
               ^^^^^^^^^^^^^^^^^^^^^^^^^^^
  File "/home1/zrentala/.conda/envs/zrentala/lib/python3.11/site-packages/distributed/worker.py", line 2887, in get_data_from_worker
    response = await send_recv(
               ^^^^^^^^^^^^^^^^
  File "/home1/zrentala/.conda/envs/zrentala/lib/python3.11/site-packages/distributed/core.py", line 1018, in send_recv
    response = await comm.read(deserializers=deserializers)
               ^^^^^^^^^^^^^^^^^^^^^^^^^^^^^^^^^^^^^^^^^^^^
  File "/home1/zrentala/.conda/envs/zrentala/lib/python3.11/site-packages/distributed/comm/tcp.py", line 237, in read
    convert_stream_closed_error(self, e)
  File "/home1/zrentala/.conda/envs/zrentala/lib/python3.11/site-packages/distributed/comm/tcp.py", line 143, in convert_stream_closed_error
    raise CommClosedError(f"in {obj}: {exc.__class__.__name__}: {exc}") from exc
distributed.comm.core.CommClosedError: in <TCP (closed) Ephemeral Worker->Worker for gather local=tcp://192.168.86.140:46614 remote=tcp://192.168.86.119:34569>: BrokenPipeError: [Errno 32] Broken pipe
2026-01-14 23:35:47,990 - distributed.worker - ERROR - Worker stream died during communication: tcp://192.168.86.144:34457
Traceback (most recent call last):
  File "/home1/zrentala/.conda/envs/zrentala/lib/python3.11/site-packages/tornado/iostream.py", line 962, in _handle_write
    num_bytes = self.write_to_fd(self._write_buffer.peek(size))
                ^^^^^^^^^^^^^^^^^^^^^^^^^^^^^^^^^^^^^^^^^^^^^^^
  File "/home1/zrentala/.conda/envs/zrentala/lib/python3.11/site-packages/tornado/iostream.py", line 1121, in write_to_fd
    return self.socket.send(data)  # type: ignore
           ^^^^^^^^^^^^^^^^^^^^^^
BrokenPipeError: [Errno 32] Broken pipe

The above exception was the direct cause of the following exception:

Traceback (most recent call last):
  File "/home1/zrentala/.conda/envs/zrentala/lib/python3.11/site-packages/distributed/worker.py", line 2081, in gather_dep
    response = await get_data_from_worker(
               ^^^^^^^^^^^^^^^^^^^^^^^^^^^
  File "/home1/zrentala/.conda/envs/zrentala/lib/python3.11/site-packages/distributed/worker.py", line 2887, in get_data_from_worker
    response = await send_recv(
               ^^^^^^^^^^^^^^^^
  File "/home1/zrentala/.conda/envs/zrentala/lib/python3.11/site-packages/distributed/core.py", line 1018, in send_recv
    response = await comm.read(deserializers=deserializers)
               ^^^^^^^^^^^^^^^^^^^^^^^^^^^^^^^^^^^^^^^^^^^^
  File "/home1/zrentala/.conda/envs/zrentala/lib/python3.11/site-packages/distributed/comm/tcp.py", line 237, in read
    convert_stream_closed_error(self, e)
  File "/home1/zrentala/.conda/envs/zrentala/lib/python3.11/site-packages/distributed/comm/tcp.py", line 143, in convert_stream_closed_error
    raise CommClosedError(f"in {obj}: {exc.__class__.__name__}: {exc}") from exc
distributed.comm.core.CommClosedError: in <TCP (closed) Ephemeral Worker->Worker for gather local=tcp://192.168.86.140:56698 remote=tcp://192.168.86.144:34457>: BrokenPipeError: [Errno 32] Broken pipe
2026-01-14 23:35:48,031 - distributed.worker - ERROR - Worker stream died during communication: tcp://192.168.86.124:39864
Traceback (most recent call last):
  File "/home1/zrentala/.conda/envs/zrentala/lib/python3.11/site-packages/tornado/iostream.py", line 962, in _handle_write
    num_bytes = self.write_to_fd(self._write_buffer.peek(size))
                ^^^^^^^^^^^^^^^^^^^^^^^^^^^^^^^^^^^^^^^^^^^^^^^
  File "/home1/zrentala/.conda/envs/zrentala/lib/python3.11/site-packages/tornado/iostream.py", line 1121, in write_to_fd
    return self.socket.send(data)  # type: ignore
           ^^^^^^^^^^^^^^^^^^^^^^
BrokenPipeError: [Errno 32] Broken pipe

The above exception was the direct cause of the following exception:

Traceback (most recent call last):
  File "/home1/zrentala/.conda/envs/zrentala/lib/python3.11/site-packages/distributed/worker.py", line 2081, in gather_dep
    response = await get_data_from_worker(
               ^^^^^^^^^^^^^^^^^^^^^^^^^^^
  File "/home1/zrentala/.conda/envs/zrentala/lib/python3.11/site-packages/distributed/worker.py", line 2887, in get_data_from_worker
    response = await send_recv(
               ^^^^^^^^^^^^^^^^
  File "/home1/zrentala/.conda/envs/zrentala/lib/python3.11/site-packages/distributed/core.py", line 1018, in send_recv
    response = await comm.read(deserializers=deserializers)
               ^^^^^^^^^^^^^^^^^^^^^^^^^^^^^^^^^^^^^^^^^^^^
  File "/home1/zrentala/.conda/envs/zrentala/lib/python3.11/site-packages/distributed/comm/tcp.py", line 237, in read
    convert_stream_closed_error(self, e)
  File "/home1/zrentala/.conda/envs/zrentala/lib/python3.11/site-packages/distributed/comm/tcp.py", line 143, in convert_stream_closed_error
    raise CommClosedError(f"in {obj}: {exc.__class__.__name__}: {exc}") from exc
distributed.comm.core.CommClosedError: in <TCP (closed) Ephemeral Worker->Worker for gather local=tcp://192.168.86.140:55602 remote=tcp://192.168.86.124:39864>: BrokenPipeError: [Errno 32] Broken pipe
2026-01-14 23:35:48,073 - distributed.worker - ERROR - Worker stream died during communication: tcp://192.168.86.118:35802
Traceback (most recent call last):
  File "/home1/zrentala/.conda/envs/zrentala/lib/python3.11/site-packages/tornado/iostream.py", line 962, in _handle_write
    num_bytes = self.write_to_fd(self._write_buffer.peek(size))
                ^^^^^^^^^^^^^^^^^^^^^^^^^^^^^^^^^^^^^^^^^^^^^^^
  File "/home1/zrentala/.conda/envs/zrentala/lib/python3.11/site-packages/tornado/iostream.py", line 1121, in write_to_fd
    return self.socket.send(data)  # type: ignore
           ^^^^^^^^^^^^^^^^^^^^^^
BrokenPipeError: [Errno 32] Broken pipe

The above exception was the direct cause of the following exception:

Traceback (most recent call last):
  File "/home1/zrentala/.conda/envs/zrentala/lib/python3.11/site-packages/distributed/worker.py", line 2081, in gather_dep
    response = await get_data_from_worker(
               ^^^^^^^^^^^^^^^^^^^^^^^^^^^
  File "/home1/zrentala/.conda/envs/zrentala/lib/python3.11/site-packages/distributed/worker.py", line 2887, in get_data_from_worker
    response = await send_recv(
               ^^^^^^^^^^^^^^^^
  File "/home1/zrentala/.conda/envs/zrentala/lib/python3.11/site-packages/distributed/core.py", line 1018, in send_recv
    response = await comm.read(deserializers=deserializers)
               ^^^^^^^^^^^^^^^^^^^^^^^^^^^^^^^^^^^^^^^^^^^^
  File "/home1/zrentala/.conda/envs/zrentala/lib/python3.11/site-packages/distributed/comm/tcp.py", line 237, in read
    convert_stream_closed_error(self, e)
  File "/home1/zrentala/.conda/envs/zrentala/lib/python3.11/site-packages/distributed/comm/tcp.py", line 143, in convert_stream_closed_error
    raise CommClosedError(f"in {obj}: {exc.__class__.__name__}: {exc}") from exc
distributed.comm.core.CommClosedError: in <TCP (closed) Ephemeral Worker->Worker for gather local=tcp://192.168.86.140:51882 remote=tcp://192.168.86.118:35802>: BrokenPipeError: [Errno 32] Broken pipe
2026-01-14 23:35:48,115 - distributed.worker - ERROR - Worker stream died during communication: tcp://192.168.86.133:44623
Traceback (most recent call last):
  File "/home1/zrentala/.conda/envs/zrentala/lib/python3.11/site-packages/tornado/iostream.py", line 962, in _handle_write
    num_bytes = self.write_to_fd(self._write_buffer.peek(size))
                ^^^^^^^^^^^^^^^^^^^^^^^^^^^^^^^^^^^^^^^^^^^^^^^
  File "/home1/zrentala/.conda/envs/zrentala/lib/python3.11/site-packages/tornado/iostream.py", line 1121, in write_to_fd
    return self.socket.send(data)  # type: ignore
           ^^^^^^^^^^^^^^^^^^^^^^
BrokenPipeError: [Errno 32] Broken pipe

The above exception was the direct cause of the following exception:

Traceback (most recent call last):
  File "/home1/zrentala/.conda/envs/zrentala/lib/python3.11/site-packages/distributed/worker.py", line 2081, in gather_dep
    response = await get_data_from_worker(
               ^^^^^^^^^^^^^^^^^^^^^^^^^^^
  File "/home1/zrentala/.conda/envs/zrentala/lib/python3.11/site-packages/distributed/worker.py", line 2887, in get_data_from_worker
    response = await send_recv(
               ^^^^^^^^^^^^^^^^
  File "/home1/zrentala/.conda/envs/zrentala/lib/python3.11/site-packages/distributed/core.py", line 1018, in send_recv
    response = await comm.read(deserializers=deserializers)
               ^^^^^^^^^^^^^^^^^^^^^^^^^^^^^^^^^^^^^^^^^^^^
  File "/home1/zrentala/.conda/envs/zrentala/lib/python3.11/site-packages/distributed/comm/tcp.py", line 237, in read
    convert_stream_closed_error(self, e)
  File "/home1/zrentala/.conda/envs/zrentala/lib/python3.11/site-packages/distributed/comm/tcp.py", line 143, in convert_stream_closed_error
    raise CommClosedError(f"in {obj}: {exc.__class__.__name__}: {exc}") from exc
distributed.comm.core.CommClosedError: in <TCP (closed) Ephemeral Worker->Worker for gather local=tcp://192.168.86.140:47464 remote=tcp://192.168.86.133:44623>: BrokenPipeError: [Errno 32] Broken pipe
2026-01-14 23:35:48,156 - distributed.worker - ERROR - Worker stream died during communication: tcp://192.168.86.119:42180
Traceback (most recent call last):
  File "/home1/zrentala/.conda/envs/zrentala/lib/python3.11/site-packages/tornado/iostream.py", line 962, in _handle_write
    num_bytes = self.write_to_fd(self._write_buffer.peek(size))
                ^^^^^^^^^^^^^^^^^^^^^^^^^^^^^^^^^^^^^^^^^^^^^^^
  File "/home1/zrentala/.conda/envs/zrentala/lib/python3.11/site-packages/tornado/iostream.py", line 1121, in write_to_fd
    return self.socket.send(data)  # type: ignore
           ^^^^^^^^^^^^^^^^^^^^^^
BrokenPipeError: [Errno 32] Broken pipe

The above exception was the direct cause of the following exception:

Traceback (most recent call last):
  File "/home1/zrentala/.conda/envs/zrentala/lib/python3.11/site-packages/distributed/worker.py", line 2081, in gather_dep
    response = await get_data_from_worker(
               ^^^^^^^^^^^^^^^^^^^^^^^^^^^
  File "/home1/zrentala/.conda/envs/zrentala/lib/python3.11/site-packages/distributed/worker.py", line 2887, in get_data_from_worker
    response = await send_recv(
               ^^^^^^^^^^^^^^^^
  File "/home1/zrentala/.conda/envs/zrentala/lib/python3.11/site-packages/distributed/core.py", line 1018, in send_recv
    response = await comm.read(deserializers=deserializers)
               ^^^^^^^^^^^^^^^^^^^^^^^^^^^^^^^^^^^^^^^^^^^^
  File "/home1/zrentala/.conda/envs/zrentala/lib/python3.11/site-packages/distributed/comm/tcp.py", line 237, in read
    convert_stream_closed_error(self, e)
  File "/home1/zrentala/.conda/envs/zrentala/lib/python3.11/site-packages/distributed/comm/tcp.py", line 143, in convert_stream_closed_error
    raise CommClosedError(f"in {obj}: {exc.__class__.__name__}: {exc}") from exc
distributed.comm.core.CommClosedError: in <TCP (closed) Ephemeral Worker->Worker for gather local=tcp://192.168.86.140:55636 remote=tcp://192.168.86.119:42180>: BrokenPipeError: [Errno 32] Broken pipe
2026-01-14 23:35:48,198 - distributed.worker - ERROR - Worker stream died during communication: tcp://192.168.86.144:42960
Traceback (most recent call last):
  File "/home1/zrentala/.conda/envs/zrentala/lib/python3.11/site-packages/tornado/iostream.py", line 962, in _handle_write
    num_bytes = self.write_to_fd(self._write_buffer.peek(size))
                ^^^^^^^^^^^^^^^^^^^^^^^^^^^^^^^^^^^^^^^^^^^^^^^
  File "/home1/zrentala/.conda/envs/zrentala/lib/python3.11/site-packages/tornado/iostream.py", line 1121, in write_to_fd
    return self.socket.send(data)  # type: ignore
           ^^^^^^^^^^^^^^^^^^^^^^
BrokenPipeError: [Errno 32] Broken pipe

The above exception was the direct cause of the following exception:

Traceback (most recent call last):
  File "/home1/zrentala/.conda/envs/zrentala/lib/python3.11/site-packages/distributed/worker.py", line 2081, in gather_dep
    response = await get_data_from_worker(
               ^^^^^^^^^^^^^^^^^^^^^^^^^^^
  File "/home1/zrentala/.conda/envs/zrentala/lib/python3.11/site-packages/distributed/worker.py", line 2887, in get_data_from_worker
    response = await send_recv(
               ^^^^^^^^^^^^^^^^
  File "/home1/zrentala/.conda/envs/zrentala/lib/python3.11/site-packages/distributed/core.py", line 1018, in send_recv
    response = await comm.read(deserializers=deserializers)
               ^^^^^^^^^^^^^^^^^^^^^^^^^^^^^^^^^^^^^^^^^^^^
  File "/home1/zrentala/.conda/envs/zrentala/lib/python3.11/site-packages/distributed/comm/tcp.py", line 237, in read
    convert_stream_closed_error(self, e)
  File "/home1/zrentala/.conda/envs/zrentala/lib/python3.11/site-packages/distributed/comm/tcp.py", line 143, in convert_stream_closed_error
    raise CommClosedError(f"in {obj}: {exc.__class__.__name__}: {exc}") from exc
distributed.comm.core.CommClosedError: in <TCP (closed) Ephemeral Worker->Worker for gather local=tcp://192.168.86.140:51434 remote=tcp://192.168.86.144:42960>: BrokenPipeError: [Errno 32] Broken pipe
2026-01-14 23:35:48,240 - distributed.worker - ERROR - Worker stream died during communication: tcp://192.168.86.145:35240
Traceback (most recent call last):
  File "/home1/zrentala/.conda/envs/zrentala/lib/python3.11/site-packages/tornado/iostream.py", line 962, in _handle_write
    num_bytes = self.write_to_fd(self._write_buffer.peek(size))
                ^^^^^^^^^^^^^^^^^^^^^^^^^^^^^^^^^^^^^^^^^^^^^^^
  File "/home1/zrentala/.conda/envs/zrentala/lib/python3.11/site-packages/tornado/iostream.py", line 1121, in write_to_fd
    return self.socket.send(data)  # type: ignore
           ^^^^^^^^^^^^^^^^^^^^^^
BrokenPipeError: [Errno 32] Broken pipe

The above exception was the direct cause of the following exception:

Traceback (most recent call last):
  File "/home1/zrentala/.conda/envs/zrentala/lib/python3.11/site-packages/distributed/worker.py", line 2081, in gather_dep
    response = await get_data_from_worker(
               ^^^^^^^^^^^^^^^^^^^^^^^^^^^
  File "/home1/zrentala/.conda/envs/zrentala/lib/python3.11/site-packages/distributed/worker.py", line 2887, in get_data_from_worker
    response = await send_recv(
               ^^^^^^^^^^^^^^^^
  File "/home1/zrentala/.conda/envs/zrentala/lib/python3.11/site-packages/distributed/core.py", line 1018, in send_recv
    response = await comm.read(deserializers=deserializers)
               ^^^^^^^^^^^^^^^^^^^^^^^^^^^^^^^^^^^^^^^^^^^^
  File "/home1/zrentala/.conda/envs/zrentala/lib/python3.11/site-packages/distributed/comm/tcp.py", line 237, in read
    convert_stream_closed_error(self, e)
  File "/home1/zrentala/.conda/envs/zrentala/lib/python3.11/site-packages/distributed/comm/tcp.py", line 143, in convert_stream_closed_error
    raise CommClosedError(f"in {obj}: {exc.__class__.__name__}: {exc}") from exc
distributed.comm.core.CommClosedError: in <TCP (closed) Ephemeral Worker->Worker for gather local=tcp://192.168.86.140:39612 remote=tcp://192.168.86.145:35240>: BrokenPipeError: [Errno 32] Broken pipe
2026-01-14 23:35:48,282 - distributed.worker - ERROR - Worker stream died during communication: tcp://192.168.86.135:41825
Traceback (most recent call last):
  File "/home1/zrentala/.conda/envs/zrentala/lib/python3.11/site-packages/tornado/iostream.py", line 962, in _handle_write
    num_bytes = self.write_to_fd(self._write_buffer.peek(size))
                ^^^^^^^^^^^^^^^^^^^^^^^^^^^^^^^^^^^^^^^^^^^^^^^
  File "/home1/zrentala/.conda/envs/zrentala/lib/python3.11/site-packages/tornado/iostream.py", line 1121, in write_to_fd
    return self.socket.send(data)  # type: ignore
           ^^^^^^^^^^^^^^^^^^^^^^
BrokenPipeError: [Errno 32] Broken pipe

The above exception was the direct cause of the following exception:

Traceback (most recent call last):
  File "/home1/zrentala/.conda/envs/zrentala/lib/python3.11/site-packages/distributed/worker.py", line 2081, in gather_dep
    response = await get_data_from_worker(
               ^^^^^^^^^^^^^^^^^^^^^^^^^^^
  File "/home1/zrentala/.conda/envs/zrentala/lib/python3.11/site-packages/distributed/worker.py", line 2887, in get_data_from_worker
    response = await send_recv(
               ^^^^^^^^^^^^^^^^
  File "/home1/zrentala/.conda/envs/zrentala/lib/python3.11/site-packages/distributed/core.py", line 1018, in send_recv
    response = await comm.read(deserializers=deserializers)
               ^^^^^^^^^^^^^^^^^^^^^^^^^^^^^^^^^^^^^^^^^^^^
  File "/home1/zrentala/.conda/envs/zrentala/lib/python3.11/site-packages/distributed/comm/tcp.py", line 237, in read
    convert_stream_closed_error(self, e)
  File "/home1/zrentala/.conda/envs/zrentala/lib/python3.11/site-packages/distributed/comm/tcp.py", line 143, in convert_stream_closed_error
    raise CommClosedError(f"in {obj}: {exc.__class__.__name__}: {exc}") from exc
distributed.comm.core.CommClosedError: in <TCP (closed) Ephemeral Worker->Worker for gather local=tcp://192.168.86.140:53984 remote=tcp://192.168.86.135:41825>: BrokenPipeError: [Errno 32] Broken pipe
2026-01-14 23:35:48,323 - distributed.worker - ERROR - Worker stream died during communication: tcp://192.168.86.121:41738
Traceback (most recent call last):
  File "/home1/zrentala/.conda/envs/zrentala/lib/python3.11/site-packages/tornado/iostream.py", line 962, in _handle_write
    num_bytes = self.write_to_fd(self._write_buffer.peek(size))
                ^^^^^^^^^^^^^^^^^^^^^^^^^^^^^^^^^^^^^^^^^^^^^^^
  File "/home1/zrentala/.conda/envs/zrentala/lib/python3.11/site-packages/tornado/iostream.py", line 1121, in write_to_fd
    return self.socket.send(data)  # type: ignore
           ^^^^^^^^^^^^^^^^^^^^^^
BrokenPipeError: [Errno 32] Broken pipe

The above exception was the direct cause of the following exception:

Traceback (most recent call last):
  File "/home1/zrentala/.conda/envs/zrentala/lib/python3.11/site-packages/distributed/worker.py", line 2081, in gather_dep
    response = await get_data_from_worker(
               ^^^^^^^^^^^^^^^^^^^^^^^^^^^
  File "/home1/zrentala/.conda/envs/zrentala/lib/python3.11/site-packages/distributed/worker.py", line 2887, in get_data_from_worker
    response = await send_recv(
               ^^^^^^^^^^^^^^^^
  File "/home1/zrentala/.conda/envs/zrentala/lib/python3.11/site-packages/distributed/core.py", line 1018, in send_recv
    response = await comm.read(deserializers=deserializers)
               ^^^^^^^^^^^^^^^^^^^^^^^^^^^^^^^^^^^^^^^^^^^^
  File "/home1/zrentala/.conda/envs/zrentala/lib/python3.11/site-packages/distributed/comm/tcp.py", line 237, in read
    convert_stream_closed_error(self, e)
  File "/home1/zrentala/.conda/envs/zrentala/lib/python3.11/site-packages/distributed/comm/tcp.py", line 143, in convert_stream_closed_error
    raise CommClosedError(f"in {obj}: {exc.__class__.__name__}: {exc}") from exc
distributed.comm.core.CommClosedError: in <TCP (closed) Ephemeral Worker->Worker for gather local=tcp://192.168.86.140:55086 remote=tcp://192.168.86.121:41738>: BrokenPipeError: [Errno 32] Broken pipe
2026-01-14 23:35:48,365 - distributed.worker - ERROR - Worker stream died during communication: tcp://192.168.86.119:35724
Traceback (most recent call last):
  File "/home1/zrentala/.conda/envs/zrentala/lib/python3.11/site-packages/tornado/iostream.py", line 962, in _handle_write
    num_bytes = self.write_to_fd(self._write_buffer.peek(size))
                ^^^^^^^^^^^^^^^^^^^^^^^^^^^^^^^^^^^^^^^^^^^^^^^
  File "/home1/zrentala/.conda/envs/zrentala/lib/python3.11/site-packages/tornado/iostream.py", line 1121, in write_to_fd
    return self.socket.send(data)  # type: ignore
           ^^^^^^^^^^^^^^^^^^^^^^
BrokenPipeError: [Errno 32] Broken pipe

The above exception was the direct cause of the following exception:

Traceback (most recent call last):
  File "/home1/zrentala/.conda/envs/zrentala/lib/python3.11/site-packages/distributed/worker.py", line 2081, in gather_dep
    response = await get_data_from_worker(
               ^^^^^^^^^^^^^^^^^^^^^^^^^^^
  File "/home1/zrentala/.conda/envs/zrentala/lib/python3.11/site-packages/distributed/worker.py", line 2887, in get_data_from_worker
    response = await send_recv(
               ^^^^^^^^^^^^^^^^
  File "/home1/zrentala/.conda/envs/zrentala/lib/python3.11/site-packages/distributed/core.py", line 1018, in send_recv
    response = await comm.read(deserializers=deserializers)
               ^^^^^^^^^^^^^^^^^^^^^^^^^^^^^^^^^^^^^^^^^^^^
  File "/home1/zrentala/.conda/envs/zrentala/lib/python3.11/site-packages/distributed/comm/tcp.py", line 237, in read
    convert_stream_closed_error(self, e)
  File "/home1/zrentala/.conda/envs/zrentala/lib/python3.11/site-packages/distributed/comm/tcp.py", line 143, in convert_stream_closed_error
    raise CommClosedError(f"in {obj}: {exc.__class__.__name__}: {exc}") from exc
distributed.comm.core.CommClosedError: in <TCP (closed) Ephemeral Worker->Worker for gather local=tcp://192.168.86.140:33500 remote=tcp://192.168.86.119:35724>: BrokenPipeError: [Errno 32] Broken pipe
2026-01-14 23:35:48,407 - distributed.worker - ERROR - Worker stream died during communication: tcp://192.168.86.121:44424
Traceback (most recent call last):
  File "/home1/zrentala/.conda/envs/zrentala/lib/python3.11/site-packages/tornado/iostream.py", line 962, in _handle_write
    num_bytes = self.write_to_fd(self._write_buffer.peek(size))
                ^^^^^^^^^^^^^^^^^^^^^^^^^^^^^^^^^^^^^^^^^^^^^^^
  File "/home1/zrentala/.conda/envs/zrentala/lib/python3.11/site-packages/tornado/iostream.py", line 1121, in write_to_fd
    return self.socket.send(data)  # type: ignore
           ^^^^^^^^^^^^^^^^^^^^^^
BrokenPipeError: [Errno 32] Broken pipe

The above exception was the direct cause of the following exception:

Traceback (most recent call last):
  File "/home1/zrentala/.conda/envs/zrentala/lib/python3.11/site-packages/distributed/worker.py", line 2081, in gather_dep
    response = await get_data_from_worker(
               ^^^^^^^^^^^^^^^^^^^^^^^^^^^
  File "/home1/zrentala/.conda/envs/zrentala/lib/python3.11/site-packages/distributed/worker.py", line 2887, in get_data_from_worker
    response = await send_recv(
               ^^^^^^^^^^^^^^^^
  File "/home1/zrentala/.conda/envs/zrentala/lib/python3.11/site-packages/distributed/core.py", line 1018, in send_recv
    response = await comm.read(deserializers=deserializers)
               ^^^^^^^^^^^^^^^^^^^^^^^^^^^^^^^^^^^^^^^^^^^^
  File "/home1/zrentala/.conda/envs/zrentala/lib/python3.11/site-packages/distributed/comm/tcp.py", line 237, in read
    convert_stream_closed_error(self, e)
  File "/home1/zrentala/.conda/envs/zrentala/lib/python3.11/site-packages/distributed/comm/tcp.py", line 143, in convert_stream_closed_error
    raise CommClosedError(f"in {obj}: {exc.__class__.__name__}: {exc}") from exc
distributed.comm.core.CommClosedError: in <TCP (closed) Ephemeral Worker->Worker for gather local=tcp://192.168.86.140:50788 remote=tcp://192.168.86.121:44424>: BrokenPipeError: [Errno 32] Broken pipe
2026-01-14 23:35:48,453 - distributed.worker - ERROR - Worker stream died during communication: tcp://192.168.86.143:38230
Traceback (most recent call last):
  File "/home1/zrentala/.conda/envs/zrentala/lib/python3.11/site-packages/tornado/iostream.py", line 962, in _handle_write
    num_bytes = self.write_to_fd(self._write_buffer.peek(size))
                ^^^^^^^^^^^^^^^^^^^^^^^^^^^^^^^^^^^^^^^^^^^^^^^
  File "/home1/zrentala/.conda/envs/zrentala/lib/python3.11/site-packages/tornado/iostream.py", line 1121, in write_to_fd
    return self.socket.send(data)  # type: ignore
           ^^^^^^^^^^^^^^^^^^^^^^
BrokenPipeError: [Errno 32] Broken pipe

The above exception was the direct cause of the following exception:

Traceback (most recent call last):
  File "/home1/zrentala/.conda/envs/zrentala/lib/python3.11/site-packages/distributed/worker.py", line 2081, in gather_dep
    response = await get_data_from_worker(
               ^^^^^^^^^^^^^^^^^^^^^^^^^^^
  File "/home1/zrentala/.conda/envs/zrentala/lib/python3.11/site-packages/distributed/worker.py", line 2887, in get_data_from_worker
    response = await send_recv(
               ^^^^^^^^^^^^^^^^
  File "/home1/zrentala/.conda/envs/zrentala/lib/python3.11/site-packages/distributed/core.py", line 1018, in send_recv
    response = await comm.read(deserializers=deserializers)
               ^^^^^^^^^^^^^^^^^^^^^^^^^^^^^^^^^^^^^^^^^^^^
  File "/home1/zrentala/.conda/envs/zrentala/lib/python3.11/site-packages/distributed/comm/tcp.py", line 237, in read
    convert_stream_closed_error(self, e)
  File "/home1/zrentala/.conda/envs/zrentala/lib/python3.11/site-packages/distributed/comm/tcp.py", line 143, in convert_stream_closed_error
    raise CommClosedError(f"in {obj}: {exc.__class__.__name__}: {exc}") from exc
distributed.comm.core.CommClosedError: in <TCP (closed) Ephemeral Worker->Worker for gather local=tcp://192.168.86.140:36890 remote=tcp://192.168.86.143:38230>: BrokenPipeError: [Errno 32] Broken pipe
2026-01-14 23:35:48,495 - distributed.worker - ERROR - Worker stream died during communication: tcp://192.168.86.126:44369
Traceback (most recent call last):
  File "/home1/zrentala/.conda/envs/zrentala/lib/python3.11/site-packages/tornado/iostream.py", line 962, in _handle_write
    num_bytes = self.write_to_fd(self._write_buffer.peek(size))
                ^^^^^^^^^^^^^^^^^^^^^^^^^^^^^^^^^^^^^^^^^^^^^^^
  File "/home1/zrentala/.conda/envs/zrentala/lib/python3.11/site-packages/tornado/iostream.py", line 1121, in write_to_fd
    return self.socket.send(data)  # type: ignore
           ^^^^^^^^^^^^^^^^^^^^^^
BrokenPipeError: [Errno 32] Broken pipe

The above exception was the direct cause of the following exception:

Traceback (most recent call last):
  File "/home1/zrentala/.conda/envs/zrentala/lib/python3.11/site-packages/distributed/worker.py", line 2081, in gather_dep
    response = await get_data_from_worker(
               ^^^^^^^^^^^^^^^^^^^^^^^^^^^
  File "/home1/zrentala/.conda/envs/zrentala/lib/python3.11/site-packages/distributed/worker.py", line 2887, in get_data_from_worker
    response = await send_recv(
               ^^^^^^^^^^^^^^^^
  File "/home1/zrentala/.conda/envs/zrentala/lib/python3.11/site-packages/distributed/core.py", line 1018, in send_recv
    response = await comm.read(deserializers=deserializers)
               ^^^^^^^^^^^^^^^^^^^^^^^^^^^^^^^^^^^^^^^^^^^^
  File "/home1/zrentala/.conda/envs/zrentala/lib/python3.11/site-packages/distributed/comm/tcp.py", line 237, in read
    convert_stream_closed_error(self, e)
  File "/home1/zrentala/.conda/envs/zrentala/lib/python3.11/site-packages/distributed/comm/tcp.py", line 143, in convert_stream_closed_error
    raise CommClosedError(f"in {obj}: {exc.__class__.__name__}: {exc}") from exc
distributed.comm.core.CommClosedError: in <TCP (closed) Ephemeral Worker->Worker for gather local=tcp://192.168.86.140:37710 remote=tcp://192.168.86.126:44369>: BrokenPipeError: [Errno 32] Broken pipe
2026-01-14 23:35:48,537 - distributed.worker - ERROR - Worker stream died during communication: tcp://192.168.86.117:46387
Traceback (most recent call last):
  File "/home1/zrentala/.conda/envs/zrentala/lib/python3.11/site-packages/tornado/iostream.py", line 962, in _handle_write
    num_bytes = self.write_to_fd(self._write_buffer.peek(size))
                ^^^^^^^^^^^^^^^^^^^^^^^^^^^^^^^^^^^^^^^^^^^^^^^
  File "/home1/zrentala/.conda/envs/zrentala/lib/python3.11/site-packages/tornado/iostream.py", line 1121, in write_to_fd
    return self.socket.send(data)  # type: ignore
           ^^^^^^^^^^^^^^^^^^^^^^
BrokenPipeError: [Errno 32] Broken pipe

The above exception was the direct cause of the following exception:

Traceback (most recent call last):
  File "/home1/zrentala/.conda/envs/zrentala/lib/python3.11/site-packages/distributed/worker.py", line 2081, in gather_dep
    response = await get_data_from_worker(
               ^^^^^^^^^^^^^^^^^^^^^^^^^^^
  File "/home1/zrentala/.conda/envs/zrentala/lib/python3.11/site-packages/distributed/worker.py", line 2887, in get_data_from_worker
    response = await send_recv(
               ^^^^^^^^^^^^^^^^
  File "/home1/zrentala/.conda/envs/zrentala/lib/python3.11/site-packages/distributed/core.py", line 1018, in send_recv
    response = await comm.read(deserializers=deserializers)
               ^^^^^^^^^^^^^^^^^^^^^^^^^^^^^^^^^^^^^^^^^^^^
  File "/home1/zrentala/.conda/envs/zrentala/lib/python3.11/site-packages/distributed/comm/tcp.py", line 237, in read
    convert_stream_closed_error(self, e)
  File "/home1/zrentala/.conda/envs/zrentala/lib/python3.11/site-packages/distributed/comm/tcp.py", line 143, in convert_stream_closed_error
    raise CommClosedError(f"in {obj}: {exc.__class__.__name__}: {exc}") from exc
distributed.comm.core.CommClosedError: in <TCP (closed) Ephemeral Worker->Worker for gather local=tcp://192.168.86.140:49126 remote=tcp://192.168.86.117:46387>: BrokenPipeError: [Errno 32] Broken pipe
2026-01-14 23:35:48,579 - distributed.worker - ERROR - Worker stream died during communication: tcp://192.168.86.117:39448
Traceback (most recent call last):
  File "/home1/zrentala/.conda/envs/zrentala/lib/python3.11/site-packages/tornado/iostream.py", line 962, in _handle_write
    num_bytes = self.write_to_fd(self._write_buffer.peek(size))
                ^^^^^^^^^^^^^^^^^^^^^^^^^^^^^^^^^^^^^^^^^^^^^^^
  File "/home1/zrentala/.conda/envs/zrentala/lib/python3.11/site-packages/tornado/iostream.py", line 1121, in write_to_fd
    return self.socket.send(data)  # type: ignore
           ^^^^^^^^^^^^^^^^^^^^^^
BrokenPipeError: [Errno 32] Broken pipe

The above exception was the direct cause of the following exception:

Traceback (most recent call last):
  File "/home1/zrentala/.conda/envs/zrentala/lib/python3.11/site-packages/distributed/worker.py", line 2081, in gather_dep
    response = await get_data_from_worker(
               ^^^^^^^^^^^^^^^^^^^^^^^^^^^
  File "/home1/zrentala/.conda/envs/zrentala/lib/python3.11/site-packages/distributed/worker.py", line 2887, in get_data_from_worker
    response = await send_recv(
               ^^^^^^^^^^^^^^^^
  File "/home1/zrentala/.conda/envs/zrentala/lib/python3.11/site-packages/distributed/core.py", line 1018, in send_recv
    response = await comm.read(deserializers=deserializers)
               ^^^^^^^^^^^^^^^^^^^^^^^^^^^^^^^^^^^^^^^^^^^^
  File "/home1/zrentala/.conda/envs/zrentala/lib/python3.11/site-packages/distributed/comm/tcp.py", line 237, in read
    convert_stream_closed_error(self, e)
  File "/home1/zrentala/.conda/envs/zrentala/lib/python3.11/site-packages/distributed/comm/tcp.py", line 143, in convert_stream_closed_error
    raise CommClosedError(f"in {obj}: {exc.__class__.__name__}: {exc}") from exc
distributed.comm.core.CommClosedError: in <TCP (closed) Ephemeral Worker->Worker for gather local=tcp://192.168.86.140:45072 remote=tcp://192.168.86.117:39448>: BrokenPipeError: [Errno 32] Broken pipe
2026-01-14 23:35:48,620 - distributed.worker - ERROR - Worker stream died during communication: tcp://192.168.86.118:41088
Traceback (most recent call last):
  File "/home1/zrentala/.conda/envs/zrentala/lib/python3.11/site-packages/tornado/iostream.py", line 962, in _handle_write
    num_bytes = self.write_to_fd(self._write_buffer.peek(size))
                ^^^^^^^^^^^^^^^^^^^^^^^^^^^^^^^^^^^^^^^^^^^^^^^
  File "/home1/zrentala/.conda/envs/zrentala/lib/python3.11/site-packages/tornado/iostream.py", line 1121, in write_to_fd
    return self.socket.send(data)  # type: ignore
           ^^^^^^^^^^^^^^^^^^^^^^
BrokenPipeError: [Errno 32] Broken pipe

The above exception was the direct cause of the following exception:

Traceback (most recent call last):
  File "/home1/zrentala/.conda/envs/zrentala/lib/python3.11/site-packages/distributed/worker.py", line 2081, in gather_dep
    response = await get_data_from_worker(
               ^^^^^^^^^^^^^^^^^^^^^^^^^^^
  File "/home1/zrentala/.conda/envs/zrentala/lib/python3.11/site-packages/distributed/worker.py", line 2887, in get_data_from_worker
    response = await send_recv(
               ^^^^^^^^^^^^^^^^
  File "/home1/zrentala/.conda/envs/zrentala/lib/python3.11/site-packages/distributed/core.py", line 1018, in send_recv
    response = await comm.read(deserializers=deserializers)
               ^^^^^^^^^^^^^^^^^^^^^^^^^^^^^^^^^^^^^^^^^^^^
  File "/home1/zrentala/.conda/envs/zrentala/lib/python3.11/site-packages/distributed/comm/tcp.py", line 237, in read
    convert_stream_closed_error(self, e)
  File "/home1/zrentala/.conda/envs/zrentala/lib/python3.11/site-packages/distributed/comm/tcp.py", line 143, in convert_stream_closed_error
    raise CommClosedError(f"in {obj}: {exc.__class__.__name__}: {exc}") from exc
distributed.comm.core.CommClosedError: in <TCP (closed) Ephemeral Worker->Worker for gather local=tcp://192.168.86.140:49650 remote=tcp://192.168.86.118:41088>: BrokenPipeError: [Errno 32] Broken pipe
2026-01-14 23:35:48,662 - distributed.worker - ERROR - Worker stream died during communication: tcp://192.168.86.122:44092
Traceback (most recent call last):
  File "/home1/zrentala/.conda/envs/zrentala/lib/python3.11/site-packages/tornado/iostream.py", line 962, in _handle_write
    num_bytes = self.write_to_fd(self._write_buffer.peek(size))
                ^^^^^^^^^^^^^^^^^^^^^^^^^^^^^^^^^^^^^^^^^^^^^^^
  File "/home1/zrentala/.conda/envs/zrentala/lib/python3.11/site-packages/tornado/iostream.py", line 1121, in write_to_fd
    return self.socket.send(data)  # type: ignore
           ^^^^^^^^^^^^^^^^^^^^^^
BrokenPipeError: [Errno 32] Broken pipe

The above exception was the direct cause of the following exception:

Traceback (most recent call last):
  File "/home1/zrentala/.conda/envs/zrentala/lib/python3.11/site-packages/distributed/worker.py", line 2081, in gather_dep
    response = await get_data_from_worker(
               ^^^^^^^^^^^^^^^^^^^^^^^^^^^
  File "/home1/zrentala/.conda/envs/zrentala/lib/python3.11/site-packages/distributed/worker.py", line 2887, in get_data_from_worker
    response = await send_recv(
               ^^^^^^^^^^^^^^^^
  File "/home1/zrentala/.conda/envs/zrentala/lib/python3.11/site-packages/distributed/core.py", line 1018, in send_recv
    response = await comm.read(deserializers=deserializers)
               ^^^^^^^^^^^^^^^^^^^^^^^^^^^^^^^^^^^^^^^^^^^^
  File "/home1/zrentala/.conda/envs/zrentala/lib/python3.11/site-packages/distributed/comm/tcp.py", line 237, in read
    convert_stream_closed_error(self, e)
  File "/home1/zrentala/.conda/envs/zrentala/lib/python3.11/site-packages/distributed/comm/tcp.py", line 143, in convert_stream_closed_error
    raise CommClosedError(f"in {obj}: {exc.__class__.__name__}: {exc}") from exc
distributed.comm.core.CommClosedError: in <TCP (closed) Ephemeral Worker->Worker for gather local=tcp://192.168.86.140:49360 remote=tcp://192.168.86.122:44092>: BrokenPipeError: [Errno 32] Broken pipe
2026-01-14 23:35:48,709 - distributed.worker - ERROR - Worker stream died during communication: tcp://192.168.86.137:37010
Traceback (most recent call last):
  File "/home1/zrentala/.conda/envs/zrentala/lib/python3.11/site-packages/tornado/iostream.py", line 962, in _handle_write
    num_bytes = self.write_to_fd(self._write_buffer.peek(size))
                ^^^^^^^^^^^^^^^^^^^^^^^^^^^^^^^^^^^^^^^^^^^^^^^
  File "/home1/zrentala/.conda/envs/zrentala/lib/python3.11/site-packages/tornado/iostream.py", line 1121, in write_to_fd
    return self.socket.send(data)  # type: ignore
           ^^^^^^^^^^^^^^^^^^^^^^
BrokenPipeError: [Errno 32] Broken pipe

The above exception was the direct cause of the following exception:

Traceback (most recent call last):
  File "/home1/zrentala/.conda/envs/zrentala/lib/python3.11/site-packages/distributed/worker.py", line 2081, in gather_dep
    response = await get_data_from_worker(
               ^^^^^^^^^^^^^^^^^^^^^^^^^^^
  File "/home1/zrentala/.conda/envs/zrentala/lib/python3.11/site-packages/distributed/worker.py", line 2887, in get_data_from_worker
    response = await send_recv(
               ^^^^^^^^^^^^^^^^
  File "/home1/zrentala/.conda/envs/zrentala/lib/python3.11/site-packages/distributed/core.py", line 1018, in send_recv
    response = await comm.read(deserializers=deserializers)
               ^^^^^^^^^^^^^^^^^^^^^^^^^^^^^^^^^^^^^^^^^^^^
  File "/home1/zrentala/.conda/envs/zrentala/lib/python3.11/site-packages/distributed/comm/tcp.py", line 237, in read
    convert_stream_closed_error(self, e)
  File "/home1/zrentala/.conda/envs/zrentala/lib/python3.11/site-packages/distributed/comm/tcp.py", line 143, in convert_stream_closed_error
    raise CommClosedError(f"in {obj}: {exc.__class__.__name__}: {exc}") from exc
distributed.comm.core.CommClosedError: in <TCP (closed) Ephemeral Worker->Worker for gather local=tcp://192.168.86.140:44256 remote=tcp://192.168.86.137:37010>: BrokenPipeError: [Errno 32] Broken pipe
2026-01-14 23:35:48,750 - distributed.worker - ERROR - Worker stream died during communication: tcp://192.168.86.119:40509
Traceback (most recent call last):
  File "/home1/zrentala/.conda/envs/zrentala/lib/python3.11/site-packages/tornado/iostream.py", line 962, in _handle_write
    num_bytes = self.write_to_fd(self._write_buffer.peek(size))
                ^^^^^^^^^^^^^^^^^^^^^^^^^^^^^^^^^^^^^^^^^^^^^^^
  File "/home1/zrentala/.conda/envs/zrentala/lib/python3.11/site-packages/tornado/iostream.py", line 1121, in write_to_fd
    return self.socket.send(data)  # type: ignore
           ^^^^^^^^^^^^^^^^^^^^^^
BrokenPipeError: [Errno 32] Broken pipe

The above exception was the direct cause of the following exception:

Traceback (most recent call last):
  File "/home1/zrentala/.conda/envs/zrentala/lib/python3.11/site-packages/distributed/worker.py", line 2081, in gather_dep
    response = await get_data_from_worker(
               ^^^^^^^^^^^^^^^^^^^^^^^^^^^
  File "/home1/zrentala/.conda/envs/zrentala/lib/python3.11/site-packages/distributed/worker.py", line 2887, in get_data_from_worker
    response = await send_recv(
               ^^^^^^^^^^^^^^^^
  File "/home1/zrentala/.conda/envs/zrentala/lib/python3.11/site-packages/distributed/core.py", line 1018, in send_recv
    response = await comm.read(deserializers=deserializers)
               ^^^^^^^^^^^^^^^^^^^^^^^^^^^^^^^^^^^^^^^^^^^^
  File "/home1/zrentala/.conda/envs/zrentala/lib/python3.11/site-packages/distributed/comm/tcp.py", line 237, in read
    convert_stream_closed_error(self, e)
  File "/home1/zrentala/.conda/envs/zrentala/lib/python3.11/site-packages/distributed/comm/tcp.py", line 143, in convert_stream_closed_error
    raise CommClosedError(f"in {obj}: {exc.__class__.__name__}: {exc}") from exc
distributed.comm.core.CommClosedError: in <TCP (closed) Ephemeral Worker->Worker for gather local=tcp://192.168.86.140:43952 remote=tcp://192.168.86.119:40509>: BrokenPipeError: [Errno 32] Broken pipe
2026-01-14 23:35:48,792 - distributed.worker - ERROR - Worker stream died during communication: tcp://192.168.86.143:37340
Traceback (most recent call last):
  File "/home1/zrentala/.conda/envs/zrentala/lib/python3.11/site-packages/tornado/iostream.py", line 962, in _handle_write
    num_bytes = self.write_to_fd(self._write_buffer.peek(size))
                ^^^^^^^^^^^^^^^^^^^^^^^^^^^^^^^^^^^^^^^^^^^^^^^
  File "/home1/zrentala/.conda/envs/zrentala/lib/python3.11/site-packages/tornado/iostream.py", line 1121, in write_to_fd
    return self.socket.send(data)  # type: ignore
           ^^^^^^^^^^^^^^^^^^^^^^
BrokenPipeError: [Errno 32] Broken pipe

The above exception was the direct cause of the following exception:

Traceback (most recent call last):
  File "/home1/zrentala/.conda/envs/zrentala/lib/python3.11/site-packages/distributed/worker.py", line 2081, in gather_dep
    response = await get_data_from_worker(
               ^^^^^^^^^^^^^^^^^^^^^^^^^^^
  File "/home1/zrentala/.conda/envs/zrentala/lib/python3.11/site-packages/distributed/worker.py", line 2887, in get_data_from_worker
    response = await send_recv(
               ^^^^^^^^^^^^^^^^
  File "/home1/zrentala/.conda/envs/zrentala/lib/python3.11/site-packages/distributed/core.py", line 1018, in send_recv
    response = await comm.read(deserializers=deserializers)
               ^^^^^^^^^^^^^^^^^^^^^^^^^^^^^^^^^^^^^^^^^^^^
  File "/home1/zrentala/.conda/envs/zrentala/lib/python3.11/site-packages/distributed/comm/tcp.py", line 237, in read
    convert_stream_closed_error(self, e)
  File "/home1/zrentala/.conda/envs/zrentala/lib/python3.11/site-packages/distributed/comm/tcp.py", line 143, in convert_stream_closed_error
    raise CommClosedError(f"in {obj}: {exc.__class__.__name__}: {exc}") from exc
distributed.comm.core.CommClosedError: in <TCP (closed) Ephemeral Worker->Worker for gather local=tcp://192.168.86.140:44904 remote=tcp://192.168.86.143:37340>: BrokenPipeError: [Errno 32] Broken pipe
2026-01-14 23:35:48,834 - distributed.worker - ERROR - Worker stream died during communication: tcp://192.168.86.123:40398
Traceback (most recent call last):
  File "/home1/zrentala/.conda/envs/zrentala/lib/python3.11/site-packages/tornado/iostream.py", line 962, in _handle_write
    num_bytes = self.write_to_fd(self._write_buffer.peek(size))
                ^^^^^^^^^^^^^^^^^^^^^^^^^^^^^^^^^^^^^^^^^^^^^^^
  File "/home1/zrentala/.conda/envs/zrentala/lib/python3.11/site-packages/tornado/iostream.py", line 1121, in write_to_fd
    return self.socket.send(data)  # type: ignore
           ^^^^^^^^^^^^^^^^^^^^^^
BrokenPipeError: [Errno 32] Broken pipe

The above exception was the direct cause of the following exception:

Traceback (most recent call last):
  File "/home1/zrentala/.conda/envs/zrentala/lib/python3.11/site-packages/distributed/worker.py", line 2081, in gather_dep
    response = await get_data_from_worker(
               ^^^^^^^^^^^^^^^^^^^^^^^^^^^
  File "/home1/zrentala/.conda/envs/zrentala/lib/python3.11/site-packages/distributed/worker.py", line 2887, in get_data_from_worker
    response = await send_recv(
               ^^^^^^^^^^^^^^^^
  File "/home1/zrentala/.conda/envs/zrentala/lib/python3.11/site-packages/distributed/core.py", line 1018, in send_recv
    response = await comm.read(deserializers=deserializers)
               ^^^^^^^^^^^^^^^^^^^^^^^^^^^^^^^^^^^^^^^^^^^^
  File "/home1/zrentala/.conda/envs/zrentala/lib/python3.11/site-packages/distributed/comm/tcp.py", line 237, in read
    convert_stream_closed_error(self, e)
  File "/home1/zrentala/.conda/envs/zrentala/lib/python3.11/site-packages/distributed/comm/tcp.py", line 143, in convert_stream_closed_error
    raise CommClosedError(f"in {obj}: {exc.__class__.__name__}: {exc}") from exc
distributed.comm.core.CommClosedError: in <TCP (closed) Ephemeral Worker->Worker for gather local=tcp://192.168.86.140:49536 remote=tcp://192.168.86.123:40398>: BrokenPipeError: [Errno 32] Broken pipe
2026-01-14 23:35:48,880 - distributed.worker - ERROR - Worker stream died during communication: tcp://192.168.86.123:42014
Traceback (most recent call last):
  File "/home1/zrentala/.conda/envs/zrentala/lib/python3.11/site-packages/tornado/iostream.py", line 962, in _handle_write
    num_bytes = self.write_to_fd(self._write_buffer.peek(size))
                ^^^^^^^^^^^^^^^^^^^^^^^^^^^^^^^^^^^^^^^^^^^^^^^
  File "/home1/zrentala/.conda/envs/zrentala/lib/python3.11/site-packages/tornado/iostream.py", line 1121, in write_to_fd
    return self.socket.send(data)  # type: ignore
           ^^^^^^^^^^^^^^^^^^^^^^
BrokenPipeError: [Errno 32] Broken pipe

The above exception was the direct cause of the following exception:

Traceback (most recent call last):
  File "/home1/zrentala/.conda/envs/zrentala/lib/python3.11/site-packages/distributed/worker.py", line 2081, in gather_dep
    response = await get_data_from_worker(
               ^^^^^^^^^^^^^^^^^^^^^^^^^^^
  File "/home1/zrentala/.conda/envs/zrentala/lib/python3.11/site-packages/distributed/worker.py", line 2887, in get_data_from_worker
    response = await send_recv(
               ^^^^^^^^^^^^^^^^
  File "/home1/zrentala/.conda/envs/zrentala/lib/python3.11/site-packages/distributed/core.py", line 1018, in send_recv
    response = await comm.read(deserializers=deserializers)
               ^^^^^^^^^^^^^^^^^^^^^^^^^^^^^^^^^^^^^^^^^^^^
  File "/home1/zrentala/.conda/envs/zrentala/lib/python3.11/site-packages/distributed/comm/tcp.py", line 237, in read
    convert_stream_closed_error(self, e)
  File "/home1/zrentala/.conda/envs/zrentala/lib/python3.11/site-packages/distributed/comm/tcp.py", line 143, in convert_stream_closed_error
    raise CommClosedError(f"in {obj}: {exc.__class__.__name__}: {exc}") from exc
distributed.comm.core.CommClosedError: in <TCP (closed) Ephemeral Worker->Worker for gather local=tcp://192.168.86.140:58216 remote=tcp://192.168.86.123:42014>: BrokenPipeError: [Errno 32] Broken pipe
2026-01-14 23:35:48,917 - distributed.worker - ERROR - Worker stream died during communication: tcp://192.168.86.124:39721
Traceback (most recent call last):
  File "/home1/zrentala/.conda/envs/zrentala/lib/python3.11/site-packages/tornado/iostream.py", line 962, in _handle_write
    num_bytes = self.write_to_fd(self._write_buffer.peek(size))
                ^^^^^^^^^^^^^^^^^^^^^^^^^^^^^^^^^^^^^^^^^^^^^^^
  File "/home1/zrentala/.conda/envs/zrentala/lib/python3.11/site-packages/tornado/iostream.py", line 1121, in write_to_fd
    return self.socket.send(data)  # type: ignore
           ^^^^^^^^^^^^^^^^^^^^^^
BrokenPipeError: [Errno 32] Broken pipe

The above exception was the direct cause of the following exception:

Traceback (most recent call last):
  File "/home1/zrentala/.conda/envs/zrentala/lib/python3.11/site-packages/distributed/worker.py", line 2081, in gather_dep
    response = await get_data_from_worker(
               ^^^^^^^^^^^^^^^^^^^^^^^^^^^
  File "/home1/zrentala/.conda/envs/zrentala/lib/python3.11/site-packages/distributed/worker.py", line 2887, in get_data_from_worker
    response = await send_recv(
               ^^^^^^^^^^^^^^^^
  File "/home1/zrentala/.conda/envs/zrentala/lib/python3.11/site-packages/distributed/core.py", line 1018, in send_recv
    response = await comm.read(deserializers=deserializers)
               ^^^^^^^^^^^^^^^^^^^^^^^^^^^^^^^^^^^^^^^^^^^^
  File "/home1/zrentala/.conda/envs/zrentala/lib/python3.11/site-packages/distributed/comm/tcp.py", line 237, in read
    convert_stream_closed_error(self, e)
  File "/home1/zrentala/.conda/envs/zrentala/lib/python3.11/site-packages/distributed/comm/tcp.py", line 143, in convert_stream_closed_error
    raise CommClosedError(f"in {obj}: {exc.__class__.__name__}: {exc}") from exc
distributed.comm.core.CommClosedError: in <TCP (closed) Ephemeral Worker->Worker for gather local=tcp://192.168.86.140:36458 remote=tcp://192.168.86.124:39721>: BrokenPipeError: [Errno 32] Broken pipe
2026-01-14 23:35:48,959 - distributed.worker - ERROR - Worker stream died during communication: tcp://192.168.86.117:41181
Traceback (most recent call last):
  File "/home1/zrentala/.conda/envs/zrentala/lib/python3.11/site-packages/tornado/iostream.py", line 962, in _handle_write
    num_bytes = self.write_to_fd(self._write_buffer.peek(size))
                ^^^^^^^^^^^^^^^^^^^^^^^^^^^^^^^^^^^^^^^^^^^^^^^
  File "/home1/zrentala/.conda/envs/zrentala/lib/python3.11/site-packages/tornado/iostream.py", line 1121, in write_to_fd
    return self.socket.send(data)  # type: ignore
           ^^^^^^^^^^^^^^^^^^^^^^
BrokenPipeError: [Errno 32] Broken pipe

The above exception was the direct cause of the following exception:

Traceback (most recent call last):
  File "/home1/zrentala/.conda/envs/zrentala/lib/python3.11/site-packages/distributed/worker.py", line 2081, in gather_dep
    response = await get_data_from_worker(
               ^^^^^^^^^^^^^^^^^^^^^^^^^^^
  File "/home1/zrentala/.conda/envs/zrentala/lib/python3.11/site-packages/distributed/worker.py", line 2887, in get_data_from_worker
    response = await send_recv(
               ^^^^^^^^^^^^^^^^
  File "/home1/zrentala/.conda/envs/zrentala/lib/python3.11/site-packages/distributed/core.py", line 1018, in send_recv
    response = await comm.read(deserializers=deserializers)
               ^^^^^^^^^^^^^^^^^^^^^^^^^^^^^^^^^^^^^^^^^^^^
  File "/home1/zrentala/.conda/envs/zrentala/lib/python3.11/site-packages/distributed/comm/tcp.py", line 237, in read
    convert_stream_closed_error(self, e)
  File "/home1/zrentala/.conda/envs/zrentala/lib/python3.11/site-packages/distributed/comm/tcp.py", line 143, in convert_stream_closed_error
    raise CommClosedError(f"in {obj}: {exc.__class__.__name__}: {exc}") from exc
distributed.comm.core.CommClosedError: in <TCP (closed) Ephemeral Worker->Worker for gather local=tcp://192.168.86.140:39640 remote=tcp://192.168.86.117:41181>: BrokenPipeError: [Errno 32] Broken pipe
2026-01-14 23:35:49,000 - distributed.worker - ERROR - Worker stream died during communication: tcp://192.168.86.137:40429
Traceback (most recent call last):
  File "/home1/zrentala/.conda/envs/zrentala/lib/python3.11/site-packages/tornado/iostream.py", line 962, in _handle_write
    num_bytes = self.write_to_fd(self._write_buffer.peek(size))
                ^^^^^^^^^^^^^^^^^^^^^^^^^^^^^^^^^^^^^^^^^^^^^^^
  File "/home1/zrentala/.conda/envs/zrentala/lib/python3.11/site-packages/tornado/iostream.py", line 1121, in write_to_fd
    return self.socket.send(data)  # type: ignore
           ^^^^^^^^^^^^^^^^^^^^^^
BrokenPipeError: [Errno 32] Broken pipe

The above exception was the direct cause of the following exception:

Traceback (most recent call last):
  File "/home1/zrentala/.conda/envs/zrentala/lib/python3.11/site-packages/distributed/worker.py", line 2081, in gather_dep
    response = await get_data_from_worker(
               ^^^^^^^^^^^^^^^^^^^^^^^^^^^
  File "/home1/zrentala/.conda/envs/zrentala/lib/python3.11/site-packages/distributed/worker.py", line 2887, in get_data_from_worker
    response = await send_recv(
               ^^^^^^^^^^^^^^^^
  File "/home1/zrentala/.conda/envs/zrentala/lib/python3.11/site-packages/distributed/core.py", line 1018, in send_recv
    response = await comm.read(deserializers=deserializers)
               ^^^^^^^^^^^^^^^^^^^^^^^^^^^^^^^^^^^^^^^^^^^^
  File "/home1/zrentala/.conda/envs/zrentala/lib/python3.11/site-packages/distributed/comm/tcp.py", line 237, in read
    convert_stream_closed_error(self, e)
  File "/home1/zrentala/.conda/envs/zrentala/lib/python3.11/site-packages/distributed/comm/tcp.py", line 143, in convert_stream_closed_error
    raise CommClosedError(f"in {obj}: {exc.__class__.__name__}: {exc}") from exc
distributed.comm.core.CommClosedError: in <TCP (closed) Ephemeral Worker->Worker for gather local=tcp://192.168.86.140:56018 remote=tcp://192.168.86.137:40429>: BrokenPipeError: [Errno 32] Broken pipe
2026-01-14 23:35:49,042 - distributed.worker - ERROR - Worker stream died during communication: tcp://192.168.86.124:42367
Traceback (most recent call last):
  File "/home1/zrentala/.conda/envs/zrentala/lib/python3.11/site-packages/tornado/iostream.py", line 962, in _handle_write
    num_bytes = self.write_to_fd(self._write_buffer.peek(size))
                ^^^^^^^^^^^^^^^^^^^^^^^^^^^^^^^^^^^^^^^^^^^^^^^
  File "/home1/zrentala/.conda/envs/zrentala/lib/python3.11/site-packages/tornado/iostream.py", line 1121, in write_to_fd
    return self.socket.send(data)  # type: ignore
           ^^^^^^^^^^^^^^^^^^^^^^
BrokenPipeError: [Errno 32] Broken pipe

The above exception was the direct cause of the following exception:

Traceback (most recent call last):
  File "/home1/zrentala/.conda/envs/zrentala/lib/python3.11/site-packages/distributed/worker.py", line 2081, in gather_dep
    response = await get_data_from_worker(
               ^^^^^^^^^^^^^^^^^^^^^^^^^^^
  File "/home1/zrentala/.conda/envs/zrentala/lib/python3.11/site-packages/distributed/worker.py", line 2887, in get_data_from_worker
    response = await send_recv(
               ^^^^^^^^^^^^^^^^
  File "/home1/zrentala/.conda/envs/zrentala/lib/python3.11/site-packages/distributed/core.py", line 1018, in send_recv
    response = await comm.read(deserializers=deserializers)
               ^^^^^^^^^^^^^^^^^^^^^^^^^^^^^^^^^^^^^^^^^^^^
  File "/home1/zrentala/.conda/envs/zrentala/lib/python3.11/site-packages/distributed/comm/tcp.py", line 237, in read
    convert_stream_closed_error(self, e)
  File "/home1/zrentala/.conda/envs/zrentala/lib/python3.11/site-packages/distributed/comm/tcp.py", line 143, in convert_stream_closed_error
    raise CommClosedError(f"in {obj}: {exc.__class__.__name__}: {exc}") from exc
distributed.comm.core.CommClosedError: in <TCP (closed) Ephemeral Worker->Worker for gather local=tcp://192.168.86.140:43462 remote=tcp://192.168.86.124:42367>: BrokenPipeError: [Errno 32] Broken pipe
2026-01-14 23:35:49,084 - distributed.worker - ERROR - Worker stream died during communication: tcp://192.168.86.123:42077
Traceback (most recent call last):
  File "/home1/zrentala/.conda/envs/zrentala/lib/python3.11/site-packages/tornado/iostream.py", line 962, in _handle_write
    num_bytes = self.write_to_fd(self._write_buffer.peek(size))
                ^^^^^^^^^^^^^^^^^^^^^^^^^^^^^^^^^^^^^^^^^^^^^^^
  File "/home1/zrentala/.conda/envs/zrentala/lib/python3.11/site-packages/tornado/iostream.py", line 1121, in write_to_fd
    return self.socket.send(data)  # type: ignore
           ^^^^^^^^^^^^^^^^^^^^^^
BrokenPipeError: [Errno 32] Broken pipe

The above exception was the direct cause of the following exception:

Traceback (most recent call last):
  File "/home1/zrentala/.conda/envs/zrentala/lib/python3.11/site-packages/distributed/worker.py", line 2081, in gather_dep
    response = await get_data_from_worker(
               ^^^^^^^^^^^^^^^^^^^^^^^^^^^
  File "/home1/zrentala/.conda/envs/zrentala/lib/python3.11/site-packages/distributed/worker.py", line 2887, in get_data_from_worker
    response = await send_recv(
               ^^^^^^^^^^^^^^^^
  File "/home1/zrentala/.conda/envs/zrentala/lib/python3.11/site-packages/distributed/core.py", line 1018, in send_recv
    response = await comm.read(deserializers=deserializers)
               ^^^^^^^^^^^^^^^^^^^^^^^^^^^^^^^^^^^^^^^^^^^^
  File "/home1/zrentala/.conda/envs/zrentala/lib/python3.11/site-packages/distributed/comm/tcp.py", line 237, in read
    convert_stream_closed_error(self, e)
  File "/home1/zrentala/.conda/envs/zrentala/lib/python3.11/site-packages/distributed/comm/tcp.py", line 143, in convert_stream_closed_error
    raise CommClosedError(f"in {obj}: {exc.__class__.__name__}: {exc}") from exc
distributed.comm.core.CommClosedError: in <TCP (closed) Ephemeral Worker->Worker for gather local=tcp://192.168.86.140:41336 remote=tcp://192.168.86.123:42077>: BrokenPipeError: [Errno 32] Broken pipe
2026-01-14 23:35:49,126 - distributed.worker - ERROR - Worker stream died during communication: tcp://192.168.86.136:46805
Traceback (most recent call last):
  File "/home1/zrentala/.conda/envs/zrentala/lib/python3.11/site-packages/tornado/iostream.py", line 962, in _handle_write
    num_bytes = self.write_to_fd(self._write_buffer.peek(size))
                ^^^^^^^^^^^^^^^^^^^^^^^^^^^^^^^^^^^^^^^^^^^^^^^
  File "/home1/zrentala/.conda/envs/zrentala/lib/python3.11/site-packages/tornado/iostream.py", line 1121, in write_to_fd
    return self.socket.send(data)  # type: ignore
           ^^^^^^^^^^^^^^^^^^^^^^
BrokenPipeError: [Errno 32] Broken pipe

The above exception was the direct cause of the following exception:

Traceback (most recent call last):
  File "/home1/zrentala/.conda/envs/zrentala/lib/python3.11/site-packages/distributed/worker.py", line 2081, in gather_dep
    response = await get_data_from_worker(
               ^^^^^^^^^^^^^^^^^^^^^^^^^^^
  File "/home1/zrentala/.conda/envs/zrentala/lib/python3.11/site-packages/distributed/worker.py", line 2887, in get_data_from_worker
    response = await send_recv(
               ^^^^^^^^^^^^^^^^
  File "/home1/zrentala/.conda/envs/zrentala/lib/python3.11/site-packages/distributed/core.py", line 1018, in send_recv
    response = await comm.read(deserializers=deserializers)
               ^^^^^^^^^^^^^^^^^^^^^^^^^^^^^^^^^^^^^^^^^^^^
  File "/home1/zrentala/.conda/envs/zrentala/lib/python3.11/site-packages/distributed/comm/tcp.py", line 237, in read
    convert_stream_closed_error(self, e)
  File "/home1/zrentala/.conda/envs/zrentala/lib/python3.11/site-packages/distributed/comm/tcp.py", line 143, in convert_stream_closed_error
    raise CommClosedError(f"in {obj}: {exc.__class__.__name__}: {exc}") from exc
distributed.comm.core.CommClosedError: in <TCP (closed) Ephemeral Worker->Worker for gather local=tcp://192.168.86.140:58558 remote=tcp://192.168.86.136:46805>: BrokenPipeError: [Errno 32] Broken pipe
2026-01-14 23:35:49,167 - distributed.worker - ERROR - Worker stream died during communication: tcp://192.168.86.124:45600
Traceback (most recent call last):
  File "/home1/zrentala/.conda/envs/zrentala/lib/python3.11/site-packages/tornado/iostream.py", line 962, in _handle_write
    num_bytes = self.write_to_fd(self._write_buffer.peek(size))
                ^^^^^^^^^^^^^^^^^^^^^^^^^^^^^^^^^^^^^^^^^^^^^^^
  File "/home1/zrentala/.conda/envs/zrentala/lib/python3.11/site-packages/tornado/iostream.py", line 1121, in write_to_fd
    return self.socket.send(data)  # type: ignore
           ^^^^^^^^^^^^^^^^^^^^^^
BrokenPipeError: [Errno 32] Broken pipe

The above exception was the direct cause of the following exception:

Traceback (most recent call last):
  File "/home1/zrentala/.conda/envs/zrentala/lib/python3.11/site-packages/distributed/worker.py", line 2081, in gather_dep
    response = await get_data_from_worker(
               ^^^^^^^^^^^^^^^^^^^^^^^^^^^
  File "/home1/zrentala/.conda/envs/zrentala/lib/python3.11/site-packages/distributed/worker.py", line 2887, in get_data_from_worker
    response = await send_recv(
               ^^^^^^^^^^^^^^^^
  File "/home1/zrentala/.conda/envs/zrentala/lib/python3.11/site-packages/distributed/core.py", line 1018, in send_recv
    response = await comm.read(deserializers=deserializers)
               ^^^^^^^^^^^^^^^^^^^^^^^^^^^^^^^^^^^^^^^^^^^^
  File "/home1/zrentala/.conda/envs/zrentala/lib/python3.11/site-packages/distributed/comm/tcp.py", line 237, in read
    convert_stream_closed_error(self, e)
  File "/home1/zrentala/.conda/envs/zrentala/lib/python3.11/site-packages/distributed/comm/tcp.py", line 143, in convert_stream_closed_error
    raise CommClosedError(f"in {obj}: {exc.__class__.__name__}: {exc}") from exc
distributed.comm.core.CommClosedError: in <TCP (closed) Ephemeral Worker->Worker for gather local=tcp://192.168.86.140:48180 remote=tcp://192.168.86.124:45600>: BrokenPipeError: [Errno 32] Broken pipe
2026-01-14 23:35:49,209 - distributed.worker - ERROR - Worker stream died during communication: tcp://192.168.86.117:34151
Traceback (most recent call last):
  File "/home1/zrentala/.conda/envs/zrentala/lib/python3.11/site-packages/tornado/iostream.py", line 962, in _handle_write
    num_bytes = self.write_to_fd(self._write_buffer.peek(size))
                ^^^^^^^^^^^^^^^^^^^^^^^^^^^^^^^^^^^^^^^^^^^^^^^
  File "/home1/zrentala/.conda/envs/zrentala/lib/python3.11/site-packages/tornado/iostream.py", line 1121, in write_to_fd
    return self.socket.send(data)  # type: ignore
           ^^^^^^^^^^^^^^^^^^^^^^
BrokenPipeError: [Errno 32] Broken pipe

The above exception was the direct cause of the following exception:

Traceback (most recent call last):
  File "/home1/zrentala/.conda/envs/zrentala/lib/python3.11/site-packages/distributed/worker.py", line 2081, in gather_dep
    response = await get_data_from_worker(
               ^^^^^^^^^^^^^^^^^^^^^^^^^^^
  File "/home1/zrentala/.conda/envs/zrentala/lib/python3.11/site-packages/distributed/worker.py", line 2887, in get_data_from_worker
    response = await send_recv(
               ^^^^^^^^^^^^^^^^
  File "/home1/zrentala/.conda/envs/zrentala/lib/python3.11/site-packages/distributed/core.py", line 1018, in send_recv
    response = await comm.read(deserializers=deserializers)
               ^^^^^^^^^^^^^^^^^^^^^^^^^^^^^^^^^^^^^^^^^^^^
  File "/home1/zrentala/.conda/envs/zrentala/lib/python3.11/site-packages/distributed/comm/tcp.py", line 237, in read
    convert_stream_closed_error(self, e)
  File "/home1/zrentala/.conda/envs/zrentala/lib/python3.11/site-packages/distributed/comm/tcp.py", line 143, in convert_stream_closed_error
    raise CommClosedError(f"in {obj}: {exc.__class__.__name__}: {exc}") from exc
distributed.comm.core.CommClosedError: in <TCP (closed) Ephemeral Worker->Worker for gather local=tcp://192.168.86.140:43126 remote=tcp://192.168.86.117:34151>: BrokenPipeError: [Errno 32] Broken pipe
2026-01-14 23:35:49,256 - distributed.worker - ERROR - Worker stream died during communication: tcp://192.168.86.124:46429
Traceback (most recent call last):
  File "/home1/zrentala/.conda/envs/zrentala/lib/python3.11/site-packages/tornado/iostream.py", line 962, in _handle_write
    num_bytes = self.write_to_fd(self._write_buffer.peek(size))
                ^^^^^^^^^^^^^^^^^^^^^^^^^^^^^^^^^^^^^^^^^^^^^^^
  File "/home1/zrentala/.conda/envs/zrentala/lib/python3.11/site-packages/tornado/iostream.py", line 1121, in write_to_fd
    return self.socket.send(data)  # type: ignore
           ^^^^^^^^^^^^^^^^^^^^^^
BrokenPipeError: [Errno 32] Broken pipe

The above exception was the direct cause of the following exception:

Traceback (most recent call last):
  File "/home1/zrentala/.conda/envs/zrentala/lib/python3.11/site-packages/distributed/worker.py", line 2081, in gather_dep
    response = await get_data_from_worker(
               ^^^^^^^^^^^^^^^^^^^^^^^^^^^
  File "/home1/zrentala/.conda/envs/zrentala/lib/python3.11/site-packages/distributed/worker.py", line 2887, in get_data_from_worker
    response = await send_recv(
               ^^^^^^^^^^^^^^^^
  File "/home1/zrentala/.conda/envs/zrentala/lib/python3.11/site-packages/distributed/core.py", line 1018, in send_recv
    response = await comm.read(deserializers=deserializers)
               ^^^^^^^^^^^^^^^^^^^^^^^^^^^^^^^^^^^^^^^^^^^^
  File "/home1/zrentala/.conda/envs/zrentala/lib/python3.11/site-packages/distributed/comm/tcp.py", line 237, in read
    convert_stream_closed_error(self, e)
  File "/home1/zrentala/.conda/envs/zrentala/lib/python3.11/site-packages/distributed/comm/tcp.py", line 143, in convert_stream_closed_error
    raise CommClosedError(f"in {obj}: {exc.__class__.__name__}: {exc}") from exc
distributed.comm.core.CommClosedError: in <TCP (closed) Ephemeral Worker->Worker for gather local=tcp://192.168.86.140:49940 remote=tcp://192.168.86.124:46429>: BrokenPipeError: [Errno 32] Broken pipe
2026-01-14 23:35:49,297 - distributed.worker - ERROR - Worker stream died during communication: tcp://192.168.86.133:38041
Traceback (most recent call last):
  File "/home1/zrentala/.conda/envs/zrentala/lib/python3.11/site-packages/tornado/iostream.py", line 962, in _handle_write
    num_bytes = self.write_to_fd(self._write_buffer.peek(size))
                ^^^^^^^^^^^^^^^^^^^^^^^^^^^^^^^^^^^^^^^^^^^^^^^
  File "/home1/zrentala/.conda/envs/zrentala/lib/python3.11/site-packages/tornado/iostream.py", line 1121, in write_to_fd
    return self.socket.send(data)  # type: ignore
           ^^^^^^^^^^^^^^^^^^^^^^
BrokenPipeError: [Errno 32] Broken pipe

The above exception was the direct cause of the following exception:

Traceback (most recent call last):
  File "/home1/zrentala/.conda/envs/zrentala/lib/python3.11/site-packages/distributed/worker.py", line 2081, in gather_dep
    response = await get_data_from_worker(
               ^^^^^^^^^^^^^^^^^^^^^^^^^^^
  File "/home1/zrentala/.conda/envs/zrentala/lib/python3.11/site-packages/distributed/worker.py", line 2887, in get_data_from_worker
    response = await send_recv(
               ^^^^^^^^^^^^^^^^
  File "/home1/zrentala/.conda/envs/zrentala/lib/python3.11/site-packages/distributed/core.py", line 1018, in send_recv
    response = await comm.read(deserializers=deserializers)
               ^^^^^^^^^^^^^^^^^^^^^^^^^^^^^^^^^^^^^^^^^^^^
  File "/home1/zrentala/.conda/envs/zrentala/lib/python3.11/site-packages/distributed/comm/tcp.py", line 237, in read
    convert_stream_closed_error(self, e)
  File "/home1/zrentala/.conda/envs/zrentala/lib/python3.11/site-packages/distributed/comm/tcp.py", line 143, in convert_stream_closed_error
    raise CommClosedError(f"in {obj}: {exc.__class__.__name__}: {exc}") from exc
distributed.comm.core.CommClosedError: in <TCP (closed) Ephemeral Worker->Worker for gather local=tcp://192.168.86.140:42962 remote=tcp://192.168.86.133:38041>: BrokenPipeError: [Errno 32] Broken pipe
2026-01-14 23:35:49,339 - distributed.worker - ERROR - Worker stream died during communication: tcp://192.168.86.122:39648
Traceback (most recent call last):
  File "/home1/zrentala/.conda/envs/zrentala/lib/python3.11/site-packages/tornado/iostream.py", line 962, in _handle_write
    num_bytes = self.write_to_fd(self._write_buffer.peek(size))
                ^^^^^^^^^^^^^^^^^^^^^^^^^^^^^^^^^^^^^^^^^^^^^^^
  File "/home1/zrentala/.conda/envs/zrentala/lib/python3.11/site-packages/tornado/iostream.py", line 1121, in write_to_fd
    return self.socket.send(data)  # type: ignore
           ^^^^^^^^^^^^^^^^^^^^^^
BrokenPipeError: [Errno 32] Broken pipe

The above exception was the direct cause of the following exception:

Traceback (most recent call last):
  File "/home1/zrentala/.conda/envs/zrentala/lib/python3.11/site-packages/distributed/worker.py", line 2081, in gather_dep
    response = await get_data_from_worker(
               ^^^^^^^^^^^^^^^^^^^^^^^^^^^
  File "/home1/zrentala/.conda/envs/zrentala/lib/python3.11/site-packages/distributed/worker.py", line 2887, in get_data_from_worker
    response = await send_recv(
               ^^^^^^^^^^^^^^^^
  File "/home1/zrentala/.conda/envs/zrentala/lib/python3.11/site-packages/distributed/core.py", line 1018, in send_recv
    response = await comm.read(deserializers=deserializers)
               ^^^^^^^^^^^^^^^^^^^^^^^^^^^^^^^^^^^^^^^^^^^^
  File "/home1/zrentala/.conda/envs/zrentala/lib/python3.11/site-packages/distributed/comm/tcp.py", line 237, in read
    convert_stream_closed_error(self, e)
  File "/home1/zrentala/.conda/envs/zrentala/lib/python3.11/site-packages/distributed/comm/tcp.py", line 143, in convert_stream_closed_error
    raise CommClosedError(f"in {obj}: {exc.__class__.__name__}: {exc}") from exc
distributed.comm.core.CommClosedError: in <TCP (closed) Ephemeral Worker->Worker for gather local=tcp://192.168.86.140:53408 remote=tcp://192.168.86.122:39648>: BrokenPipeError: [Errno 32] Broken pipe
2026-01-14 23:35:49,381 - distributed.worker - ERROR - Worker stream died during communication: tcp://192.168.86.118:39246
Traceback (most recent call last):
  File "/home1/zrentala/.conda/envs/zrentala/lib/python3.11/site-packages/tornado/iostream.py", line 962, in _handle_write
    num_bytes = self.write_to_fd(self._write_buffer.peek(size))
                ^^^^^^^^^^^^^^^^^^^^^^^^^^^^^^^^^^^^^^^^^^^^^^^
  File "/home1/zrentala/.conda/envs/zrentala/lib/python3.11/site-packages/tornado/iostream.py", line 1121, in write_to_fd
    return self.socket.send(data)  # type: ignore
           ^^^^^^^^^^^^^^^^^^^^^^
BrokenPipeError: [Errno 32] Broken pipe

The above exception was the direct cause of the following exception:

Traceback (most recent call last):
  File "/home1/zrentala/.conda/envs/zrentala/lib/python3.11/site-packages/distributed/worker.py", line 2081, in gather_dep
    response = await get_data_from_worker(
               ^^^^^^^^^^^^^^^^^^^^^^^^^^^
  File "/home1/zrentala/.conda/envs/zrentala/lib/python3.11/site-packages/distributed/worker.py", line 2887, in get_data_from_worker
    response = await send_recv(
               ^^^^^^^^^^^^^^^^
  File "/home1/zrentala/.conda/envs/zrentala/lib/python3.11/site-packages/distributed/core.py", line 1018, in send_recv
    response = await comm.read(deserializers=deserializers)
               ^^^^^^^^^^^^^^^^^^^^^^^^^^^^^^^^^^^^^^^^^^^^
  File "/home1/zrentala/.conda/envs/zrentala/lib/python3.11/site-packages/distributed/comm/tcp.py", line 237, in read
    convert_stream_closed_error(self, e)
  File "/home1/zrentala/.conda/envs/zrentala/lib/python3.11/site-packages/distributed/comm/tcp.py", line 143, in convert_stream_closed_error
    raise CommClosedError(f"in {obj}: {exc.__class__.__name__}: {exc}") from exc
distributed.comm.core.CommClosedError: in <TCP (closed) Ephemeral Worker->Worker for gather local=tcp://192.168.86.140:41220 remote=tcp://192.168.86.118:39246>: BrokenPipeError: [Errno 32] Broken pipe
2026-01-14 23:35:49,422 - distributed.worker - ERROR - Worker stream died during communication: tcp://192.168.86.120:39459
Traceback (most recent call last):
  File "/home1/zrentala/.conda/envs/zrentala/lib/python3.11/site-packages/tornado/iostream.py", line 962, in _handle_write
    num_bytes = self.write_to_fd(self._write_buffer.peek(size))
                ^^^^^^^^^^^^^^^^^^^^^^^^^^^^^^^^^^^^^^^^^^^^^^^
  File "/home1/zrentala/.conda/envs/zrentala/lib/python3.11/site-packages/tornado/iostream.py", line 1121, in write_to_fd
    return self.socket.send(data)  # type: ignore
           ^^^^^^^^^^^^^^^^^^^^^^
BrokenPipeError: [Errno 32] Broken pipe

The above exception was the direct cause of the following exception:

Traceback (most recent call last):
  File "/home1/zrentala/.conda/envs/zrentala/lib/python3.11/site-packages/distributed/worker.py", line 2081, in gather_dep
    response = await get_data_from_worker(
               ^^^^^^^^^^^^^^^^^^^^^^^^^^^
  File "/home1/zrentala/.conda/envs/zrentala/lib/python3.11/site-packages/distributed/worker.py", line 2887, in get_data_from_worker
    response = await send_recv(
               ^^^^^^^^^^^^^^^^
  File "/home1/zrentala/.conda/envs/zrentala/lib/python3.11/site-packages/distributed/core.py", line 1018, in send_recv
    response = await comm.read(deserializers=deserializers)
               ^^^^^^^^^^^^^^^^^^^^^^^^^^^^^^^^^^^^^^^^^^^^
  File "/home1/zrentala/.conda/envs/zrentala/lib/python3.11/site-packages/distributed/comm/tcp.py", line 237, in read
    convert_stream_closed_error(self, e)
  File "/home1/zrentala/.conda/envs/zrentala/lib/python3.11/site-packages/distributed/comm/tcp.py", line 143, in convert_stream_closed_error
    raise CommClosedError(f"in {obj}: {exc.__class__.__name__}: {exc}") from exc
distributed.comm.core.CommClosedError: in <TCP (closed) Ephemeral Worker->Worker for gather local=tcp://192.168.86.140:45000 remote=tcp://192.168.86.120:39459>: BrokenPipeError: [Errno 32] Broken pipe
2026-01-14 23:35:49,464 - distributed.worker - ERROR - Worker stream died during communication: tcp://192.168.86.121:36321
Traceback (most recent call last):
  File "/home1/zrentala/.conda/envs/zrentala/lib/python3.11/site-packages/tornado/iostream.py", line 962, in _handle_write
    num_bytes = self.write_to_fd(self._write_buffer.peek(size))
                ^^^^^^^^^^^^^^^^^^^^^^^^^^^^^^^^^^^^^^^^^^^^^^^
  File "/home1/zrentala/.conda/envs/zrentala/lib/python3.11/site-packages/tornado/iostream.py", line 1121, in write_to_fd
    return self.socket.send(data)  # type: ignore
           ^^^^^^^^^^^^^^^^^^^^^^
BrokenPipeError: [Errno 32] Broken pipe

The above exception was the direct cause of the following exception:

Traceback (most recent call last):
  File "/home1/zrentala/.conda/envs/zrentala/lib/python3.11/site-packages/distributed/worker.py", line 2081, in gather_dep
    response = await get_data_from_worker(
               ^^^^^^^^^^^^^^^^^^^^^^^^^^^
  File "/home1/zrentala/.conda/envs/zrentala/lib/python3.11/site-packages/distributed/worker.py", line 2887, in get_data_from_worker
    response = await send_recv(
               ^^^^^^^^^^^^^^^^
  File "/home1/zrentala/.conda/envs/zrentala/lib/python3.11/site-packages/distributed/core.py", line 1018, in send_recv
    response = await comm.read(deserializers=deserializers)
               ^^^^^^^^^^^^^^^^^^^^^^^^^^^^^^^^^^^^^^^^^^^^
  File "/home1/zrentala/.conda/envs/zrentala/lib/python3.11/site-packages/distributed/comm/tcp.py", line 237, in read
    convert_stream_closed_error(self, e)
  File "/home1/zrentala/.conda/envs/zrentala/lib/python3.11/site-packages/distributed/comm/tcp.py", line 143, in convert_stream_closed_error
    raise CommClosedError(f"in {obj}: {exc.__class__.__name__}: {exc}") from exc
distributed.comm.core.CommClosedError: in <TCP (closed) Ephemeral Worker->Worker for gather local=tcp://192.168.86.140:52246 remote=tcp://192.168.86.121:36321>: BrokenPipeError: [Errno 32] Broken pipe
2026-01-14 23:35:49,506 - distributed.worker - ERROR - Worker stream died during communication: tcp://192.168.86.135:39599
Traceback (most recent call last):
  File "/home1/zrentala/.conda/envs/zrentala/lib/python3.11/site-packages/tornado/iostream.py", line 962, in _handle_write
    num_bytes = self.write_to_fd(self._write_buffer.peek(size))
                ^^^^^^^^^^^^^^^^^^^^^^^^^^^^^^^^^^^^^^^^^^^^^^^
  File "/home1/zrentala/.conda/envs/zrentala/lib/python3.11/site-packages/tornado/iostream.py", line 1121, in write_to_fd
    return self.socket.send(data)  # type: ignore
           ^^^^^^^^^^^^^^^^^^^^^^
BrokenPipeError: [Errno 32] Broken pipe

The above exception was the direct cause of the following exception:

Traceback (most recent call last):
  File "/home1/zrentala/.conda/envs/zrentala/lib/python3.11/site-packages/distributed/worker.py", line 2081, in gather_dep
    response = await get_data_from_worker(
               ^^^^^^^^^^^^^^^^^^^^^^^^^^^
  File "/home1/zrentala/.conda/envs/zrentala/lib/python3.11/site-packages/distributed/worker.py", line 2887, in get_data_from_worker
    response = await send_recv(
               ^^^^^^^^^^^^^^^^
  File "/home1/zrentala/.conda/envs/zrentala/lib/python3.11/site-packages/distributed/core.py", line 1018, in send_recv
    response = await comm.read(deserializers=deserializers)
               ^^^^^^^^^^^^^^^^^^^^^^^^^^^^^^^^^^^^^^^^^^^^
  File "/home1/zrentala/.conda/envs/zrentala/lib/python3.11/site-packages/distributed/comm/tcp.py", line 237, in read
    convert_stream_closed_error(self, e)
  File "/home1/zrentala/.conda/envs/zrentala/lib/python3.11/site-packages/distributed/comm/tcp.py", line 143, in convert_stream_closed_error
    raise CommClosedError(f"in {obj}: {exc.__class__.__name__}: {exc}") from exc
distributed.comm.core.CommClosedError: in <TCP (closed) Ephemeral Worker->Worker for gather local=tcp://192.168.86.140:51838 remote=tcp://192.168.86.135:39599>: BrokenPipeError: [Errno 32] Broken pipe
2026-01-14 23:35:49,553 - distributed.worker - ERROR - Worker stream died during communication: tcp://192.168.86.118:39295
Traceback (most recent call last):
  File "/home1/zrentala/.conda/envs/zrentala/lib/python3.11/site-packages/tornado/iostream.py", line 962, in _handle_write
    num_bytes = self.write_to_fd(self._write_buffer.peek(size))
                ^^^^^^^^^^^^^^^^^^^^^^^^^^^^^^^^^^^^^^^^^^^^^^^
  File "/home1/zrentala/.conda/envs/zrentala/lib/python3.11/site-packages/tornado/iostream.py", line 1121, in write_to_fd
    return self.socket.send(data)  # type: ignore
           ^^^^^^^^^^^^^^^^^^^^^^
BrokenPipeError: [Errno 32] Broken pipe

The above exception was the direct cause of the following exception:

Traceback (most recent call last):
  File "/home1/zrentala/.conda/envs/zrentala/lib/python3.11/site-packages/distributed/worker.py", line 2081, in gather_dep
    response = await get_data_from_worker(
               ^^^^^^^^^^^^^^^^^^^^^^^^^^^
  File "/home1/zrentala/.conda/envs/zrentala/lib/python3.11/site-packages/distributed/worker.py", line 2887, in get_data_from_worker
    response = await send_recv(
               ^^^^^^^^^^^^^^^^
  File "/home1/zrentala/.conda/envs/zrentala/lib/python3.11/site-packages/distributed/core.py", line 1018, in send_recv
    response = await comm.read(deserializers=deserializers)
               ^^^^^^^^^^^^^^^^^^^^^^^^^^^^^^^^^^^^^^^^^^^^
  File "/home1/zrentala/.conda/envs/zrentala/lib/python3.11/site-packages/distributed/comm/tcp.py", line 237, in read
    convert_stream_closed_error(self, e)
  File "/home1/zrentala/.conda/envs/zrentala/lib/python3.11/site-packages/distributed/comm/tcp.py", line 143, in convert_stream_closed_error
    raise CommClosedError(f"in {obj}: {exc.__class__.__name__}: {exc}") from exc
distributed.comm.core.CommClosedError: in <TCP (closed) Ephemeral Worker->Worker for gather local=tcp://192.168.86.140:54902 remote=tcp://192.168.86.118:39295>: BrokenPipeError: [Errno 32] Broken pipe
2026-01-14 23:35:49,594 - distributed.worker - ERROR - Worker stream died during communication: tcp://192.168.86.137:40125
Traceback (most recent call last):
  File "/home1/zrentala/.conda/envs/zrentala/lib/python3.11/site-packages/tornado/iostream.py", line 962, in _handle_write
    num_bytes = self.write_to_fd(self._write_buffer.peek(size))
                ^^^^^^^^^^^^^^^^^^^^^^^^^^^^^^^^^^^^^^^^^^^^^^^
  File "/home1/zrentala/.conda/envs/zrentala/lib/python3.11/site-packages/tornado/iostream.py", line 1121, in write_to_fd
    return self.socket.send(data)  # type: ignore
           ^^^^^^^^^^^^^^^^^^^^^^
BrokenPipeError: [Errno 32] Broken pipe

The above exception was the direct cause of the following exception:

Traceback (most recent call last):
  File "/home1/zrentala/.conda/envs/zrentala/lib/python3.11/site-packages/distributed/worker.py", line 2081, in gather_dep
    response = await get_data_from_worker(
               ^^^^^^^^^^^^^^^^^^^^^^^^^^^
  File "/home1/zrentala/.conda/envs/zrentala/lib/python3.11/site-packages/distributed/worker.py", line 2887, in get_data_from_worker
    response = await send_recv(
               ^^^^^^^^^^^^^^^^
  File "/home1/zrentala/.conda/envs/zrentala/lib/python3.11/site-packages/distributed/core.py", line 1018, in send_recv
    response = await comm.read(deserializers=deserializers)
               ^^^^^^^^^^^^^^^^^^^^^^^^^^^^^^^^^^^^^^^^^^^^
  File "/home1/zrentala/.conda/envs/zrentala/lib/python3.11/site-packages/distributed/comm/tcp.py", line 237, in read
    convert_stream_closed_error(self, e)
  File "/home1/zrentala/.conda/envs/zrentala/lib/python3.11/site-packages/distributed/comm/tcp.py", line 143, in convert_stream_closed_error
    raise CommClosedError(f"in {obj}: {exc.__class__.__name__}: {exc}") from exc
distributed.comm.core.CommClosedError: in <TCP (closed) Ephemeral Worker->Worker for gather local=tcp://192.168.86.140:58654 remote=tcp://192.168.86.137:40125>: BrokenPipeError: [Errno 32] Broken pipe
2026-01-14 23:35:49,636 - distributed.worker - ERROR - Worker stream died during communication: tcp://192.168.86.145:42071
Traceback (most recent call last):
  File "/home1/zrentala/.conda/envs/zrentala/lib/python3.11/site-packages/tornado/iostream.py", line 962, in _handle_write
    num_bytes = self.write_to_fd(self._write_buffer.peek(size))
                ^^^^^^^^^^^^^^^^^^^^^^^^^^^^^^^^^^^^^^^^^^^^^^^
  File "/home1/zrentala/.conda/envs/zrentala/lib/python3.11/site-packages/tornado/iostream.py", line 1121, in write_to_fd
    return self.socket.send(data)  # type: ignore
           ^^^^^^^^^^^^^^^^^^^^^^
BrokenPipeError: [Errno 32] Broken pipe

The above exception was the direct cause of the following exception:

Traceback (most recent call last):
  File "/home1/zrentala/.conda/envs/zrentala/lib/python3.11/site-packages/distributed/worker.py", line 2081, in gather_dep
    response = await get_data_from_worker(
               ^^^^^^^^^^^^^^^^^^^^^^^^^^^
  File "/home1/zrentala/.conda/envs/zrentala/lib/python3.11/site-packages/distributed/worker.py", line 2887, in get_data_from_worker
    response = await send_recv(
               ^^^^^^^^^^^^^^^^
  File "/home1/zrentala/.conda/envs/zrentala/lib/python3.11/site-packages/distributed/core.py", line 1018, in send_recv
    response = await comm.read(deserializers=deserializers)
               ^^^^^^^^^^^^^^^^^^^^^^^^^^^^^^^^^^^^^^^^^^^^
  File "/home1/zrentala/.conda/envs/zrentala/lib/python3.11/site-packages/distributed/comm/tcp.py", line 237, in read
    convert_stream_closed_error(self, e)
  File "/home1/zrentala/.conda/envs/zrentala/lib/python3.11/site-packages/distributed/comm/tcp.py", line 143, in convert_stream_closed_error
    raise CommClosedError(f"in {obj}: {exc.__class__.__name__}: {exc}") from exc
distributed.comm.core.CommClosedError: in <TCP (closed) Ephemeral Worker->Worker for gather local=tcp://192.168.86.140:60878 remote=tcp://192.168.86.145:42071>: BrokenPipeError: [Errno 32] Broken pipe
2026-01-14 23:35:49,683 - distributed.worker - ERROR - Worker stream died during communication: tcp://192.168.86.124:46861
Traceback (most recent call last):
  File "/home1/zrentala/.conda/envs/zrentala/lib/python3.11/site-packages/tornado/iostream.py", line 962, in _handle_write
    num_bytes = self.write_to_fd(self._write_buffer.peek(size))
                ^^^^^^^^^^^^^^^^^^^^^^^^^^^^^^^^^^^^^^^^^^^^^^^
  File "/home1/zrentala/.conda/envs/zrentala/lib/python3.11/site-packages/tornado/iostream.py", line 1121, in write_to_fd
    return self.socket.send(data)  # type: ignore
           ^^^^^^^^^^^^^^^^^^^^^^
BrokenPipeError: [Errno 32] Broken pipe

The above exception was the direct cause of the following exception:

Traceback (most recent call last):
  File "/home1/zrentala/.conda/envs/zrentala/lib/python3.11/site-packages/distributed/worker.py", line 2081, in gather_dep
    response = await get_data_from_worker(
               ^^^^^^^^^^^^^^^^^^^^^^^^^^^
  File "/home1/zrentala/.conda/envs/zrentala/lib/python3.11/site-packages/distributed/worker.py", line 2887, in get_data_from_worker
    response = await send_recv(
               ^^^^^^^^^^^^^^^^
  File "/home1/zrentala/.conda/envs/zrentala/lib/python3.11/site-packages/distributed/core.py", line 1018, in send_recv
    response = await comm.read(deserializers=deserializers)
               ^^^^^^^^^^^^^^^^^^^^^^^^^^^^^^^^^^^^^^^^^^^^
  File "/home1/zrentala/.conda/envs/zrentala/lib/python3.11/site-packages/distributed/comm/tcp.py", line 237, in read
    convert_stream_closed_error(self, e)
  File "/home1/zrentala/.conda/envs/zrentala/lib/python3.11/site-packages/distributed/comm/tcp.py", line 143, in convert_stream_closed_error
    raise CommClosedError(f"in {obj}: {exc.__class__.__name__}: {exc}") from exc
distributed.comm.core.CommClosedError: in <TCP (closed) Ephemeral Worker->Worker for gather local=tcp://192.168.86.140:53834 remote=tcp://192.168.86.124:46861>: BrokenPipeError: [Errno 32] Broken pipe
2026-01-14 23:35:49,729 - distributed.worker - ERROR - Worker stream died during communication: tcp://192.168.86.144:35211
Traceback (most recent call last):
  File "/home1/zrentala/.conda/envs/zrentala/lib/python3.11/site-packages/tornado/iostream.py", line 962, in _handle_write
    num_bytes = self.write_to_fd(self._write_buffer.peek(size))
                ^^^^^^^^^^^^^^^^^^^^^^^^^^^^^^^^^^^^^^^^^^^^^^^
  File "/home1/zrentala/.conda/envs/zrentala/lib/python3.11/site-packages/tornado/iostream.py", line 1121, in write_to_fd
    return self.socket.send(data)  # type: ignore
           ^^^^^^^^^^^^^^^^^^^^^^
BrokenPipeError: [Errno 32] Broken pipe

The above exception was the direct cause of the following exception:

Traceback (most recent call last):
  File "/home1/zrentala/.conda/envs/zrentala/lib/python3.11/site-packages/distributed/worker.py", line 2081, in gather_dep
    response = await get_data_from_worker(
               ^^^^^^^^^^^^^^^^^^^^^^^^^^^
  File "/home1/zrentala/.conda/envs/zrentala/lib/python3.11/site-packages/distributed/worker.py", line 2887, in get_data_from_worker
    response = await send_recv(
               ^^^^^^^^^^^^^^^^
  File "/home1/zrentala/.conda/envs/zrentala/lib/python3.11/site-packages/distributed/core.py", line 1018, in send_recv
    response = await comm.read(deserializers=deserializers)
               ^^^^^^^^^^^^^^^^^^^^^^^^^^^^^^^^^^^^^^^^^^^^
  File "/home1/zrentala/.conda/envs/zrentala/lib/python3.11/site-packages/distributed/comm/tcp.py", line 237, in read
    convert_stream_closed_error(self, e)
  File "/home1/zrentala/.conda/envs/zrentala/lib/python3.11/site-packages/distributed/comm/tcp.py", line 143, in convert_stream_closed_error
    raise CommClosedError(f"in {obj}: {exc.__class__.__name__}: {exc}") from exc
distributed.comm.core.CommClosedError: in <TCP (closed) Ephemeral Worker->Worker for gather local=tcp://192.168.86.140:42088 remote=tcp://192.168.86.144:35211>: BrokenPipeError: [Errno 32] Broken pipe
2026-01-14 23:35:49,771 - distributed.worker - ERROR - Worker stream died during communication: tcp://192.168.86.143:45953
Traceback (most recent call last):
  File "/home1/zrentala/.conda/envs/zrentala/lib/python3.11/site-packages/tornado/iostream.py", line 962, in _handle_write
    num_bytes = self.write_to_fd(self._write_buffer.peek(size))
                ^^^^^^^^^^^^^^^^^^^^^^^^^^^^^^^^^^^^^^^^^^^^^^^
  File "/home1/zrentala/.conda/envs/zrentala/lib/python3.11/site-packages/tornado/iostream.py", line 1121, in write_to_fd
    return self.socket.send(data)  # type: ignore
           ^^^^^^^^^^^^^^^^^^^^^^
BrokenPipeError: [Errno 32] Broken pipe

The above exception was the direct cause of the following exception:

Traceback (most recent call last):
  File "/home1/zrentala/.conda/envs/zrentala/lib/python3.11/site-packages/distributed/worker.py", line 2081, in gather_dep
    response = await get_data_from_worker(
               ^^^^^^^^^^^^^^^^^^^^^^^^^^^
  File "/home1/zrentala/.conda/envs/zrentala/lib/python3.11/site-packages/distributed/worker.py", line 2887, in get_data_from_worker
    response = await send_recv(
               ^^^^^^^^^^^^^^^^
  File "/home1/zrentala/.conda/envs/zrentala/lib/python3.11/site-packages/distributed/core.py", line 1018, in send_recv
    response = await comm.read(deserializers=deserializers)
               ^^^^^^^^^^^^^^^^^^^^^^^^^^^^^^^^^^^^^^^^^^^^
  File "/home1/zrentala/.conda/envs/zrentala/lib/python3.11/site-packages/distributed/comm/tcp.py", line 237, in read
    convert_stream_closed_error(self, e)
  File "/home1/zrentala/.conda/envs/zrentala/lib/python3.11/site-packages/distributed/comm/tcp.py", line 143, in convert_stream_closed_error
    raise CommClosedError(f"in {obj}: {exc.__class__.__name__}: {exc}") from exc
distributed.comm.core.CommClosedError: in <TCP (closed) Ephemeral Worker->Worker for gather local=tcp://192.168.86.140:48417 remote=tcp://192.168.86.143:45953>: BrokenPipeError: [Errno 32] Broken pipe
2026-01-14 23:35:49,813 - distributed.worker - ERROR - Worker stream died during communication: tcp://192.168.86.119:43080
Traceback (most recent call last):
  File "/home1/zrentala/.conda/envs/zrentala/lib/python3.11/site-packages/tornado/iostream.py", line 962, in _handle_write
    num_bytes = self.write_to_fd(self._write_buffer.peek(size))
                ^^^^^^^^^^^^^^^^^^^^^^^^^^^^^^^^^^^^^^^^^^^^^^^
  File "/home1/zrentala/.conda/envs/zrentala/lib/python3.11/site-packages/tornado/iostream.py", line 1121, in write_to_fd
    return self.socket.send(data)  # type: ignore
           ^^^^^^^^^^^^^^^^^^^^^^
BrokenPipeError: [Errno 32] Broken pipe

The above exception was the direct cause of the following exception:

Traceback (most recent call last):
  File "/home1/zrentala/.conda/envs/zrentala/lib/python3.11/site-packages/distributed/worker.py", line 2081, in gather_dep
    response = await get_data_from_worker(
               ^^^^^^^^^^^^^^^^^^^^^^^^^^^
  File "/home1/zrentala/.conda/envs/zrentala/lib/python3.11/site-packages/distributed/worker.py", line 2887, in get_data_from_worker
    response = await send_recv(
               ^^^^^^^^^^^^^^^^
  File "/home1/zrentala/.conda/envs/zrentala/lib/python3.11/site-packages/distributed/core.py", line 1018, in send_recv
    response = await comm.read(deserializers=deserializers)
               ^^^^^^^^^^^^^^^^^^^^^^^^^^^^^^^^^^^^^^^^^^^^
  File "/home1/zrentala/.conda/envs/zrentala/lib/python3.11/site-packages/distributed/comm/tcp.py", line 237, in read
    convert_stream_closed_error(self, e)
  File "/home1/zrentala/.conda/envs/zrentala/lib/python3.11/site-packages/distributed/comm/tcp.py", line 143, in convert_stream_closed_error
    raise CommClosedError(f"in {obj}: {exc.__class__.__name__}: {exc}") from exc
distributed.comm.core.CommClosedError: in <TCP (closed) Ephemeral Worker->Worker for gather local=tcp://192.168.86.140:53004 remote=tcp://192.168.86.119:43080>: BrokenPipeError: [Errno 32] Broken pipe
2026-01-14 23:35:49,854 - distributed.worker - ERROR - Worker stream died during communication: tcp://192.168.86.123:45441
Traceback (most recent call last):
  File "/home1/zrentala/.conda/envs/zrentala/lib/python3.11/site-packages/tornado/iostream.py", line 962, in _handle_write
    num_bytes = self.write_to_fd(self._write_buffer.peek(size))
                ^^^^^^^^^^^^^^^^^^^^^^^^^^^^^^^^^^^^^^^^^^^^^^^
  File "/home1/zrentala/.conda/envs/zrentala/lib/python3.11/site-packages/tornado/iostream.py", line 1121, in write_to_fd
    return self.socket.send(data)  # type: ignore
           ^^^^^^^^^^^^^^^^^^^^^^
BrokenPipeError: [Errno 32] Broken pipe

The above exception was the direct cause of the following exception:

Traceback (most recent call last):
  File "/home1/zrentala/.conda/envs/zrentala/lib/python3.11/site-packages/distributed/worker.py", line 2081, in gather_dep
    response = await get_data_from_worker(
               ^^^^^^^^^^^^^^^^^^^^^^^^^^^
  File "/home1/zrentala/.conda/envs/zrentala/lib/python3.11/site-packages/distributed/worker.py", line 2887, in get_data_from_worker
    response = await send_recv(
               ^^^^^^^^^^^^^^^^
  File "/home1/zrentala/.conda/envs/zrentala/lib/python3.11/site-packages/distributed/core.py", line 1018, in send_recv
    response = await comm.read(deserializers=deserializers)
               ^^^^^^^^^^^^^^^^^^^^^^^^^^^^^^^^^^^^^^^^^^^^
  File "/home1/zrentala/.conda/envs/zrentala/lib/python3.11/site-packages/distributed/comm/tcp.py", line 237, in read
    convert_stream_closed_error(self, e)
  File "/home1/zrentala/.conda/envs/zrentala/lib/python3.11/site-packages/distributed/comm/tcp.py", line 143, in convert_stream_closed_error
    raise CommClosedError(f"in {obj}: {exc.__class__.__name__}: {exc}") from exc
distributed.comm.core.CommClosedError: in <TCP (closed) Ephemeral Worker->Worker for gather local=tcp://192.168.86.140:33730 remote=tcp://192.168.86.123:45441>: BrokenPipeError: [Errno 32] Broken pipe
2026-01-14 23:35:49,896 - distributed.worker - ERROR - Worker stream died during communication: tcp://192.168.86.133:46497
Traceback (most recent call last):
  File "/home1/zrentala/.conda/envs/zrentala/lib/python3.11/site-packages/tornado/iostream.py", line 962, in _handle_write
    num_bytes = self.write_to_fd(self._write_buffer.peek(size))
                ^^^^^^^^^^^^^^^^^^^^^^^^^^^^^^^^^^^^^^^^^^^^^^^
  File "/home1/zrentala/.conda/envs/zrentala/lib/python3.11/site-packages/tornado/iostream.py", line 1121, in write_to_fd
    return self.socket.send(data)  # type: ignore
           ^^^^^^^^^^^^^^^^^^^^^^
BrokenPipeError: [Errno 32] Broken pipe

The above exception was the direct cause of the following exception:

Traceback (most recent call last):
  File "/home1/zrentala/.conda/envs/zrentala/lib/python3.11/site-packages/distributed/worker.py", line 2081, in gather_dep
    response = await get_data_from_worker(
               ^^^^^^^^^^^^^^^^^^^^^^^^^^^
  File "/home1/zrentala/.conda/envs/zrentala/lib/python3.11/site-packages/distributed/worker.py", line 2887, in get_data_from_worker
    response = await send_recv(
               ^^^^^^^^^^^^^^^^
  File "/home1/zrentala/.conda/envs/zrentala/lib/python3.11/site-packages/distributed/core.py", line 1018, in send_recv
    response = await comm.read(deserializers=deserializers)
               ^^^^^^^^^^^^^^^^^^^^^^^^^^^^^^^^^^^^^^^^^^^^
  File "/home1/zrentala/.conda/envs/zrentala/lib/python3.11/site-packages/distributed/comm/tcp.py", line 237, in read
    convert_stream_closed_error(self, e)
  File "/home1/zrentala/.conda/envs/zrentala/lib/python3.11/site-packages/distributed/comm/tcp.py", line 143, in convert_stream_closed_error
    raise CommClosedError(f"in {obj}: {exc.__class__.__name__}: {exc}") from exc
distributed.comm.core.CommClosedError: in <TCP (closed) Ephemeral Worker->Worker for gather local=tcp://192.168.86.140:54412 remote=tcp://192.168.86.133:46497>: BrokenPipeError: [Errno 32] Broken pipe
2026-01-14 23:35:49,943 - distributed.worker - ERROR - Worker stream died during communication: tcp://192.168.86.118:34320
Traceback (most recent call last):
  File "/home1/zrentala/.conda/envs/zrentala/lib/python3.11/site-packages/tornado/iostream.py", line 962, in _handle_write
    num_bytes = self.write_to_fd(self._write_buffer.peek(size))
                ^^^^^^^^^^^^^^^^^^^^^^^^^^^^^^^^^^^^^^^^^^^^^^^
  File "/home1/zrentala/.conda/envs/zrentala/lib/python3.11/site-packages/tornado/iostream.py", line 1121, in write_to_fd
    return self.socket.send(data)  # type: ignore
           ^^^^^^^^^^^^^^^^^^^^^^
BrokenPipeError: [Errno 32] Broken pipe

The above exception was the direct cause of the following exception:

Traceback (most recent call last):
  File "/home1/zrentala/.conda/envs/zrentala/lib/python3.11/site-packages/distributed/worker.py", line 2081, in gather_dep
    response = await get_data_from_worker(
               ^^^^^^^^^^^^^^^^^^^^^^^^^^^
  File "/home1/zrentala/.conda/envs/zrentala/lib/python3.11/site-packages/distributed/worker.py", line 2887, in get_data_from_worker
    response = await send_recv(
               ^^^^^^^^^^^^^^^^
  File "/home1/zrentala/.conda/envs/zrentala/lib/python3.11/site-packages/distributed/core.py", line 1018, in send_recv
    response = await comm.read(deserializers=deserializers)
               ^^^^^^^^^^^^^^^^^^^^^^^^^^^^^^^^^^^^^^^^^^^^
  File "/home1/zrentala/.conda/envs/zrentala/lib/python3.11/site-packages/distributed/comm/tcp.py", line 237, in read
    convert_stream_closed_error(self, e)
  File "/home1/zrentala/.conda/envs/zrentala/lib/python3.11/site-packages/distributed/comm/tcp.py", line 143, in convert_stream_closed_error
    raise CommClosedError(f"in {obj}: {exc.__class__.__name__}: {exc}") from exc
distributed.comm.core.CommClosedError: in <TCP (closed) Ephemeral Worker->Worker for gather local=tcp://192.168.86.140:35522 remote=tcp://192.168.86.118:34320>: BrokenPipeError: [Errno 32] Broken pipe
2026-01-14 23:35:49,985 - distributed.worker - ERROR - Worker stream died during communication: tcp://192.168.86.125:44879
Traceback (most recent call last):
  File "/home1/zrentala/.conda/envs/zrentala/lib/python3.11/site-packages/tornado/iostream.py", line 962, in _handle_write
    num_bytes = self.write_to_fd(self._write_buffer.peek(size))
                ^^^^^^^^^^^^^^^^^^^^^^^^^^^^^^^^^^^^^^^^^^^^^^^
  File "/home1/zrentala/.conda/envs/zrentala/lib/python3.11/site-packages/tornado/iostream.py", line 1121, in write_to_fd
    return self.socket.send(data)  # type: ignore
           ^^^^^^^^^^^^^^^^^^^^^^
BrokenPipeError: [Errno 32] Broken pipe

The above exception was the direct cause of the following exception:

Traceback (most recent call last):
  File "/home1/zrentala/.conda/envs/zrentala/lib/python3.11/site-packages/distributed/worker.py", line 2081, in gather_dep
    response = await get_data_from_worker(
               ^^^^^^^^^^^^^^^^^^^^^^^^^^^
  File "/home1/zrentala/.conda/envs/zrentala/lib/python3.11/site-packages/distributed/worker.py", line 2887, in get_data_from_worker
    response = await send_recv(
               ^^^^^^^^^^^^^^^^
  File "/home1/zrentala/.conda/envs/zrentala/lib/python3.11/site-packages/distributed/core.py", line 1018, in send_recv
    response = await comm.read(deserializers=deserializers)
               ^^^^^^^^^^^^^^^^^^^^^^^^^^^^^^^^^^^^^^^^^^^^
  File "/home1/zrentala/.conda/envs/zrentala/lib/python3.11/site-packages/distributed/comm/tcp.py", line 237, in read
    convert_stream_closed_error(self, e)
  File "/home1/zrentala/.conda/envs/zrentala/lib/python3.11/site-packages/distributed/comm/tcp.py", line 143, in convert_stream_closed_error
    raise CommClosedError(f"in {obj}: {exc.__class__.__name__}: {exc}") from exc
distributed.comm.core.CommClosedError: in <TCP (closed) Ephemeral Worker->Worker for gather local=tcp://192.168.86.140:43414 remote=tcp://192.168.86.125:44879>: BrokenPipeError: [Errno 32] Broken pipe
2026-01-14 23:35:50,026 - distributed.worker - ERROR - Worker stream died during communication: tcp://192.168.86.136:36960
Traceback (most recent call last):
  File "/home1/zrentala/.conda/envs/zrentala/lib/python3.11/site-packages/tornado/iostream.py", line 962, in _handle_write
    num_bytes = self.write_to_fd(self._write_buffer.peek(size))
                ^^^^^^^^^^^^^^^^^^^^^^^^^^^^^^^^^^^^^^^^^^^^^^^
  File "/home1/zrentala/.conda/envs/zrentala/lib/python3.11/site-packages/tornado/iostream.py", line 1121, in write_to_fd
    return self.socket.send(data)  # type: ignore
           ^^^^^^^^^^^^^^^^^^^^^^
BrokenPipeError: [Errno 32] Broken pipe

The above exception was the direct cause of the following exception:

Traceback (most recent call last):
  File "/home1/zrentala/.conda/envs/zrentala/lib/python3.11/site-packages/distributed/worker.py", line 2081, in gather_dep
    response = await get_data_from_worker(
               ^^^^^^^^^^^^^^^^^^^^^^^^^^^
  File "/home1/zrentala/.conda/envs/zrentala/lib/python3.11/site-packages/distributed/worker.py", line 2887, in get_data_from_worker
    response = await send_recv(
               ^^^^^^^^^^^^^^^^
  File "/home1/zrentala/.conda/envs/zrentala/lib/python3.11/site-packages/distributed/core.py", line 1018, in send_recv
    response = await comm.read(deserializers=deserializers)
               ^^^^^^^^^^^^^^^^^^^^^^^^^^^^^^^^^^^^^^^^^^^^
  File "/home1/zrentala/.conda/envs/zrentala/lib/python3.11/site-packages/distributed/comm/tcp.py", line 237, in read
    convert_stream_closed_error(self, e)
  File "/home1/zrentala/.conda/envs/zrentala/lib/python3.11/site-packages/distributed/comm/tcp.py", line 143, in convert_stream_closed_error
    raise CommClosedError(f"in {obj}: {exc.__class__.__name__}: {exc}") from exc
distributed.comm.core.CommClosedError: in <TCP (closed) Ephemeral Worker->Worker for gather local=tcp://192.168.86.140:37454 remote=tcp://192.168.86.136:36960>: BrokenPipeError: [Errno 32] Broken pipe
2026-01-14 23:35:50,068 - distributed.worker - ERROR - Worker stream died during communication: tcp://192.168.86.142:40218
Traceback (most recent call last):
  File "/home1/zrentala/.conda/envs/zrentala/lib/python3.11/site-packages/tornado/iostream.py", line 962, in _handle_write
    num_bytes = self.write_to_fd(self._write_buffer.peek(size))
                ^^^^^^^^^^^^^^^^^^^^^^^^^^^^^^^^^^^^^^^^^^^^^^^
  File "/home1/zrentala/.conda/envs/zrentala/lib/python3.11/site-packages/tornado/iostream.py", line 1121, in write_to_fd
    return self.socket.send(data)  # type: ignore
           ^^^^^^^^^^^^^^^^^^^^^^
BrokenPipeError: [Errno 32] Broken pipe

The above exception was the direct cause of the following exception:

Traceback (most recent call last):
  File "/home1/zrentala/.conda/envs/zrentala/lib/python3.11/site-packages/distributed/worker.py", line 2081, in gather_dep
    response = await get_data_from_worker(
               ^^^^^^^^^^^^^^^^^^^^^^^^^^^
  File "/home1/zrentala/.conda/envs/zrentala/lib/python3.11/site-packages/distributed/worker.py", line 2887, in get_data_from_worker
    response = await send_recv(
               ^^^^^^^^^^^^^^^^
  File "/home1/zrentala/.conda/envs/zrentala/lib/python3.11/site-packages/distributed/core.py", line 1018, in send_recv
    response = await comm.read(deserializers=deserializers)
               ^^^^^^^^^^^^^^^^^^^^^^^^^^^^^^^^^^^^^^^^^^^^
  File "/home1/zrentala/.conda/envs/zrentala/lib/python3.11/site-packages/distributed/comm/tcp.py", line 237, in read
    convert_stream_closed_error(self, e)
  File "/home1/zrentala/.conda/envs/zrentala/lib/python3.11/site-packages/distributed/comm/tcp.py", line 143, in convert_stream_closed_error
    raise CommClosedError(f"in {obj}: {exc.__class__.__name__}: {exc}") from exc
distributed.comm.core.CommClosedError: in <TCP (closed) Ephemeral Worker->Worker for gather local=tcp://192.168.86.140:42812 remote=tcp://192.168.86.142:40218>: BrokenPipeError: [Errno 32] Broken pipe
2026-01-14 23:35:50,110 - distributed.worker - ERROR - Worker stream died during communication: tcp://192.168.86.120:34840
Traceback (most recent call last):
  File "/home1/zrentala/.conda/envs/zrentala/lib/python3.11/site-packages/tornado/iostream.py", line 962, in _handle_write
    num_bytes = self.write_to_fd(self._write_buffer.peek(size))
                ^^^^^^^^^^^^^^^^^^^^^^^^^^^^^^^^^^^^^^^^^^^^^^^
  File "/home1/zrentala/.conda/envs/zrentala/lib/python3.11/site-packages/tornado/iostream.py", line 1121, in write_to_fd
    return self.socket.send(data)  # type: ignore
           ^^^^^^^^^^^^^^^^^^^^^^
BrokenPipeError: [Errno 32] Broken pipe

The above exception was the direct cause of the following exception:

Traceback (most recent call last):
  File "/home1/zrentala/.conda/envs/zrentala/lib/python3.11/site-packages/distributed/worker.py", line 2081, in gather_dep
    response = await get_data_from_worker(
               ^^^^^^^^^^^^^^^^^^^^^^^^^^^
  File "/home1/zrentala/.conda/envs/zrentala/lib/python3.11/site-packages/distributed/worker.py", line 2887, in get_data_from_worker
    response = await send_recv(
               ^^^^^^^^^^^^^^^^
  File "/home1/zrentala/.conda/envs/zrentala/lib/python3.11/site-packages/distributed/core.py", line 1018, in send_recv
    response = await comm.read(deserializers=deserializers)
               ^^^^^^^^^^^^^^^^^^^^^^^^^^^^^^^^^^^^^^^^^^^^
  File "/home1/zrentala/.conda/envs/zrentala/lib/python3.11/site-packages/distributed/comm/tcp.py", line 237, in read
    convert_stream_closed_error(self, e)
  File "/home1/zrentala/.conda/envs/zrentala/lib/python3.11/site-packages/distributed/comm/tcp.py", line 143, in convert_stream_closed_error
    raise CommClosedError(f"in {obj}: {exc.__class__.__name__}: {exc}") from exc
distributed.comm.core.CommClosedError: in <TCP (closed) Ephemeral Worker->Worker for gather local=tcp://192.168.86.140:42972 remote=tcp://192.168.86.120:34840>: BrokenPipeError: [Errno 32] Broken pipe
2026-01-14 23:35:50,151 - distributed.worker - ERROR - Worker stream died during communication: tcp://192.168.86.137:38156
Traceback (most recent call last):
  File "/home1/zrentala/.conda/envs/zrentala/lib/python3.11/site-packages/tornado/iostream.py", line 962, in _handle_write
    num_bytes = self.write_to_fd(self._write_buffer.peek(size))
                ^^^^^^^^^^^^^^^^^^^^^^^^^^^^^^^^^^^^^^^^^^^^^^^
  File "/home1/zrentala/.conda/envs/zrentala/lib/python3.11/site-packages/tornado/iostream.py", line 1121, in write_to_fd
    return self.socket.send(data)  # type: ignore
           ^^^^^^^^^^^^^^^^^^^^^^
BrokenPipeError: [Errno 32] Broken pipe

The above exception was the direct cause of the following exception:

Traceback (most recent call last):
  File "/home1/zrentala/.conda/envs/zrentala/lib/python3.11/site-packages/distributed/worker.py", line 2081, in gather_dep
    response = await get_data_from_worker(
               ^^^^^^^^^^^^^^^^^^^^^^^^^^^
  File "/home1/zrentala/.conda/envs/zrentala/lib/python3.11/site-packages/distributed/worker.py", line 2887, in get_data_from_worker
    response = await send_recv(
               ^^^^^^^^^^^^^^^^
  File "/home1/zrentala/.conda/envs/zrentala/lib/python3.11/site-packages/distributed/core.py", line 1018, in send_recv
    response = await comm.read(deserializers=deserializers)
               ^^^^^^^^^^^^^^^^^^^^^^^^^^^^^^^^^^^^^^^^^^^^
  File "/home1/zrentala/.conda/envs/zrentala/lib/python3.11/site-packages/distributed/comm/tcp.py", line 237, in read
    convert_stream_closed_error(self, e)
  File "/home1/zrentala/.conda/envs/zrentala/lib/python3.11/site-packages/distributed/comm/tcp.py", line 143, in convert_stream_closed_error
    raise CommClosedError(f"in {obj}: {exc.__class__.__name__}: {exc}") from exc
distributed.comm.core.CommClosedError: in <TCP (closed) Ephemeral Worker->Worker for gather local=tcp://192.168.86.140:39758 remote=tcp://192.168.86.137:38156>: BrokenPipeError: [Errno 32] Broken pipe
2026-01-14 23:35:50,193 - distributed.worker - ERROR - Worker stream died during communication: tcp://192.168.86.121:37132
Traceback (most recent call last):
  File "/home1/zrentala/.conda/envs/zrentala/lib/python3.11/site-packages/tornado/iostream.py", line 962, in _handle_write
    num_bytes = self.write_to_fd(self._write_buffer.peek(size))
                ^^^^^^^^^^^^^^^^^^^^^^^^^^^^^^^^^^^^^^^^^^^^^^^
  File "/home1/zrentala/.conda/envs/zrentala/lib/python3.11/site-packages/tornado/iostream.py", line 1121, in write_to_fd
    return self.socket.send(data)  # type: ignore
           ^^^^^^^^^^^^^^^^^^^^^^
BrokenPipeError: [Errno 32] Broken pipe

The above exception was the direct cause of the following exception:

Traceback (most recent call last):
  File "/home1/zrentala/.conda/envs/zrentala/lib/python3.11/site-packages/distributed/worker.py", line 2081, in gather_dep
    response = await get_data_from_worker(
               ^^^^^^^^^^^^^^^^^^^^^^^^^^^
  File "/home1/zrentala/.conda/envs/zrentala/lib/python3.11/site-packages/distributed/worker.py", line 2887, in get_data_from_worker
    response = await send_recv(
               ^^^^^^^^^^^^^^^^
  File "/home1/zrentala/.conda/envs/zrentala/lib/python3.11/site-packages/distributed/core.py", line 1018, in send_recv
    response = await comm.read(deserializers=deserializers)
               ^^^^^^^^^^^^^^^^^^^^^^^^^^^^^^^^^^^^^^^^^^^^
  File "/home1/zrentala/.conda/envs/zrentala/lib/python3.11/site-packages/distributed/comm/tcp.py", line 237, in read
    convert_stream_closed_error(self, e)
  File "/home1/zrentala/.conda/envs/zrentala/lib/python3.11/site-packages/distributed/comm/tcp.py", line 143, in convert_stream_closed_error
    raise CommClosedError(f"in {obj}: {exc.__class__.__name__}: {exc}") from exc
distributed.comm.core.CommClosedError: in <TCP (closed) Ephemeral Worker->Worker for gather local=tcp://192.168.86.140:42796 remote=tcp://192.168.86.121:37132>: BrokenPipeError: [Errno 32] Broken pipe
2026-01-14 23:35:50,240 - distributed.worker - ERROR - Worker stream died during communication: tcp://192.168.86.120:41852
Traceback (most recent call last):
  File "/home1/zrentala/.conda/envs/zrentala/lib/python3.11/site-packages/tornado/iostream.py", line 962, in _handle_write
    num_bytes = self.write_to_fd(self._write_buffer.peek(size))
                ^^^^^^^^^^^^^^^^^^^^^^^^^^^^^^^^^^^^^^^^^^^^^^^
  File "/home1/zrentala/.conda/envs/zrentala/lib/python3.11/site-packages/tornado/iostream.py", line 1121, in write_to_fd
    return self.socket.send(data)  # type: ignore
           ^^^^^^^^^^^^^^^^^^^^^^
BrokenPipeError: [Errno 32] Broken pipe

The above exception was the direct cause of the following exception:

Traceback (most recent call last):
  File "/home1/zrentala/.conda/envs/zrentala/lib/python3.11/site-packages/distributed/worker.py", line 2081, in gather_dep
    response = await get_data_from_worker(
               ^^^^^^^^^^^^^^^^^^^^^^^^^^^
  File "/home1/zrentala/.conda/envs/zrentala/lib/python3.11/site-packages/distributed/worker.py", line 2887, in get_data_from_worker
    response = await send_recv(
               ^^^^^^^^^^^^^^^^
  File "/home1/zrentala/.conda/envs/zrentala/lib/python3.11/site-packages/distributed/core.py", line 1018, in send_recv
    response = await comm.read(deserializers=deserializers)
               ^^^^^^^^^^^^^^^^^^^^^^^^^^^^^^^^^^^^^^^^^^^^
  File "/home1/zrentala/.conda/envs/zrentala/lib/python3.11/site-packages/distributed/comm/tcp.py", line 237, in read
    convert_stream_closed_error(self, e)
  File "/home1/zrentala/.conda/envs/zrentala/lib/python3.11/site-packages/distributed/comm/tcp.py", line 143, in convert_stream_closed_error
    raise CommClosedError(f"in {obj}: {exc.__class__.__name__}: {exc}") from exc
distributed.comm.core.CommClosedError: in <TCP (closed) Ephemeral Worker->Worker for gather local=tcp://192.168.86.140:53452 remote=tcp://192.168.86.120:41852>: BrokenPipeError: [Errno 32] Broken pipe
2026-01-14 23:35:50,281 - distributed.worker - ERROR - Worker stream died during communication: tcp://192.168.86.124:45998
Traceback (most recent call last):
  File "/home1/zrentala/.conda/envs/zrentala/lib/python3.11/site-packages/tornado/iostream.py", line 962, in _handle_write
    num_bytes = self.write_to_fd(self._write_buffer.peek(size))
                ^^^^^^^^^^^^^^^^^^^^^^^^^^^^^^^^^^^^^^^^^^^^^^^
  File "/home1/zrentala/.conda/envs/zrentala/lib/python3.11/site-packages/tornado/iostream.py", line 1121, in write_to_fd
    return self.socket.send(data)  # type: ignore
           ^^^^^^^^^^^^^^^^^^^^^^
BrokenPipeError: [Errno 32] Broken pipe

The above exception was the direct cause of the following exception:

Traceback (most recent call last):
  File "/home1/zrentala/.conda/envs/zrentala/lib/python3.11/site-packages/distributed/worker.py", line 2081, in gather_dep
    response = await get_data_from_worker(
               ^^^^^^^^^^^^^^^^^^^^^^^^^^^
  File "/home1/zrentala/.conda/envs/zrentala/lib/python3.11/site-packages/distributed/worker.py", line 2887, in get_data_from_worker
    response = await send_recv(
               ^^^^^^^^^^^^^^^^
  File "/home1/zrentala/.conda/envs/zrentala/lib/python3.11/site-packages/distributed/core.py", line 1018, in send_recv
    response = await comm.read(deserializers=deserializers)
               ^^^^^^^^^^^^^^^^^^^^^^^^^^^^^^^^^^^^^^^^^^^^
  File "/home1/zrentala/.conda/envs/zrentala/lib/python3.11/site-packages/distributed/comm/tcp.py", line 237, in read
    convert_stream_closed_error(self, e)
  File "/home1/zrentala/.conda/envs/zrentala/lib/python3.11/site-packages/distributed/comm/tcp.py", line 143, in convert_stream_closed_error
    raise CommClosedError(f"in {obj}: {exc.__class__.__name__}: {exc}") from exc
distributed.comm.core.CommClosedError: in <TCP (closed) Ephemeral Worker->Worker for gather local=tcp://192.168.86.140:43280 remote=tcp://192.168.86.124:45998>: BrokenPipeError: [Errno 32] Broken pipe
2026-01-14 23:35:50,323 - distributed.worker - ERROR - Worker stream died during communication: tcp://192.168.86.124:40872
Traceback (most recent call last):
  File "/home1/zrentala/.conda/envs/zrentala/lib/python3.11/site-packages/tornado/iostream.py", line 962, in _handle_write
    num_bytes = self.write_to_fd(self._write_buffer.peek(size))
                ^^^^^^^^^^^^^^^^^^^^^^^^^^^^^^^^^^^^^^^^^^^^^^^
  File "/home1/zrentala/.conda/envs/zrentala/lib/python3.11/site-packages/tornado/iostream.py", line 1121, in write_to_fd
    return self.socket.send(data)  # type: ignore
           ^^^^^^^^^^^^^^^^^^^^^^
BrokenPipeError: [Errno 32] Broken pipe

The above exception was the direct cause of the following exception:

Traceback (most recent call last):
  File "/home1/zrentala/.conda/envs/zrentala/lib/python3.11/site-packages/distributed/worker.py", line 2081, in gather_dep
    response = await get_data_from_worker(
               ^^^^^^^^^^^^^^^^^^^^^^^^^^^
  File "/home1/zrentala/.conda/envs/zrentala/lib/python3.11/site-packages/distributed/worker.py", line 2887, in get_data_from_worker
    response = await send_recv(
               ^^^^^^^^^^^^^^^^
  File "/home1/zrentala/.conda/envs/zrentala/lib/python3.11/site-packages/distributed/core.py", line 1018, in send_recv
    response = await comm.read(deserializers=deserializers)
               ^^^^^^^^^^^^^^^^^^^^^^^^^^^^^^^^^^^^^^^^^^^^
  File "/home1/zrentala/.conda/envs/zrentala/lib/python3.11/site-packages/distributed/comm/tcp.py", line 237, in read
    convert_stream_closed_error(self, e)
  File "/home1/zrentala/.conda/envs/zrentala/lib/python3.11/site-packages/distributed/comm/tcp.py", line 143, in convert_stream_closed_error
    raise CommClosedError(f"in {obj}: {exc.__class__.__name__}: {exc}") from exc
distributed.comm.core.CommClosedError: in <TCP (closed) Ephemeral Worker->Worker for gather local=tcp://192.168.86.140:44502 remote=tcp://192.168.86.124:40872>: BrokenPipeError: [Errno 32] Broken pipe
2026-01-14 23:35:50,370 - distributed.worker - ERROR - Worker stream died during communication: tcp://192.168.86.124:34201
Traceback (most recent call last):
  File "/home1/zrentala/.conda/envs/zrentala/lib/python3.11/site-packages/tornado/iostream.py", line 962, in _handle_write
    num_bytes = self.write_to_fd(self._write_buffer.peek(size))
                ^^^^^^^^^^^^^^^^^^^^^^^^^^^^^^^^^^^^^^^^^^^^^^^
  File "/home1/zrentala/.conda/envs/zrentala/lib/python3.11/site-packages/tornado/iostream.py", line 1121, in write_to_fd
    return self.socket.send(data)  # type: ignore
           ^^^^^^^^^^^^^^^^^^^^^^
BrokenPipeError: [Errno 32] Broken pipe

The above exception was the direct cause of the following exception:

Traceback (most recent call last):
  File "/home1/zrentala/.conda/envs/zrentala/lib/python3.11/site-packages/distributed/worker.py", line 2081, in gather_dep
    response = await get_data_from_worker(
               ^^^^^^^^^^^^^^^^^^^^^^^^^^^
  File "/home1/zrentala/.conda/envs/zrentala/lib/python3.11/site-packages/distributed/worker.py", line 2887, in get_data_from_worker
    response = await send_recv(
               ^^^^^^^^^^^^^^^^
  File "/home1/zrentala/.conda/envs/zrentala/lib/python3.11/site-packages/distributed/core.py", line 1018, in send_recv
    response = await comm.read(deserializers=deserializers)
               ^^^^^^^^^^^^^^^^^^^^^^^^^^^^^^^^^^^^^^^^^^^^
  File "/home1/zrentala/.conda/envs/zrentala/lib/python3.11/site-packages/distributed/comm/tcp.py", line 237, in read
    convert_stream_closed_error(self, e)
  File "/home1/zrentala/.conda/envs/zrentala/lib/python3.11/site-packages/distributed/comm/tcp.py", line 143, in convert_stream_closed_error
    raise CommClosedError(f"in {obj}: {exc.__class__.__name__}: {exc}") from exc
distributed.comm.core.CommClosedError: in <TCP (closed) Ephemeral Worker->Worker for gather local=tcp://192.168.86.140:50598 remote=tcp://192.168.86.124:34201>: BrokenPipeError: [Errno 32] Broken pipe
2026-01-14 23:35:50,401 - distributed.worker - ERROR - Worker stream died during communication: tcp://192.168.86.125:34395
Traceback (most recent call last):
  File "/home1/zrentala/.conda/envs/zrentala/lib/python3.11/site-packages/tornado/iostream.py", line 962, in _handle_write
    num_bytes = self.write_to_fd(self._write_buffer.peek(size))
                ^^^^^^^^^^^^^^^^^^^^^^^^^^^^^^^^^^^^^^^^^^^^^^^
  File "/home1/zrentala/.conda/envs/zrentala/lib/python3.11/site-packages/tornado/iostream.py", line 1121, in write_to_fd
    return self.socket.send(data)  # type: ignore
           ^^^^^^^^^^^^^^^^^^^^^^
BrokenPipeError: [Errno 32] Broken pipe

The above exception was the direct cause of the following exception:

Traceback (most recent call last):
  File "/home1/zrentala/.conda/envs/zrentala/lib/python3.11/site-packages/distributed/worker.py", line 2081, in gather_dep
    response = await get_data_from_worker(
               ^^^^^^^^^^^^^^^^^^^^^^^^^^^
  File "/home1/zrentala/.conda/envs/zrentala/lib/python3.11/site-packages/distributed/worker.py", line 2887, in get_data_from_worker
    response = await send_recv(
               ^^^^^^^^^^^^^^^^
  File "/home1/zrentala/.conda/envs/zrentala/lib/python3.11/site-packages/distributed/core.py", line 1018, in send_recv
    response = await comm.read(deserializers=deserializers)
               ^^^^^^^^^^^^^^^^^^^^^^^^^^^^^^^^^^^^^^^^^^^^
  File "/home1/zrentala/.conda/envs/zrentala/lib/python3.11/site-packages/distributed/comm/tcp.py", line 237, in read
    convert_stream_closed_error(self, e)
  File "/home1/zrentala/.conda/envs/zrentala/lib/python3.11/site-packages/distributed/comm/tcp.py", line 143, in convert_stream_closed_error
    raise CommClosedError(f"in {obj}: {exc.__class__.__name__}: {exc}") from exc
distributed.comm.core.CommClosedError: in <TCP (closed) Ephemeral Worker->Worker for gather local=tcp://192.168.86.140:42210 remote=tcp://192.168.86.125:34395>: BrokenPipeError: [Errno 32] Broken pipe
2026-01-14 23:35:50,423 - distributed.worker - ERROR - Worker stream died during communication: tcp://192.168.86.120:41797
Traceback (most recent call last):
  File "/home1/zrentala/.conda/envs/zrentala/lib/python3.11/site-packages/tornado/iostream.py", line 962, in _handle_write
    num_bytes = self.write_to_fd(self._write_buffer.peek(size))
                ^^^^^^^^^^^^^^^^^^^^^^^^^^^^^^^^^^^^^^^^^^^^^^^
  File "/home1/zrentala/.conda/envs/zrentala/lib/python3.11/site-packages/tornado/iostream.py", line 1121, in write_to_fd
    return self.socket.send(data)  # type: ignore
           ^^^^^^^^^^^^^^^^^^^^^^
BrokenPipeError: [Errno 32] Broken pipe

The above exception was the direct cause of the following exception:

Traceback (most recent call last):
  File "/home1/zrentala/.conda/envs/zrentala/lib/python3.11/site-packages/distributed/worker.py", line 2081, in gather_dep
    response = await get_data_from_worker(
               ^^^^^^^^^^^^^^^^^^^^^^^^^^^
  File "/home1/zrentala/.conda/envs/zrentala/lib/python3.11/site-packages/distributed/worker.py", line 2887, in get_data_from_worker
    response = await send_recv(
               ^^^^^^^^^^^^^^^^
  File "/home1/zrentala/.conda/envs/zrentala/lib/python3.11/site-packages/distributed/core.py", line 1018, in send_recv
    response = await comm.read(deserializers=deserializers)
               ^^^^^^^^^^^^^^^^^^^^^^^^^^^^^^^^^^^^^^^^^^^^
  File "/home1/zrentala/.conda/envs/zrentala/lib/python3.11/site-packages/distributed/comm/tcp.py", line 237, in read
    convert_stream_closed_error(self, e)
  File "/home1/zrentala/.conda/envs/zrentala/lib/python3.11/site-packages/distributed/comm/tcp.py", line 143, in convert_stream_closed_error
    raise CommClosedError(f"in {obj}: {exc.__class__.__name__}: {exc}") from exc
distributed.comm.core.CommClosedError: in <TCP (closed) Ephemeral Worker->Worker for gather local=tcp://192.168.86.140:38364 remote=tcp://192.168.86.120:41797>: BrokenPipeError: [Errno 32] Broken pipe
2026-01-14 23:35:50,464 - distributed.worker - ERROR - Worker stream died during communication: tcp://192.168.86.137:34516
Traceback (most recent call last):
  File "/home1/zrentala/.conda/envs/zrentala/lib/python3.11/site-packages/tornado/iostream.py", line 962, in _handle_write
    num_bytes = self.write_to_fd(self._write_buffer.peek(size))
                ^^^^^^^^^^^^^^^^^^^^^^^^^^^^^^^^^^^^^^^^^^^^^^^
  File "/home1/zrentala/.conda/envs/zrentala/lib/python3.11/site-packages/tornado/iostream.py", line 1121, in write_to_fd
    return self.socket.send(data)  # type: ignore
           ^^^^^^^^^^^^^^^^^^^^^^
BrokenPipeError: [Errno 32] Broken pipe

The above exception was the direct cause of the following exception:

Traceback (most recent call last):
  File "/home1/zrentala/.conda/envs/zrentala/lib/python3.11/site-packages/distributed/worker.py", line 2081, in gather_dep
    response = await get_data_from_worker(
               ^^^^^^^^^^^^^^^^^^^^^^^^^^^
  File "/home1/zrentala/.conda/envs/zrentala/lib/python3.11/site-packages/distributed/worker.py", line 2887, in get_data_from_worker
    response = await send_recv(
               ^^^^^^^^^^^^^^^^
  File "/home1/zrentala/.conda/envs/zrentala/lib/python3.11/site-packages/distributed/core.py", line 1018, in send_recv
    response = await comm.read(deserializers=deserializers)
               ^^^^^^^^^^^^^^^^^^^^^^^^^^^^^^^^^^^^^^^^^^^^
  File "/home1/zrentala/.conda/envs/zrentala/lib/python3.11/site-packages/distributed/comm/tcp.py", line 237, in read
    convert_stream_closed_error(self, e)
  File "/home1/zrentala/.conda/envs/zrentala/lib/python3.11/site-packages/distributed/comm/tcp.py", line 143, in convert_stream_closed_error
    raise CommClosedError(f"in {obj}: {exc.__class__.__name__}: {exc}") from exc
distributed.comm.core.CommClosedError: in <TCP (closed) Ephemeral Worker->Worker for gather local=tcp://192.168.86.140:55940 remote=tcp://192.168.86.137:34516>: BrokenPipeError: [Errno 32] Broken pipe
2026-01-14 23:35:50,506 - distributed.worker - ERROR - Worker stream died during communication: tcp://192.168.86.144:46866
Traceback (most recent call last):
  File "/home1/zrentala/.conda/envs/zrentala/lib/python3.11/site-packages/tornado/iostream.py", line 962, in _handle_write
    num_bytes = self.write_to_fd(self._write_buffer.peek(size))
                ^^^^^^^^^^^^^^^^^^^^^^^^^^^^^^^^^^^^^^^^^^^^^^^
  File "/home1/zrentala/.conda/envs/zrentala/lib/python3.11/site-packages/tornado/iostream.py", line 1121, in write_to_fd
    return self.socket.send(data)  # type: ignore
           ^^^^^^^^^^^^^^^^^^^^^^
BrokenPipeError: [Errno 32] Broken pipe

The above exception was the direct cause of the following exception:

Traceback (most recent call last):
  File "/home1/zrentala/.conda/envs/zrentala/lib/python3.11/site-packages/distributed/worker.py", line 2081, in gather_dep
    response = await get_data_from_worker(
               ^^^^^^^^^^^^^^^^^^^^^^^^^^^
  File "/home1/zrentala/.conda/envs/zrentala/lib/python3.11/site-packages/distributed/worker.py", line 2887, in get_data_from_worker
    response = await send_recv(
               ^^^^^^^^^^^^^^^^
  File "/home1/zrentala/.conda/envs/zrentala/lib/python3.11/site-packages/distributed/core.py", line 1018, in send_recv
    response = await comm.read(deserializers=deserializers)
               ^^^^^^^^^^^^^^^^^^^^^^^^^^^^^^^^^^^^^^^^^^^^
  File "/home1/zrentala/.conda/envs/zrentala/lib/python3.11/site-packages/distributed/comm/tcp.py", line 237, in read
    convert_stream_closed_error(self, e)
  File "/home1/zrentala/.conda/envs/zrentala/lib/python3.11/site-packages/distributed/comm/tcp.py", line 143, in convert_stream_closed_error
    raise CommClosedError(f"in {obj}: {exc.__class__.__name__}: {exc}") from exc
distributed.comm.core.CommClosedError: in <TCP (closed) Ephemeral Worker->Worker for gather local=tcp://192.168.86.140:46314 remote=tcp://192.168.86.144:46866>: BrokenPipeError: [Errno 32] Broken pipe
2026-01-14 23:35:50,548 - distributed.worker - ERROR - Worker stream died during communication: tcp://192.168.86.134:39493
Traceback (most recent call last):
  File "/home1/zrentala/.conda/envs/zrentala/lib/python3.11/site-packages/tornado/iostream.py", line 962, in _handle_write
    num_bytes = self.write_to_fd(self._write_buffer.peek(size))
                ^^^^^^^^^^^^^^^^^^^^^^^^^^^^^^^^^^^^^^^^^^^^^^^
  File "/home1/zrentala/.conda/envs/zrentala/lib/python3.11/site-packages/tornado/iostream.py", line 1121, in write_to_fd
    return self.socket.send(data)  # type: ignore
           ^^^^^^^^^^^^^^^^^^^^^^
BrokenPipeError: [Errno 32] Broken pipe

The above exception was the direct cause of the following exception:

Traceback (most recent call last):
  File "/home1/zrentala/.conda/envs/zrentala/lib/python3.11/site-packages/distributed/worker.py", line 2081, in gather_dep
    response = await get_data_from_worker(
               ^^^^^^^^^^^^^^^^^^^^^^^^^^^
  File "/home1/zrentala/.conda/envs/zrentala/lib/python3.11/site-packages/distributed/worker.py", line 2887, in get_data_from_worker
    response = await send_recv(
               ^^^^^^^^^^^^^^^^
  File "/home1/zrentala/.conda/envs/zrentala/lib/python3.11/site-packages/distributed/core.py", line 1018, in send_recv
    response = await comm.read(deserializers=deserializers)
               ^^^^^^^^^^^^^^^^^^^^^^^^^^^^^^^^^^^^^^^^^^^^
  File "/home1/zrentala/.conda/envs/zrentala/lib/python3.11/site-packages/distributed/comm/tcp.py", line 237, in read
    convert_stream_closed_error(self, e)
  File "/home1/zrentala/.conda/envs/zrentala/lib/python3.11/site-packages/distributed/comm/tcp.py", line 143, in convert_stream_closed_error
    raise CommClosedError(f"in {obj}: {exc.__class__.__name__}: {exc}") from exc
distributed.comm.core.CommClosedError: in <TCP (closed) Ephemeral Worker->Worker for gather local=tcp://192.168.86.140:56170 remote=tcp://192.168.86.134:39493>: BrokenPipeError: [Errno 32] Broken pipe
2026-01-14 23:35:50,595 - distributed.worker - ERROR - Worker stream died during communication: tcp://192.168.86.143:33074
Traceback (most recent call last):
  File "/home1/zrentala/.conda/envs/zrentala/lib/python3.11/site-packages/tornado/iostream.py", line 962, in _handle_write
    num_bytes = self.write_to_fd(self._write_buffer.peek(size))
                ^^^^^^^^^^^^^^^^^^^^^^^^^^^^^^^^^^^^^^^^^^^^^^^
  File "/home1/zrentala/.conda/envs/zrentala/lib/python3.11/site-packages/tornado/iostream.py", line 1121, in write_to_fd
    return self.socket.send(data)  # type: ignore
           ^^^^^^^^^^^^^^^^^^^^^^
BrokenPipeError: [Errno 32] Broken pipe

The above exception was the direct cause of the following exception:

Traceback (most recent call last):
  File "/home1/zrentala/.conda/envs/zrentala/lib/python3.11/site-packages/distributed/worker.py", line 2081, in gather_dep
    response = await get_data_from_worker(
               ^^^^^^^^^^^^^^^^^^^^^^^^^^^
  File "/home1/zrentala/.conda/envs/zrentala/lib/python3.11/site-packages/distributed/worker.py", line 2887, in get_data_from_worker
    response = await send_recv(
               ^^^^^^^^^^^^^^^^
  File "/home1/zrentala/.conda/envs/zrentala/lib/python3.11/site-packages/distributed/core.py", line 1018, in send_recv
    response = await comm.read(deserializers=deserializers)
               ^^^^^^^^^^^^^^^^^^^^^^^^^^^^^^^^^^^^^^^^^^^^
  File "/home1/zrentala/.conda/envs/zrentala/lib/python3.11/site-packages/distributed/comm/tcp.py", line 237, in read
    convert_stream_closed_error(self, e)
  File "/home1/zrentala/.conda/envs/zrentala/lib/python3.11/site-packages/distributed/comm/tcp.py", line 143, in convert_stream_closed_error
    raise CommClosedError(f"in {obj}: {exc.__class__.__name__}: {exc}") from exc
distributed.comm.core.CommClosedError: in <TCP (closed) Ephemeral Worker->Worker for gather local=tcp://192.168.86.140:39830 remote=tcp://192.168.86.143:33074>: BrokenPipeError: [Errno 32] Broken pipe
2026-01-14 23:35:50,636 - distributed.worker - ERROR - Worker stream died during communication: tcp://192.168.86.143:33125
Traceback (most recent call last):
  File "/home1/zrentala/.conda/envs/zrentala/lib/python3.11/site-packages/tornado/iostream.py", line 962, in _handle_write
    num_bytes = self.write_to_fd(self._write_buffer.peek(size))
                ^^^^^^^^^^^^^^^^^^^^^^^^^^^^^^^^^^^^^^^^^^^^^^^
  File "/home1/zrentala/.conda/envs/zrentala/lib/python3.11/site-packages/tornado/iostream.py", line 1121, in write_to_fd
    return self.socket.send(data)  # type: ignore
           ^^^^^^^^^^^^^^^^^^^^^^
BrokenPipeError: [Errno 32] Broken pipe

The above exception was the direct cause of the following exception:

Traceback (most recent call last):
  File "/home1/zrentala/.conda/envs/zrentala/lib/python3.11/site-packages/distributed/worker.py", line 2081, in gather_dep
    response = await get_data_from_worker(
               ^^^^^^^^^^^^^^^^^^^^^^^^^^^
  File "/home1/zrentala/.conda/envs/zrentala/lib/python3.11/site-packages/distributed/worker.py", line 2887, in get_data_from_worker
    response = await send_recv(
               ^^^^^^^^^^^^^^^^
  File "/home1/zrentala/.conda/envs/zrentala/lib/python3.11/site-packages/distributed/core.py", line 1018, in send_recv
    response = await comm.read(deserializers=deserializers)
               ^^^^^^^^^^^^^^^^^^^^^^^^^^^^^^^^^^^^^^^^^^^^
  File "/home1/zrentala/.conda/envs/zrentala/lib/python3.11/site-packages/distributed/comm/tcp.py", line 237, in read
    convert_stream_closed_error(self, e)
  File "/home1/zrentala/.conda/envs/zrentala/lib/python3.11/site-packages/distributed/comm/tcp.py", line 143, in convert_stream_closed_error
    raise CommClosedError(f"in {obj}: {exc.__class__.__name__}: {exc}") from exc
distributed.comm.core.CommClosedError: in <TCP (closed) Ephemeral Worker->Worker for gather local=tcp://192.168.86.140:41760 remote=tcp://192.168.86.143:33125>: BrokenPipeError: [Errno 32] Broken pipe
2026-01-14 23:35:50,678 - distributed.worker - ERROR - Worker stream died during communication: tcp://192.168.86.135:44452
Traceback (most recent call last):
  File "/home1/zrentala/.conda/envs/zrentala/lib/python3.11/site-packages/tornado/iostream.py", line 962, in _handle_write
    num_bytes = self.write_to_fd(self._write_buffer.peek(size))
                ^^^^^^^^^^^^^^^^^^^^^^^^^^^^^^^^^^^^^^^^^^^^^^^
  File "/home1/zrentala/.conda/envs/zrentala/lib/python3.11/site-packages/tornado/iostream.py", line 1121, in write_to_fd
    return self.socket.send(data)  # type: ignore
           ^^^^^^^^^^^^^^^^^^^^^^
BrokenPipeError: [Errno 32] Broken pipe

The above exception was the direct cause of the following exception:

Traceback (most recent call last):
  File "/home1/zrentala/.conda/envs/zrentala/lib/python3.11/site-packages/distributed/worker.py", line 2081, in gather_dep
    response = await get_data_from_worker(
               ^^^^^^^^^^^^^^^^^^^^^^^^^^^
  File "/home1/zrentala/.conda/envs/zrentala/lib/python3.11/site-packages/distributed/worker.py", line 2887, in get_data_from_worker
    response = await send_recv(
               ^^^^^^^^^^^^^^^^
  File "/home1/zrentala/.conda/envs/zrentala/lib/python3.11/site-packages/distributed/core.py", line 1018, in send_recv
    response = await comm.read(deserializers=deserializers)
               ^^^^^^^^^^^^^^^^^^^^^^^^^^^^^^^^^^^^^^^^^^^^
  File "/home1/zrentala/.conda/envs/zrentala/lib/python3.11/site-packages/distributed/comm/tcp.py", line 237, in read
    convert_stream_closed_error(self, e)
  File "/home1/zrentala/.conda/envs/zrentala/lib/python3.11/site-packages/distributed/comm/tcp.py", line 143, in convert_stream_closed_error
    raise CommClosedError(f"in {obj}: {exc.__class__.__name__}: {exc}") from exc
distributed.comm.core.CommClosedError: in <TCP (closed) Ephemeral Worker->Worker for gather local=tcp://192.168.86.140:49446 remote=tcp://192.168.86.135:44452>: BrokenPipeError: [Errno 32] Broken pipe
2026-01-14 23:35:50,720 - distributed.worker - ERROR - Worker stream died during communication: tcp://192.168.86.145:35520
Traceback (most recent call last):
  File "/home1/zrentala/.conda/envs/zrentala/lib/python3.11/site-packages/tornado/iostream.py", line 962, in _handle_write
    num_bytes = self.write_to_fd(self._write_buffer.peek(size))
                ^^^^^^^^^^^^^^^^^^^^^^^^^^^^^^^^^^^^^^^^^^^^^^^
  File "/home1/zrentala/.conda/envs/zrentala/lib/python3.11/site-packages/tornado/iostream.py", line 1121, in write_to_fd
    return self.socket.send(data)  # type: ignore
           ^^^^^^^^^^^^^^^^^^^^^^
BrokenPipeError: [Errno 32] Broken pipe

The above exception was the direct cause of the following exception:

Traceback (most recent call last):
  File "/home1/zrentala/.conda/envs/zrentala/lib/python3.11/site-packages/distributed/worker.py", line 2081, in gather_dep
    response = await get_data_from_worker(
               ^^^^^^^^^^^^^^^^^^^^^^^^^^^
  File "/home1/zrentala/.conda/envs/zrentala/lib/python3.11/site-packages/distributed/worker.py", line 2887, in get_data_from_worker
    response = await send_recv(
               ^^^^^^^^^^^^^^^^
  File "/home1/zrentala/.conda/envs/zrentala/lib/python3.11/site-packages/distributed/core.py", line 1018, in send_recv
    response = await comm.read(deserializers=deserializers)
               ^^^^^^^^^^^^^^^^^^^^^^^^^^^^^^^^^^^^^^^^^^^^
  File "/home1/zrentala/.conda/envs/zrentala/lib/python3.11/site-packages/distributed/comm/tcp.py", line 237, in read
    convert_stream_closed_error(self, e)
  File "/home1/zrentala/.conda/envs/zrentala/lib/python3.11/site-packages/distributed/comm/tcp.py", line 143, in convert_stream_closed_error
    raise CommClosedError(f"in {obj}: {exc.__class__.__name__}: {exc}") from exc
distributed.comm.core.CommClosedError: in <TCP (closed) Ephemeral Worker->Worker for gather local=tcp://192.168.86.140:58624 remote=tcp://192.168.86.145:35520>: BrokenPipeError: [Errno 32] Broken pipe
2026-01-14 23:35:50,761 - distributed.worker - ERROR - Worker stream died during communication: tcp://192.168.86.144:41655
Traceback (most recent call last):
  File "/home1/zrentala/.conda/envs/zrentala/lib/python3.11/site-packages/tornado/iostream.py", line 962, in _handle_write
    num_bytes = self.write_to_fd(self._write_buffer.peek(size))
                ^^^^^^^^^^^^^^^^^^^^^^^^^^^^^^^^^^^^^^^^^^^^^^^
  File "/home1/zrentala/.conda/envs/zrentala/lib/python3.11/site-packages/tornado/iostream.py", line 1121, in write_to_fd
    return self.socket.send(data)  # type: ignore
           ^^^^^^^^^^^^^^^^^^^^^^
BrokenPipeError: [Errno 32] Broken pipe

The above exception was the direct cause of the following exception:

Traceback (most recent call last):
  File "/home1/zrentala/.conda/envs/zrentala/lib/python3.11/site-packages/distributed/worker.py", line 2081, in gather_dep
    response = await get_data_from_worker(
               ^^^^^^^^^^^^^^^^^^^^^^^^^^^
  File "/home1/zrentala/.conda/envs/zrentala/lib/python3.11/site-packages/distributed/worker.py", line 2887, in get_data_from_worker
    response = await send_recv(
               ^^^^^^^^^^^^^^^^
  File "/home1/zrentala/.conda/envs/zrentala/lib/python3.11/site-packages/distributed/core.py", line 1018, in send_recv
    response = await comm.read(deserializers=deserializers)
               ^^^^^^^^^^^^^^^^^^^^^^^^^^^^^^^^^^^^^^^^^^^^
  File "/home1/zrentala/.conda/envs/zrentala/lib/python3.11/site-packages/distributed/comm/tcp.py", line 237, in read
    convert_stream_closed_error(self, e)
  File "/home1/zrentala/.conda/envs/zrentala/lib/python3.11/site-packages/distributed/comm/tcp.py", line 143, in convert_stream_closed_error
    raise CommClosedError(f"in {obj}: {exc.__class__.__name__}: {exc}") from exc
distributed.comm.core.CommClosedError: in <TCP (closed) Ephemeral Worker->Worker for gather local=tcp://192.168.86.140:42482 remote=tcp://192.168.86.144:41655>: BrokenPipeError: [Errno 32] Broken pipe
2026-01-14 23:35:50,803 - distributed.worker - ERROR - Worker stream died during communication: tcp://192.168.86.125:39159
Traceback (most recent call last):
  File "/home1/zrentala/.conda/envs/zrentala/lib/python3.11/site-packages/tornado/iostream.py", line 962, in _handle_write
    num_bytes = self.write_to_fd(self._write_buffer.peek(size))
                ^^^^^^^^^^^^^^^^^^^^^^^^^^^^^^^^^^^^^^^^^^^^^^^
  File "/home1/zrentala/.conda/envs/zrentala/lib/python3.11/site-packages/tornado/iostream.py", line 1121, in write_to_fd
    return self.socket.send(data)  # type: ignore
           ^^^^^^^^^^^^^^^^^^^^^^
BrokenPipeError: [Errno 32] Broken pipe

The above exception was the direct cause of the following exception:

Traceback (most recent call last):
  File "/home1/zrentala/.conda/envs/zrentala/lib/python3.11/site-packages/distributed/worker.py", line 2081, in gather_dep
    response = await get_data_from_worker(
               ^^^^^^^^^^^^^^^^^^^^^^^^^^^
  File "/home1/zrentala/.conda/envs/zrentala/lib/python3.11/site-packages/distributed/worker.py", line 2887, in get_data_from_worker
    response = await send_recv(
               ^^^^^^^^^^^^^^^^
  File "/home1/zrentala/.conda/envs/zrentala/lib/python3.11/site-packages/distributed/core.py", line 1018, in send_recv
    response = await comm.read(deserializers=deserializers)
               ^^^^^^^^^^^^^^^^^^^^^^^^^^^^^^^^^^^^^^^^^^^^
  File "/home1/zrentala/.conda/envs/zrentala/lib/python3.11/site-packages/distributed/comm/tcp.py", line 237, in read
    convert_stream_closed_error(self, e)
  File "/home1/zrentala/.conda/envs/zrentala/lib/python3.11/site-packages/distributed/comm/tcp.py", line 143, in convert_stream_closed_error
    raise CommClosedError(f"in {obj}: {exc.__class__.__name__}: {exc}") from exc
distributed.comm.core.CommClosedError: in <TCP (closed) Ephemeral Worker->Worker for gather local=tcp://192.168.86.140:44242 remote=tcp://192.168.86.125:39159>: BrokenPipeError: [Errno 32] Broken pipe
2026-01-14 23:35:50,845 - distributed.worker - ERROR - Worker stream died during communication: tcp://192.168.86.124:40020
Traceback (most recent call last):
  File "/home1/zrentala/.conda/envs/zrentala/lib/python3.11/site-packages/tornado/iostream.py", line 962, in _handle_write
    num_bytes = self.write_to_fd(self._write_buffer.peek(size))
                ^^^^^^^^^^^^^^^^^^^^^^^^^^^^^^^^^^^^^^^^^^^^^^^
  File "/home1/zrentala/.conda/envs/zrentala/lib/python3.11/site-packages/tornado/iostream.py", line 1121, in write_to_fd
    return self.socket.send(data)  # type: ignore
           ^^^^^^^^^^^^^^^^^^^^^^
BrokenPipeError: [Errno 32] Broken pipe

The above exception was the direct cause of the following exception:

Traceback (most recent call last):
  File "/home1/zrentala/.conda/envs/zrentala/lib/python3.11/site-packages/distributed/worker.py", line 2081, in gather_dep
    response = await get_data_from_worker(
               ^^^^^^^^^^^^^^^^^^^^^^^^^^^
  File "/home1/zrentala/.conda/envs/zrentala/lib/python3.11/site-packages/distributed/worker.py", line 2887, in get_data_from_worker
    response = await send_recv(
               ^^^^^^^^^^^^^^^^
  File "/home1/zrentala/.conda/envs/zrentala/lib/python3.11/site-packages/distributed/core.py", line 1018, in send_recv
    response = await comm.read(deserializers=deserializers)
               ^^^^^^^^^^^^^^^^^^^^^^^^^^^^^^^^^^^^^^^^^^^^
  File "/home1/zrentala/.conda/envs/zrentala/lib/python3.11/site-packages/distributed/comm/tcp.py", line 237, in read
    convert_stream_closed_error(self, e)
  File "/home1/zrentala/.conda/envs/zrentala/lib/python3.11/site-packages/distributed/comm/tcp.py", line 143, in convert_stream_closed_error
    raise CommClosedError(f"in {obj}: {exc.__class__.__name__}: {exc}") from exc
distributed.comm.core.CommClosedError: in <TCP (closed) Ephemeral Worker->Worker for gather local=tcp://192.168.86.140:46414 remote=tcp://192.168.86.124:40020>: BrokenPipeError: [Errno 32] Broken pipe
2026-01-14 23:35:50,886 - distributed.worker - ERROR - Worker stream died during communication: tcp://192.168.86.133:39576
Traceback (most recent call last):
  File "/home1/zrentala/.conda/envs/zrentala/lib/python3.11/site-packages/tornado/iostream.py", line 962, in _handle_write
    num_bytes = self.write_to_fd(self._write_buffer.peek(size))
                ^^^^^^^^^^^^^^^^^^^^^^^^^^^^^^^^^^^^^^^^^^^^^^^
  File "/home1/zrentala/.conda/envs/zrentala/lib/python3.11/site-packages/tornado/iostream.py", line 1121, in write_to_fd
    return self.socket.send(data)  # type: ignore
           ^^^^^^^^^^^^^^^^^^^^^^
BrokenPipeError: [Errno 32] Broken pipe

The above exception was the direct cause of the following exception:

Traceback (most recent call last):
  File "/home1/zrentala/.conda/envs/zrentala/lib/python3.11/site-packages/distributed/worker.py", line 2081, in gather_dep
    response = await get_data_from_worker(
               ^^^^^^^^^^^^^^^^^^^^^^^^^^^
  File "/home1/zrentala/.conda/envs/zrentala/lib/python3.11/site-packages/distributed/worker.py", line 2887, in get_data_from_worker
    response = await send_recv(
               ^^^^^^^^^^^^^^^^
  File "/home1/zrentala/.conda/envs/zrentala/lib/python3.11/site-packages/distributed/core.py", line 1018, in send_recv
    response = await comm.read(deserializers=deserializers)
               ^^^^^^^^^^^^^^^^^^^^^^^^^^^^^^^^^^^^^^^^^^^^
  File "/home1/zrentala/.conda/envs/zrentala/lib/python3.11/site-packages/distributed/comm/tcp.py", line 237, in read
    convert_stream_closed_error(self, e)
  File "/home1/zrentala/.conda/envs/zrentala/lib/python3.11/site-packages/distributed/comm/tcp.py", line 143, in convert_stream_closed_error
    raise CommClosedError(f"in {obj}: {exc.__class__.__name__}: {exc}") from exc
distributed.comm.core.CommClosedError: in <TCP (closed) Ephemeral Worker->Worker for gather local=tcp://192.168.86.140:52846 remote=tcp://192.168.86.133:39576>: BrokenPipeError: [Errno 32] Broken pipe
2026-01-14 23:35:50,928 - distributed.worker - ERROR - Worker stream died during communication: tcp://192.168.86.126:38810
Traceback (most recent call last):
  File "/home1/zrentala/.conda/envs/zrentala/lib/python3.11/site-packages/tornado/iostream.py", line 962, in _handle_write
    num_bytes = self.write_to_fd(self._write_buffer.peek(size))
                ^^^^^^^^^^^^^^^^^^^^^^^^^^^^^^^^^^^^^^^^^^^^^^^
  File "/home1/zrentala/.conda/envs/zrentala/lib/python3.11/site-packages/tornado/iostream.py", line 1121, in write_to_fd
    return self.socket.send(data)  # type: ignore
           ^^^^^^^^^^^^^^^^^^^^^^
BrokenPipeError: [Errno 32] Broken pipe

The above exception was the direct cause of the following exception:

Traceback (most recent call last):
  File "/home1/zrentala/.conda/envs/zrentala/lib/python3.11/site-packages/distributed/worker.py", line 2081, in gather_dep
    response = await get_data_from_worker(
               ^^^^^^^^^^^^^^^^^^^^^^^^^^^
  File "/home1/zrentala/.conda/envs/zrentala/lib/python3.11/site-packages/distributed/worker.py", line 2887, in get_data_from_worker
    response = await send_recv(
               ^^^^^^^^^^^^^^^^
  File "/home1/zrentala/.conda/envs/zrentala/lib/python3.11/site-packages/distributed/core.py", line 1018, in send_recv
    response = await comm.read(deserializers=deserializers)
               ^^^^^^^^^^^^^^^^^^^^^^^^^^^^^^^^^^^^^^^^^^^^
  File "/home1/zrentala/.conda/envs/zrentala/lib/python3.11/site-packages/distributed/comm/tcp.py", line 237, in read
    convert_stream_closed_error(self, e)
  File "/home1/zrentala/.conda/envs/zrentala/lib/python3.11/site-packages/distributed/comm/tcp.py", line 143, in convert_stream_closed_error
    raise CommClosedError(f"in {obj}: {exc.__class__.__name__}: {exc}") from exc
distributed.comm.core.CommClosedError: in <TCP (closed) Ephemeral Worker->Worker for gather local=tcp://192.168.86.140:34540 remote=tcp://192.168.86.126:38810>: BrokenPipeError: [Errno 32] Broken pipe
2026-01-14 23:35:50,970 - distributed.worker - ERROR - Worker stream died during communication: tcp://192.168.86.137:35618
Traceback (most recent call last):
  File "/home1/zrentala/.conda/envs/zrentala/lib/python3.11/site-packages/tornado/iostream.py", line 962, in _handle_write
    num_bytes = self.write_to_fd(self._write_buffer.peek(size))
                ^^^^^^^^^^^^^^^^^^^^^^^^^^^^^^^^^^^^^^^^^^^^^^^
  File "/home1/zrentala/.conda/envs/zrentala/lib/python3.11/site-packages/tornado/iostream.py", line 1121, in write_to_fd
    return self.socket.send(data)  # type: ignore
           ^^^^^^^^^^^^^^^^^^^^^^
BrokenPipeError: [Errno 32] Broken pipe

The above exception was the direct cause of the following exception:

Traceback (most recent call last):
  File "/home1/zrentala/.conda/envs/zrentala/lib/python3.11/site-packages/distributed/worker.py", line 2081, in gather_dep
    response = await get_data_from_worker(
               ^^^^^^^^^^^^^^^^^^^^^^^^^^^
  File "/home1/zrentala/.conda/envs/zrentala/lib/python3.11/site-packages/distributed/worker.py", line 2887, in get_data_from_worker
    response = await send_recv(
               ^^^^^^^^^^^^^^^^
  File "/home1/zrentala/.conda/envs/zrentala/lib/python3.11/site-packages/distributed/core.py", line 1018, in send_recv
    response = await comm.read(deserializers=deserializers)
               ^^^^^^^^^^^^^^^^^^^^^^^^^^^^^^^^^^^^^^^^^^^^
  File "/home1/zrentala/.conda/envs/zrentala/lib/python3.11/site-packages/distributed/comm/tcp.py", line 237, in read
    convert_stream_closed_error(self, e)
  File "/home1/zrentala/.conda/envs/zrentala/lib/python3.11/site-packages/distributed/comm/tcp.py", line 143, in convert_stream_closed_error
    raise CommClosedError(f"in {obj}: {exc.__class__.__name__}: {exc}") from exc
distributed.comm.core.CommClosedError: in <TCP (closed) Ephemeral Worker->Worker for gather local=tcp://192.168.86.140:47894 remote=tcp://192.168.86.137:35618>: BrokenPipeError: [Errno 32] Broken pipe
2026-01-14 23:35:51,001 - distributed.worker - ERROR - Worker stream died during communication: tcp://192.168.86.135:43312
Traceback (most recent call last):
  File "/home1/zrentala/.conda/envs/zrentala/lib/python3.11/site-packages/tornado/iostream.py", line 962, in _handle_write
    num_bytes = self.write_to_fd(self._write_buffer.peek(size))
                ^^^^^^^^^^^^^^^^^^^^^^^^^^^^^^^^^^^^^^^^^^^^^^^
  File "/home1/zrentala/.conda/envs/zrentala/lib/python3.11/site-packages/tornado/iostream.py", line 1121, in write_to_fd
    return self.socket.send(data)  # type: ignore
           ^^^^^^^^^^^^^^^^^^^^^^
BrokenPipeError: [Errno 32] Broken pipe

The above exception was the direct cause of the following exception:

Traceback (most recent call last):
  File "/home1/zrentala/.conda/envs/zrentala/lib/python3.11/site-packages/distributed/worker.py", line 2081, in gather_dep
    response = await get_data_from_worker(
               ^^^^^^^^^^^^^^^^^^^^^^^^^^^
  File "/home1/zrentala/.conda/envs/zrentala/lib/python3.11/site-packages/distributed/worker.py", line 2887, in get_data_from_worker
    response = await send_recv(
               ^^^^^^^^^^^^^^^^
  File "/home1/zrentala/.conda/envs/zrentala/lib/python3.11/site-packages/distributed/core.py", line 1018, in send_recv
    response = await comm.read(deserializers=deserializers)
               ^^^^^^^^^^^^^^^^^^^^^^^^^^^^^^^^^^^^^^^^^^^^
  File "/home1/zrentala/.conda/envs/zrentala/lib/python3.11/site-packages/distributed/comm/tcp.py", line 237, in read
    convert_stream_closed_error(self, e)
  File "/home1/zrentala/.conda/envs/zrentala/lib/python3.11/site-packages/distributed/comm/tcp.py", line 143, in convert_stream_closed_error
    raise CommClosedError(f"in {obj}: {exc.__class__.__name__}: {exc}") from exc
distributed.comm.core.CommClosedError: in <TCP (closed) Ephemeral Worker->Worker for gather local=tcp://192.168.86.140:42474 remote=tcp://192.168.86.135:43312>: BrokenPipeError: [Errno 32] Broken pipe
2026-01-14 23:35:51,003 - distributed.worker - ERROR - Worker stream died during communication: tcp://192.168.86.125:35587
Traceback (most recent call last):
  File "/home1/zrentala/.conda/envs/zrentala/lib/python3.11/site-packages/tornado/iostream.py", line 962, in _handle_write
    num_bytes = self.write_to_fd(self._write_buffer.peek(size))
                ^^^^^^^^^^^^^^^^^^^^^^^^^^^^^^^^^^^^^^^^^^^^^^^
  File "/home1/zrentala/.conda/envs/zrentala/lib/python3.11/site-packages/tornado/iostream.py", line 1121, in write_to_fd
    return self.socket.send(data)  # type: ignore
           ^^^^^^^^^^^^^^^^^^^^^^
BrokenPipeError: [Errno 32] Broken pipe

The above exception was the direct cause of the following exception:

Traceback (most recent call last):
  File "/home1/zrentala/.conda/envs/zrentala/lib/python3.11/site-packages/distributed/worker.py", line 2081, in gather_dep
    response = await get_data_from_worker(
               ^^^^^^^^^^^^^^^^^^^^^^^^^^^
  File "/home1/zrentala/.conda/envs/zrentala/lib/python3.11/site-packages/distributed/worker.py", line 2887, in get_data_from_worker
    response = await send_recv(
               ^^^^^^^^^^^^^^^^
  File "/home1/zrentala/.conda/envs/zrentala/lib/python3.11/site-packages/distributed/core.py", line 1018, in send_recv
    response = await comm.read(deserializers=deserializers)
               ^^^^^^^^^^^^^^^^^^^^^^^^^^^^^^^^^^^^^^^^^^^^
  File "/home1/zrentala/.conda/envs/zrentala/lib/python3.11/site-packages/distributed/comm/tcp.py", line 237, in read
    convert_stream_closed_error(self, e)
  File "/home1/zrentala/.conda/envs/zrentala/lib/python3.11/site-packages/distributed/comm/tcp.py", line 143, in convert_stream_closed_error
    raise CommClosedError(f"in {obj}: {exc.__class__.__name__}: {exc}") from exc
distributed.comm.core.CommClosedError: in <TCP (closed) Ephemeral Worker->Worker for gather local=tcp://192.168.86.140:42048 remote=tcp://192.168.86.125:35587>: BrokenPipeError: [Errno 32] Broken pipe
2026-01-14 23:35:51,004 - distributed.worker - ERROR - Worker stream died during communication: tcp://192.168.86.125:39099
Traceback (most recent call last):
  File "/home1/zrentala/.conda/envs/zrentala/lib/python3.11/site-packages/tornado/iostream.py", line 962, in _handle_write
    num_bytes = self.write_to_fd(self._write_buffer.peek(size))
                ^^^^^^^^^^^^^^^^^^^^^^^^^^^^^^^^^^^^^^^^^^^^^^^
  File "/home1/zrentala/.conda/envs/zrentala/lib/python3.11/site-packages/tornado/iostream.py", line 1121, in write_to_fd
    return self.socket.send(data)  # type: ignore
           ^^^^^^^^^^^^^^^^^^^^^^
BrokenPipeError: [Errno 32] Broken pipe

The above exception was the direct cause of the following exception:

Traceback (most recent call last):
  File "/home1/zrentala/.conda/envs/zrentala/lib/python3.11/site-packages/distributed/worker.py", line 2081, in gather_dep
    response = await get_data_from_worker(
               ^^^^^^^^^^^^^^^^^^^^^^^^^^^
  File "/home1/zrentala/.conda/envs/zrentala/lib/python3.11/site-packages/distributed/worker.py", line 2887, in get_data_from_worker
    response = await send_recv(
               ^^^^^^^^^^^^^^^^
  File "/home1/zrentala/.conda/envs/zrentala/lib/python3.11/site-packages/distributed/core.py", line 1018, in send_recv
    response = await comm.read(deserializers=deserializers)
               ^^^^^^^^^^^^^^^^^^^^^^^^^^^^^^^^^^^^^^^^^^^^
  File "/home1/zrentala/.conda/envs/zrentala/lib/python3.11/site-packages/distributed/comm/tcp.py", line 237, in read
    convert_stream_closed_error(self, e)
  File "/home1/zrentala/.conda/envs/zrentala/lib/python3.11/site-packages/distributed/comm/tcp.py", line 143, in convert_stream_closed_error
    raise CommClosedError(f"in {obj}: {exc.__class__.__name__}: {exc}") from exc
distributed.comm.core.CommClosedError: in <TCP (closed) Ephemeral Worker->Worker for gather local=tcp://192.168.86.140:49768 remote=tcp://192.168.86.125:39099>: BrokenPipeError: [Errno 32] Broken pipe
2026-01-14 23:35:51,040 - distributed.worker - ERROR - Worker stream died during communication: tcp://192.168.86.120:34345
Traceback (most recent call last):
  File "/home1/zrentala/.conda/envs/zrentala/lib/python3.11/site-packages/tornado/iostream.py", line 962, in _handle_write
    num_bytes = self.write_to_fd(self._write_buffer.peek(size))
                ^^^^^^^^^^^^^^^^^^^^^^^^^^^^^^^^^^^^^^^^^^^^^^^
  File "/home1/zrentala/.conda/envs/zrentala/lib/python3.11/site-packages/tornado/iostream.py", line 1121, in write_to_fd
    return self.socket.send(data)  # type: ignore
           ^^^^^^^^^^^^^^^^^^^^^^
BrokenPipeError: [Errno 32] Broken pipe

The above exception was the direct cause of the following exception:

Traceback (most recent call last):
  File "/home1/zrentala/.conda/envs/zrentala/lib/python3.11/site-packages/distributed/worker.py", line 2081, in gather_dep
    response = await get_data_from_worker(
               ^^^^^^^^^^^^^^^^^^^^^^^^^^^
  File "/home1/zrentala/.conda/envs/zrentala/lib/python3.11/site-packages/distributed/worker.py", line 2887, in get_data_from_worker
    response = await send_recv(
               ^^^^^^^^^^^^^^^^
  File "/home1/zrentala/.conda/envs/zrentala/lib/python3.11/site-packages/distributed/core.py", line 1018, in send_recv
    response = await comm.read(deserializers=deserializers)
               ^^^^^^^^^^^^^^^^^^^^^^^^^^^^^^^^^^^^^^^^^^^^
  File "/home1/zrentala/.conda/envs/zrentala/lib/python3.11/site-packages/distributed/comm/tcp.py", line 237, in read
    convert_stream_closed_error(self, e)
  File "/home1/zrentala/.conda/envs/zrentala/lib/python3.11/site-packages/distributed/comm/tcp.py", line 143, in convert_stream_closed_error
    raise CommClosedError(f"in {obj}: {exc.__class__.__name__}: {exc}") from exc
distributed.comm.core.CommClosedError: in <TCP (closed) Ephemeral Worker->Worker for gather local=tcp://192.168.86.140:50460 remote=tcp://192.168.86.120:34345>: BrokenPipeError: [Errno 32] Broken pipe
2026-01-14 23:35:51,082 - distributed.worker - ERROR - Worker stream died during communication: tcp://192.168.86.118:35430
Traceback (most recent call last):
  File "/home1/zrentala/.conda/envs/zrentala/lib/python3.11/site-packages/tornado/iostream.py", line 962, in _handle_write
    num_bytes = self.write_to_fd(self._write_buffer.peek(size))
                ^^^^^^^^^^^^^^^^^^^^^^^^^^^^^^^^^^^^^^^^^^^^^^^
  File "/home1/zrentala/.conda/envs/zrentala/lib/python3.11/site-packages/tornado/iostream.py", line 1121, in write_to_fd
    return self.socket.send(data)  # type: ignore
           ^^^^^^^^^^^^^^^^^^^^^^
BrokenPipeError: [Errno 32] Broken pipe

The above exception was the direct cause of the following exception:

Traceback (most recent call last):
  File "/home1/zrentala/.conda/envs/zrentala/lib/python3.11/site-packages/distributed/worker.py", line 2081, in gather_dep
    response = await get_data_from_worker(
               ^^^^^^^^^^^^^^^^^^^^^^^^^^^
  File "/home1/zrentala/.conda/envs/zrentala/lib/python3.11/site-packages/distributed/worker.py", line 2887, in get_data_from_worker
    response = await send_recv(
               ^^^^^^^^^^^^^^^^
  File "/home1/zrentala/.conda/envs/zrentala/lib/python3.11/site-packages/distributed/core.py", line 1018, in send_recv
    response = await comm.read(deserializers=deserializers)
               ^^^^^^^^^^^^^^^^^^^^^^^^^^^^^^^^^^^^^^^^^^^^
  File "/home1/zrentala/.conda/envs/zrentala/lib/python3.11/site-packages/distributed/comm/tcp.py", line 237, in read
    convert_stream_closed_error(self, e)
  File "/home1/zrentala/.conda/envs/zrentala/lib/python3.11/site-packages/distributed/comm/tcp.py", line 143, in convert_stream_closed_error
    raise CommClosedError(f"in {obj}: {exc.__class__.__name__}: {exc}") from exc
distributed.comm.core.CommClosedError: in <TCP (closed) Ephemeral Worker->Worker for gather local=tcp://192.168.86.140:59800 remote=tcp://192.168.86.118:35430>: BrokenPipeError: [Errno 32] Broken pipe
2026-01-14 23:35:51,124 - distributed.worker - ERROR - Worker stream died during communication: tcp://192.168.86.121:46177
Traceback (most recent call last):
  File "/home1/zrentala/.conda/envs/zrentala/lib/python3.11/site-packages/tornado/iostream.py", line 962, in _handle_write
    num_bytes = self.write_to_fd(self._write_buffer.peek(size))
                ^^^^^^^^^^^^^^^^^^^^^^^^^^^^^^^^^^^^^^^^^^^^^^^
  File "/home1/zrentala/.conda/envs/zrentala/lib/python3.11/site-packages/tornado/iostream.py", line 1121, in write_to_fd
    return self.socket.send(data)  # type: ignore
           ^^^^^^^^^^^^^^^^^^^^^^
BrokenPipeError: [Errno 32] Broken pipe

The above exception was the direct cause of the following exception:

Traceback (most recent call last):
  File "/home1/zrentala/.conda/envs/zrentala/lib/python3.11/site-packages/distributed/worker.py", line 2081, in gather_dep
    response = await get_data_from_worker(
               ^^^^^^^^^^^^^^^^^^^^^^^^^^^
  File "/home1/zrentala/.conda/envs/zrentala/lib/python3.11/site-packages/distributed/worker.py", line 2887, in get_data_from_worker
    response = await send_recv(
               ^^^^^^^^^^^^^^^^
  File "/home1/zrentala/.conda/envs/zrentala/lib/python3.11/site-packages/distributed/core.py", line 1018, in send_recv
    response = await comm.read(deserializers=deserializers)
               ^^^^^^^^^^^^^^^^^^^^^^^^^^^^^^^^^^^^^^^^^^^^
  File "/home1/zrentala/.conda/envs/zrentala/lib/python3.11/site-packages/distributed/comm/tcp.py", line 237, in read
    convert_stream_closed_error(self, e)
  File "/home1/zrentala/.conda/envs/zrentala/lib/python3.11/site-packages/distributed/comm/tcp.py", line 143, in convert_stream_closed_error
    raise CommClosedError(f"in {obj}: {exc.__class__.__name__}: {exc}") from exc
distributed.comm.core.CommClosedError: in <TCP (closed) Ephemeral Worker->Worker for gather local=tcp://192.168.86.140:42230 remote=tcp://192.168.86.121:46177>: BrokenPipeError: [Errno 32] Broken pipe
2026-01-14 23:35:51,165 - distributed.worker - ERROR - Worker stream died during communication: tcp://192.168.86.126:39063
Traceback (most recent call last):
  File "/home1/zrentala/.conda/envs/zrentala/lib/python3.11/site-packages/tornado/iostream.py", line 962, in _handle_write
    num_bytes = self.write_to_fd(self._write_buffer.peek(size))
                ^^^^^^^^^^^^^^^^^^^^^^^^^^^^^^^^^^^^^^^^^^^^^^^
  File "/home1/zrentala/.conda/envs/zrentala/lib/python3.11/site-packages/tornado/iostream.py", line 1121, in write_to_fd
    return self.socket.send(data)  # type: ignore
           ^^^^^^^^^^^^^^^^^^^^^^
BrokenPipeError: [Errno 32] Broken pipe

The above exception was the direct cause of the following exception:

Traceback (most recent call last):
  File "/home1/zrentala/.conda/envs/zrentala/lib/python3.11/site-packages/distributed/worker.py", line 2081, in gather_dep
    response = await get_data_from_worker(
               ^^^^^^^^^^^^^^^^^^^^^^^^^^^
  File "/home1/zrentala/.conda/envs/zrentala/lib/python3.11/site-packages/distributed/worker.py", line 2887, in get_data_from_worker
    response = await send_recv(
               ^^^^^^^^^^^^^^^^
  File "/home1/zrentala/.conda/envs/zrentala/lib/python3.11/site-packages/distributed/core.py", line 1018, in send_recv
    response = await comm.read(deserializers=deserializers)
               ^^^^^^^^^^^^^^^^^^^^^^^^^^^^^^^^^^^^^^^^^^^^
  File "/home1/zrentala/.conda/envs/zrentala/lib/python3.11/site-packages/distributed/comm/tcp.py", line 237, in read
    convert_stream_closed_error(self, e)
  File "/home1/zrentala/.conda/envs/zrentala/lib/python3.11/site-packages/distributed/comm/tcp.py", line 143, in convert_stream_closed_error
    raise CommClosedError(f"in {obj}: {exc.__class__.__name__}: {exc}") from exc
distributed.comm.core.CommClosedError: in <TCP (closed) Ephemeral Worker->Worker for gather local=tcp://192.168.86.140:56660 remote=tcp://192.168.86.126:39063>: BrokenPipeError: [Errno 32] Broken pipe
2026-01-14 23:35:51,207 - distributed.worker - ERROR - Worker stream died during communication: tcp://192.168.86.123:40055
Traceback (most recent call last):
  File "/home1/zrentala/.conda/envs/zrentala/lib/python3.11/site-packages/tornado/iostream.py", line 962, in _handle_write
    num_bytes = self.write_to_fd(self._write_buffer.peek(size))
                ^^^^^^^^^^^^^^^^^^^^^^^^^^^^^^^^^^^^^^^^^^^^^^^
  File "/home1/zrentala/.conda/envs/zrentala/lib/python3.11/site-packages/tornado/iostream.py", line 1121, in write_to_fd
    return self.socket.send(data)  # type: ignore
           ^^^^^^^^^^^^^^^^^^^^^^
BrokenPipeError: [Errno 32] Broken pipe

The above exception was the direct cause of the following exception:

Traceback (most recent call last):
  File "/home1/zrentala/.conda/envs/zrentala/lib/python3.11/site-packages/distributed/worker.py", line 2081, in gather_dep
    response = await get_data_from_worker(
               ^^^^^^^^^^^^^^^^^^^^^^^^^^^
  File "/home1/zrentala/.conda/envs/zrentala/lib/python3.11/site-packages/distributed/worker.py", line 2887, in get_data_from_worker
    response = await send_recv(
               ^^^^^^^^^^^^^^^^
  File "/home1/zrentala/.conda/envs/zrentala/lib/python3.11/site-packages/distributed/core.py", line 1018, in send_recv
    response = await comm.read(deserializers=deserializers)
               ^^^^^^^^^^^^^^^^^^^^^^^^^^^^^^^^^^^^^^^^^^^^
  File "/home1/zrentala/.conda/envs/zrentala/lib/python3.11/site-packages/distributed/comm/tcp.py", line 237, in read
    convert_stream_closed_error(self, e)
  File "/home1/zrentala/.conda/envs/zrentala/lib/python3.11/site-packages/distributed/comm/tcp.py", line 143, in convert_stream_closed_error
    raise CommClosedError(f"in {obj}: {exc.__class__.__name__}: {exc}") from exc
distributed.comm.core.CommClosedError: in <TCP (closed) Ephemeral Worker->Worker for gather local=tcp://192.168.86.140:57932 remote=tcp://192.168.86.123:40055>: BrokenPipeError: [Errno 32] Broken pipe
2026-01-14 23:35:51,244 - distributed.worker - ERROR - Worker stream died during communication: tcp://192.168.86.134:42607
Traceback (most recent call last):
  File "/home1/zrentala/.conda/envs/zrentala/lib/python3.11/site-packages/tornado/iostream.py", line 962, in _handle_write
    num_bytes = self.write_to_fd(self._write_buffer.peek(size))
                ^^^^^^^^^^^^^^^^^^^^^^^^^^^^^^^^^^^^^^^^^^^^^^^
  File "/home1/zrentala/.conda/envs/zrentala/lib/python3.11/site-packages/tornado/iostream.py", line 1121, in write_to_fd
    return self.socket.send(data)  # type: ignore
           ^^^^^^^^^^^^^^^^^^^^^^
BrokenPipeError: [Errno 32] Broken pipe

The above exception was the direct cause of the following exception:

Traceback (most recent call last):
  File "/home1/zrentala/.conda/envs/zrentala/lib/python3.11/site-packages/distributed/worker.py", line 2081, in gather_dep
    response = await get_data_from_worker(
               ^^^^^^^^^^^^^^^^^^^^^^^^^^^
  File "/home1/zrentala/.conda/envs/zrentala/lib/python3.11/site-packages/distributed/worker.py", line 2887, in get_data_from_worker
    response = await send_recv(
               ^^^^^^^^^^^^^^^^
  File "/home1/zrentala/.conda/envs/zrentala/lib/python3.11/site-packages/distributed/core.py", line 1018, in send_recv
    response = await comm.read(deserializers=deserializers)
               ^^^^^^^^^^^^^^^^^^^^^^^^^^^^^^^^^^^^^^^^^^^^
  File "/home1/zrentala/.conda/envs/zrentala/lib/python3.11/site-packages/distributed/comm/tcp.py", line 237, in read
    convert_stream_closed_error(self, e)
  File "/home1/zrentala/.conda/envs/zrentala/lib/python3.11/site-packages/distributed/comm/tcp.py", line 143, in convert_stream_closed_error
    raise CommClosedError(f"in {obj}: {exc.__class__.__name__}: {exc}") from exc
distributed.comm.core.CommClosedError: in <TCP (closed) Ephemeral Worker->Worker for gather local=tcp://192.168.86.140:36280 remote=tcp://192.168.86.134:42607>: BrokenPipeError: [Errno 32] Broken pipe
2026-01-14 23:35:51,286 - distributed.worker - ERROR - Worker stream died during communication: tcp://192.168.86.136:38766
Traceback (most recent call last):
  File "/home1/zrentala/.conda/envs/zrentala/lib/python3.11/site-packages/tornado/iostream.py", line 962, in _handle_write
    num_bytes = self.write_to_fd(self._write_buffer.peek(size))
                ^^^^^^^^^^^^^^^^^^^^^^^^^^^^^^^^^^^^^^^^^^^^^^^
  File "/home1/zrentala/.conda/envs/zrentala/lib/python3.11/site-packages/tornado/iostream.py", line 1121, in write_to_fd
    return self.socket.send(data)  # type: ignore
           ^^^^^^^^^^^^^^^^^^^^^^
BrokenPipeError: [Errno 32] Broken pipe

The above exception was the direct cause of the following exception:

Traceback (most recent call last):
  File "/home1/zrentala/.conda/envs/zrentala/lib/python3.11/site-packages/distributed/worker.py", line 2081, in gather_dep
    response = await get_data_from_worker(
               ^^^^^^^^^^^^^^^^^^^^^^^^^^^
  File "/home1/zrentala/.conda/envs/zrentala/lib/python3.11/site-packages/distributed/worker.py", line 2887, in get_data_from_worker
    response = await send_recv(
               ^^^^^^^^^^^^^^^^
  File "/home1/zrentala/.conda/envs/zrentala/lib/python3.11/site-packages/distributed/core.py", line 1018, in send_recv
    response = await comm.read(deserializers=deserializers)
               ^^^^^^^^^^^^^^^^^^^^^^^^^^^^^^^^^^^^^^^^^^^^
  File "/home1/zrentala/.conda/envs/zrentala/lib/python3.11/site-packages/distributed/comm/tcp.py", line 237, in read
    convert_stream_closed_error(self, e)
  File "/home1/zrentala/.conda/envs/zrentala/lib/python3.11/site-packages/distributed/comm/tcp.py", line 143, in convert_stream_closed_error
    raise CommClosedError(f"in {obj}: {exc.__class__.__name__}: {exc}") from exc
distributed.comm.core.CommClosedError: in <TCP (closed) Ephemeral Worker->Worker for gather local=tcp://192.168.86.140:54482 remote=tcp://192.168.86.136:38766>: BrokenPipeError: [Errno 32] Broken pipe
2026-01-14 23:35:51,327 - distributed.worker - ERROR - Worker stream died during communication: tcp://192.168.86.123:40329
Traceback (most recent call last):
  File "/home1/zrentala/.conda/envs/zrentala/lib/python3.11/site-packages/tornado/iostream.py", line 962, in _handle_write
    num_bytes = self.write_to_fd(self._write_buffer.peek(size))
                ^^^^^^^^^^^^^^^^^^^^^^^^^^^^^^^^^^^^^^^^^^^^^^^
  File "/home1/zrentala/.conda/envs/zrentala/lib/python3.11/site-packages/tornado/iostream.py", line 1121, in write_to_fd
    return self.socket.send(data)  # type: ignore
           ^^^^^^^^^^^^^^^^^^^^^^
BrokenPipeError: [Errno 32] Broken pipe

The above exception was the direct cause of the following exception:

Traceback (most recent call last):
  File "/home1/zrentala/.conda/envs/zrentala/lib/python3.11/site-packages/distributed/worker.py", line 2081, in gather_dep
    response = await get_data_from_worker(
               ^^^^^^^^^^^^^^^^^^^^^^^^^^^
  File "/home1/zrentala/.conda/envs/zrentala/lib/python3.11/site-packages/distributed/worker.py", line 2887, in get_data_from_worker
    response = await send_recv(
               ^^^^^^^^^^^^^^^^
  File "/home1/zrentala/.conda/envs/zrentala/lib/python3.11/site-packages/distributed/core.py", line 1018, in send_recv
    response = await comm.read(deserializers=deserializers)
               ^^^^^^^^^^^^^^^^^^^^^^^^^^^^^^^^^^^^^^^^^^^^
  File "/home1/zrentala/.conda/envs/zrentala/lib/python3.11/site-packages/distributed/comm/tcp.py", line 237, in read
    convert_stream_closed_error(self, e)
  File "/home1/zrentala/.conda/envs/zrentala/lib/python3.11/site-packages/distributed/comm/tcp.py", line 143, in convert_stream_closed_error
    raise CommClosedError(f"in {obj}: {exc.__class__.__name__}: {exc}") from exc
distributed.comm.core.CommClosedError: in <TCP (closed) Ephemeral Worker->Worker for gather local=tcp://192.168.86.140:51244 remote=tcp://192.168.86.123:40329>: BrokenPipeError: [Errno 32] Broken pipe
2026-01-14 23:35:51,369 - distributed.worker - ERROR - Worker stream died during communication: tcp://192.168.86.133:44834
Traceback (most recent call last):
  File "/home1/zrentala/.conda/envs/zrentala/lib/python3.11/site-packages/tornado/iostream.py", line 962, in _handle_write
    num_bytes = self.write_to_fd(self._write_buffer.peek(size))
                ^^^^^^^^^^^^^^^^^^^^^^^^^^^^^^^^^^^^^^^^^^^^^^^
  File "/home1/zrentala/.conda/envs/zrentala/lib/python3.11/site-packages/tornado/iostream.py", line 1121, in write_to_fd
    return self.socket.send(data)  # type: ignore
           ^^^^^^^^^^^^^^^^^^^^^^
BrokenPipeError: [Errno 32] Broken pipe

The above exception was the direct cause of the following exception:

Traceback (most recent call last):
  File "/home1/zrentala/.conda/envs/zrentala/lib/python3.11/site-packages/distributed/worker.py", line 2081, in gather_dep
    response = await get_data_from_worker(
               ^^^^^^^^^^^^^^^^^^^^^^^^^^^
  File "/home1/zrentala/.conda/envs/zrentala/lib/python3.11/site-packages/distributed/worker.py", line 2887, in get_data_from_worker
    response = await send_recv(
               ^^^^^^^^^^^^^^^^
  File "/home1/zrentala/.conda/envs/zrentala/lib/python3.11/site-packages/distributed/core.py", line 1018, in send_recv
    response = await comm.read(deserializers=deserializers)
               ^^^^^^^^^^^^^^^^^^^^^^^^^^^^^^^^^^^^^^^^^^^^
  File "/home1/zrentala/.conda/envs/zrentala/lib/python3.11/site-packages/distributed/comm/tcp.py", line 237, in read
    convert_stream_closed_error(self, e)
  File "/home1/zrentala/.conda/envs/zrentala/lib/python3.11/site-packages/distributed/comm/tcp.py", line 143, in convert_stream_closed_error
    raise CommClosedError(f"in {obj}: {exc.__class__.__name__}: {exc}") from exc
distributed.comm.core.CommClosedError: in <TCP (closed) Ephemeral Worker->Worker for gather local=tcp://192.168.86.140:36006 remote=tcp://192.168.86.133:44834>: BrokenPipeError: [Errno 32] Broken pipe
2026-01-14 23:35:51,411 - distributed.worker - ERROR - Worker stream died during communication: tcp://192.168.86.144:44679
Traceback (most recent call last):
  File "/home1/zrentala/.conda/envs/zrentala/lib/python3.11/site-packages/tornado/iostream.py", line 962, in _handle_write
    num_bytes = self.write_to_fd(self._write_buffer.peek(size))
                ^^^^^^^^^^^^^^^^^^^^^^^^^^^^^^^^^^^^^^^^^^^^^^^
  File "/home1/zrentala/.conda/envs/zrentala/lib/python3.11/site-packages/tornado/iostream.py", line 1121, in write_to_fd
    return self.socket.send(data)  # type: ignore
           ^^^^^^^^^^^^^^^^^^^^^^
BrokenPipeError: [Errno 32] Broken pipe

The above exception was the direct cause of the following exception:

Traceback (most recent call last):
  File "/home1/zrentala/.conda/envs/zrentala/lib/python3.11/site-packages/distributed/worker.py", line 2081, in gather_dep
    response = await get_data_from_worker(
               ^^^^^^^^^^^^^^^^^^^^^^^^^^^
  File "/home1/zrentala/.conda/envs/zrentala/lib/python3.11/site-packages/distributed/worker.py", line 2887, in get_data_from_worker
    response = await send_recv(
               ^^^^^^^^^^^^^^^^
  File "/home1/zrentala/.conda/envs/zrentala/lib/python3.11/site-packages/distributed/core.py", line 1018, in send_recv
    response = await comm.read(deserializers=deserializers)
               ^^^^^^^^^^^^^^^^^^^^^^^^^^^^^^^^^^^^^^^^^^^^
  File "/home1/zrentala/.conda/envs/zrentala/lib/python3.11/site-packages/distributed/comm/tcp.py", line 237, in read
    convert_stream_closed_error(self, e)
  File "/home1/zrentala/.conda/envs/zrentala/lib/python3.11/site-packages/distributed/comm/tcp.py", line 143, in convert_stream_closed_error
    raise CommClosedError(f"in {obj}: {exc.__class__.__name__}: {exc}") from exc
distributed.comm.core.CommClosedError: in <TCP (closed) Ephemeral Worker->Worker for gather local=tcp://192.168.86.140:59030 remote=tcp://192.168.86.144:44679>: BrokenPipeError: [Errno 32] Broken pipe
2026-01-14 23:35:51,453 - distributed.worker - ERROR - Worker stream died during communication: tcp://192.168.86.126:42243
Traceback (most recent call last):
  File "/home1/zrentala/.conda/envs/zrentala/lib/python3.11/site-packages/tornado/iostream.py", line 962, in _handle_write
    num_bytes = self.write_to_fd(self._write_buffer.peek(size))
                ^^^^^^^^^^^^^^^^^^^^^^^^^^^^^^^^^^^^^^^^^^^^^^^
  File "/home1/zrentala/.conda/envs/zrentala/lib/python3.11/site-packages/tornado/iostream.py", line 1121, in write_to_fd
    return self.socket.send(data)  # type: ignore
           ^^^^^^^^^^^^^^^^^^^^^^
BrokenPipeError: [Errno 32] Broken pipe

The above exception was the direct cause of the following exception:

Traceback (most recent call last):
  File "/home1/zrentala/.conda/envs/zrentala/lib/python3.11/site-packages/distributed/worker.py", line 2081, in gather_dep
    response = await get_data_from_worker(
               ^^^^^^^^^^^^^^^^^^^^^^^^^^^
  File "/home1/zrentala/.conda/envs/zrentala/lib/python3.11/site-packages/distributed/worker.py", line 2887, in get_data_from_worker
    response = await send_recv(
               ^^^^^^^^^^^^^^^^
  File "/home1/zrentala/.conda/envs/zrentala/lib/python3.11/site-packages/distributed/core.py", line 1018, in send_recv
    response = await comm.read(deserializers=deserializers)
               ^^^^^^^^^^^^^^^^^^^^^^^^^^^^^^^^^^^^^^^^^^^^
  File "/home1/zrentala/.conda/envs/zrentala/lib/python3.11/site-packages/distributed/comm/tcp.py", line 237, in read
    convert_stream_closed_error(self, e)
  File "/home1/zrentala/.conda/envs/zrentala/lib/python3.11/site-packages/distributed/comm/tcp.py", line 143, in convert_stream_closed_error
    raise CommClosedError(f"in {obj}: {exc.__class__.__name__}: {exc}") from exc
distributed.comm.core.CommClosedError: in <TCP (closed) Ephemeral Worker->Worker for gather local=tcp://192.168.86.140:38364 remote=tcp://192.168.86.126:42243>: BrokenPipeError: [Errno 32] Broken pipe
2026-01-14 23:35:51,494 - distributed.worker - ERROR - Worker stream died during communication: tcp://192.168.86.119:33988
Traceback (most recent call last):
  File "/home1/zrentala/.conda/envs/zrentala/lib/python3.11/site-packages/tornado/iostream.py", line 962, in _handle_write
    num_bytes = self.write_to_fd(self._write_buffer.peek(size))
                ^^^^^^^^^^^^^^^^^^^^^^^^^^^^^^^^^^^^^^^^^^^^^^^
  File "/home1/zrentala/.conda/envs/zrentala/lib/python3.11/site-packages/tornado/iostream.py", line 1121, in write_to_fd
    return self.socket.send(data)  # type: ignore
           ^^^^^^^^^^^^^^^^^^^^^^
BrokenPipeError: [Errno 32] Broken pipe

The above exception was the direct cause of the following exception:

Traceback (most recent call last):
  File "/home1/zrentala/.conda/envs/zrentala/lib/python3.11/site-packages/distributed/worker.py", line 2081, in gather_dep
    response = await get_data_from_worker(
               ^^^^^^^^^^^^^^^^^^^^^^^^^^^
  File "/home1/zrentala/.conda/envs/zrentala/lib/python3.11/site-packages/distributed/worker.py", line 2887, in get_data_from_worker
    response = await send_recv(
               ^^^^^^^^^^^^^^^^
  File "/home1/zrentala/.conda/envs/zrentala/lib/python3.11/site-packages/distributed/core.py", line 1018, in send_recv
    response = await comm.read(deserializers=deserializers)
               ^^^^^^^^^^^^^^^^^^^^^^^^^^^^^^^^^^^^^^^^^^^^
  File "/home1/zrentala/.conda/envs/zrentala/lib/python3.11/site-packages/distributed/comm/tcp.py", line 237, in read
    convert_stream_closed_error(self, e)
  File "/home1/zrentala/.conda/envs/zrentala/lib/python3.11/site-packages/distributed/comm/tcp.py", line 143, in convert_stream_closed_error
    raise CommClosedError(f"in {obj}: {exc.__class__.__name__}: {exc}") from exc
distributed.comm.core.CommClosedError: in <TCP (closed) Ephemeral Worker->Worker for gather local=tcp://192.168.86.140:49738 remote=tcp://192.168.86.119:33988>: BrokenPipeError: [Errno 32] Broken pipe
2026-01-14 23:35:51,541 - distributed.worker - ERROR - Worker stream died during communication: tcp://192.168.86.118:42867
Traceback (most recent call last):
  File "/home1/zrentala/.conda/envs/zrentala/lib/python3.11/site-packages/tornado/iostream.py", line 962, in _handle_write
    num_bytes = self.write_to_fd(self._write_buffer.peek(size))
                ^^^^^^^^^^^^^^^^^^^^^^^^^^^^^^^^^^^^^^^^^^^^^^^
  File "/home1/zrentala/.conda/envs/zrentala/lib/python3.11/site-packages/tornado/iostream.py", line 1121, in write_to_fd
    return self.socket.send(data)  # type: ignore
           ^^^^^^^^^^^^^^^^^^^^^^
BrokenPipeError: [Errno 32] Broken pipe

The above exception was the direct cause of the following exception:

Traceback (most recent call last):
  File "/home1/zrentala/.conda/envs/zrentala/lib/python3.11/site-packages/distributed/worker.py", line 2081, in gather_dep
    response = await get_data_from_worker(
               ^^^^^^^^^^^^^^^^^^^^^^^^^^^
  File "/home1/zrentala/.conda/envs/zrentala/lib/python3.11/site-packages/distributed/worker.py", line 2887, in get_data_from_worker
    response = await send_recv(
               ^^^^^^^^^^^^^^^^
  File "/home1/zrentala/.conda/envs/zrentala/lib/python3.11/site-packages/distributed/core.py", line 1018, in send_recv
    response = await comm.read(deserializers=deserializers)
               ^^^^^^^^^^^^^^^^^^^^^^^^^^^^^^^^^^^^^^^^^^^^
  File "/home1/zrentala/.conda/envs/zrentala/lib/python3.11/site-packages/distributed/comm/tcp.py", line 237, in read
    convert_stream_closed_error(self, e)
  File "/home1/zrentala/.conda/envs/zrentala/lib/python3.11/site-packages/distributed/comm/tcp.py", line 143, in convert_stream_closed_error
    raise CommClosedError(f"in {obj}: {exc.__class__.__name__}: {exc}") from exc
distributed.comm.core.CommClosedError: in <TCP (closed) Ephemeral Worker->Worker for gather local=tcp://192.168.86.140:35530 remote=tcp://192.168.86.118:42867>: BrokenPipeError: [Errno 32] Broken pipe
2026-01-14 23:35:51,588 - distributed.worker - ERROR - Worker stream died during communication: tcp://192.168.86.145:34768
Traceback (most recent call last):
  File "/home1/zrentala/.conda/envs/zrentala/lib/python3.11/site-packages/tornado/iostream.py", line 962, in _handle_write
    num_bytes = self.write_to_fd(self._write_buffer.peek(size))
                ^^^^^^^^^^^^^^^^^^^^^^^^^^^^^^^^^^^^^^^^^^^^^^^
  File "/home1/zrentala/.conda/envs/zrentala/lib/python3.11/site-packages/tornado/iostream.py", line 1121, in write_to_fd
    return self.socket.send(data)  # type: ignore
           ^^^^^^^^^^^^^^^^^^^^^^
BrokenPipeError: [Errno 32] Broken pipe

The above exception was the direct cause of the following exception:

Traceback (most recent call last):
  File "/home1/zrentala/.conda/envs/zrentala/lib/python3.11/site-packages/distributed/worker.py", line 2081, in gather_dep
    response = await get_data_from_worker(
               ^^^^^^^^^^^^^^^^^^^^^^^^^^^
  File "/home1/zrentala/.conda/envs/zrentala/lib/python3.11/site-packages/distributed/worker.py", line 2887, in get_data_from_worker
    response = await send_recv(
               ^^^^^^^^^^^^^^^^
  File "/home1/zrentala/.conda/envs/zrentala/lib/python3.11/site-packages/distributed/core.py", line 1018, in send_recv
    response = await comm.read(deserializers=deserializers)
               ^^^^^^^^^^^^^^^^^^^^^^^^^^^^^^^^^^^^^^^^^^^^
  File "/home1/zrentala/.conda/envs/zrentala/lib/python3.11/site-packages/distributed/comm/tcp.py", line 237, in read
    convert_stream_closed_error(self, e)
  File "/home1/zrentala/.conda/envs/zrentala/lib/python3.11/site-packages/distributed/comm/tcp.py", line 143, in convert_stream_closed_error
    raise CommClosedError(f"in {obj}: {exc.__class__.__name__}: {exc}") from exc
distributed.comm.core.CommClosedError: in <TCP (closed) Ephemeral Worker->Worker for gather local=tcp://192.168.86.140:33610 remote=tcp://192.168.86.145:34768>: BrokenPipeError: [Errno 32] Broken pipe
2026-01-14 23:35:51,634 - distributed.worker - ERROR - Worker stream died during communication: tcp://192.168.86.125:45063
Traceback (most recent call last):
  File "/home1/zrentala/.conda/envs/zrentala/lib/python3.11/site-packages/tornado/iostream.py", line 962, in _handle_write
    num_bytes = self.write_to_fd(self._write_buffer.peek(size))
                ^^^^^^^^^^^^^^^^^^^^^^^^^^^^^^^^^^^^^^^^^^^^^^^
  File "/home1/zrentala/.conda/envs/zrentala/lib/python3.11/site-packages/tornado/iostream.py", line 1121, in write_to_fd
    return self.socket.send(data)  # type: ignore
           ^^^^^^^^^^^^^^^^^^^^^^
BrokenPipeError: [Errno 32] Broken pipe

The above exception was the direct cause of the following exception:

Traceback (most recent call last):
  File "/home1/zrentala/.conda/envs/zrentala/lib/python3.11/site-packages/distributed/worker.py", line 2081, in gather_dep
    response = await get_data_from_worker(
               ^^^^^^^^^^^^^^^^^^^^^^^^^^^
  File "/home1/zrentala/.conda/envs/zrentala/lib/python3.11/site-packages/distributed/worker.py", line 2887, in get_data_from_worker
    response = await send_recv(
               ^^^^^^^^^^^^^^^^
  File "/home1/zrentala/.conda/envs/zrentala/lib/python3.11/site-packages/distributed/core.py", line 1018, in send_recv
    response = await comm.read(deserializers=deserializers)
               ^^^^^^^^^^^^^^^^^^^^^^^^^^^^^^^^^^^^^^^^^^^^
  File "/home1/zrentala/.conda/envs/zrentala/lib/python3.11/site-packages/distributed/comm/tcp.py", line 237, in read
    convert_stream_closed_error(self, e)
  File "/home1/zrentala/.conda/envs/zrentala/lib/python3.11/site-packages/distributed/comm/tcp.py", line 143, in convert_stream_closed_error
    raise CommClosedError(f"in {obj}: {exc.__class__.__name__}: {exc}") from exc
distributed.comm.core.CommClosedError: in <TCP (closed) Ephemeral Worker->Worker for gather local=tcp://192.168.86.140:39894 remote=tcp://192.168.86.125:45063>: BrokenPipeError: [Errno 32] Broken pipe
2026-01-14 23:35:51,681 - distributed.worker - ERROR - Worker stream died during communication: tcp://192.168.86.117:42343
Traceback (most recent call last):
  File "/home1/zrentala/.conda/envs/zrentala/lib/python3.11/site-packages/tornado/iostream.py", line 962, in _handle_write
    num_bytes = self.write_to_fd(self._write_buffer.peek(size))
                ^^^^^^^^^^^^^^^^^^^^^^^^^^^^^^^^^^^^^^^^^^^^^^^
  File "/home1/zrentala/.conda/envs/zrentala/lib/python3.11/site-packages/tornado/iostream.py", line 1121, in write_to_fd
    return self.socket.send(data)  # type: ignore
           ^^^^^^^^^^^^^^^^^^^^^^
BrokenPipeError: [Errno 32] Broken pipe

The above exception was the direct cause of the following exception:

Traceback (most recent call last):
  File "/home1/zrentala/.conda/envs/zrentala/lib/python3.11/site-packages/distributed/worker.py", line 2081, in gather_dep
    response = await get_data_from_worker(
               ^^^^^^^^^^^^^^^^^^^^^^^^^^^
  File "/home1/zrentala/.conda/envs/zrentala/lib/python3.11/site-packages/distributed/worker.py", line 2887, in get_data_from_worker
    response = await send_recv(
               ^^^^^^^^^^^^^^^^
  File "/home1/zrentala/.conda/envs/zrentala/lib/python3.11/site-packages/distributed/core.py", line 1018, in send_recv
    response = await comm.read(deserializers=deserializers)
               ^^^^^^^^^^^^^^^^^^^^^^^^^^^^^^^^^^^^^^^^^^^^
  File "/home1/zrentala/.conda/envs/zrentala/lib/python3.11/site-packages/distributed/comm/tcp.py", line 237, in read
    convert_stream_closed_error(self, e)
  File "/home1/zrentala/.conda/envs/zrentala/lib/python3.11/site-packages/distributed/comm/tcp.py", line 143, in convert_stream_closed_error
    raise CommClosedError(f"in {obj}: {exc.__class__.__name__}: {exc}") from exc
distributed.comm.core.CommClosedError: in <TCP (closed) Ephemeral Worker->Worker for gather local=tcp://192.168.86.140:59536 remote=tcp://192.168.86.117:42343>: BrokenPipeError: [Errno 32] Broken pipe
2026-01-14 23:35:51,723 - distributed.worker - ERROR - Worker stream died during communication: tcp://192.168.86.120:33011
Traceback (most recent call last):
  File "/home1/zrentala/.conda/envs/zrentala/lib/python3.11/site-packages/tornado/iostream.py", line 962, in _handle_write
    num_bytes = self.write_to_fd(self._write_buffer.peek(size))
                ^^^^^^^^^^^^^^^^^^^^^^^^^^^^^^^^^^^^^^^^^^^^^^^
  File "/home1/zrentala/.conda/envs/zrentala/lib/python3.11/site-packages/tornado/iostream.py", line 1121, in write_to_fd
    return self.socket.send(data)  # type: ignore
           ^^^^^^^^^^^^^^^^^^^^^^
BrokenPipeError: [Errno 32] Broken pipe

The above exception was the direct cause of the following exception:

Traceback (most recent call last):
  File "/home1/zrentala/.conda/envs/zrentala/lib/python3.11/site-packages/distributed/worker.py", line 2081, in gather_dep
    response = await get_data_from_worker(
               ^^^^^^^^^^^^^^^^^^^^^^^^^^^
  File "/home1/zrentala/.conda/envs/zrentala/lib/python3.11/site-packages/distributed/worker.py", line 2887, in get_data_from_worker
    response = await send_recv(
               ^^^^^^^^^^^^^^^^
  File "/home1/zrentala/.conda/envs/zrentala/lib/python3.11/site-packages/distributed/core.py", line 1018, in send_recv
    response = await comm.read(deserializers=deserializers)
               ^^^^^^^^^^^^^^^^^^^^^^^^^^^^^^^^^^^^^^^^^^^^
  File "/home1/zrentala/.conda/envs/zrentala/lib/python3.11/site-packages/distributed/comm/tcp.py", line 237, in read
    convert_stream_closed_error(self, e)
  File "/home1/zrentala/.conda/envs/zrentala/lib/python3.11/site-packages/distributed/comm/tcp.py", line 143, in convert_stream_closed_error
    raise CommClosedError(f"in {obj}: {exc.__class__.__name__}: {exc}") from exc
distributed.comm.core.CommClosedError: in <TCP (closed) Ephemeral Worker->Worker for gather local=tcp://192.168.86.140:48508 remote=tcp://192.168.86.120:33011>: BrokenPipeError: [Errno 32] Broken pipe
2026-01-14 23:35:51,770 - distributed.worker - ERROR - Worker stream died during communication: tcp://192.168.86.134:40946
Traceback (most recent call last):
  File "/home1/zrentala/.conda/envs/zrentala/lib/python3.11/site-packages/tornado/iostream.py", line 962, in _handle_write
    num_bytes = self.write_to_fd(self._write_buffer.peek(size))
                ^^^^^^^^^^^^^^^^^^^^^^^^^^^^^^^^^^^^^^^^^^^^^^^
  File "/home1/zrentala/.conda/envs/zrentala/lib/python3.11/site-packages/tornado/iostream.py", line 1121, in write_to_fd
    return self.socket.send(data)  # type: ignore
           ^^^^^^^^^^^^^^^^^^^^^^
BrokenPipeError: [Errno 32] Broken pipe

The above exception was the direct cause of the following exception:

Traceback (most recent call last):
  File "/home1/zrentala/.conda/envs/zrentala/lib/python3.11/site-packages/distributed/worker.py", line 2081, in gather_dep
    response = await get_data_from_worker(
               ^^^^^^^^^^^^^^^^^^^^^^^^^^^
  File "/home1/zrentala/.conda/envs/zrentala/lib/python3.11/site-packages/distributed/worker.py", line 2887, in get_data_from_worker
    response = await send_recv(
               ^^^^^^^^^^^^^^^^
  File "/home1/zrentala/.conda/envs/zrentala/lib/python3.11/site-packages/distributed/core.py", line 1018, in send_recv
    response = await comm.read(deserializers=deserializers)
               ^^^^^^^^^^^^^^^^^^^^^^^^^^^^^^^^^^^^^^^^^^^^
  File "/home1/zrentala/.conda/envs/zrentala/lib/python3.11/site-packages/distributed/comm/tcp.py", line 237, in read
    convert_stream_closed_error(self, e)
  File "/home1/zrentala/.conda/envs/zrentala/lib/python3.11/site-packages/distributed/comm/tcp.py", line 143, in convert_stream_closed_error
    raise CommClosedError(f"in {obj}: {exc.__class__.__name__}: {exc}") from exc
distributed.comm.core.CommClosedError: in <TCP (closed) Ephemeral Worker->Worker for gather local=tcp://192.168.86.140:37714 remote=tcp://192.168.86.134:40946>: BrokenPipeError: [Errno 32] Broken pipe
2026-01-14 23:35:51,811 - distributed.worker - ERROR - Worker stream died during communication: tcp://192.168.86.125:36192
Traceback (most recent call last):
  File "/home1/zrentala/.conda/envs/zrentala/lib/python3.11/site-packages/tornado/iostream.py", line 962, in _handle_write
    num_bytes = self.write_to_fd(self._write_buffer.peek(size))
                ^^^^^^^^^^^^^^^^^^^^^^^^^^^^^^^^^^^^^^^^^^^^^^^
  File "/home1/zrentala/.conda/envs/zrentala/lib/python3.11/site-packages/tornado/iostream.py", line 1121, in write_to_fd
    return self.socket.send(data)  # type: ignore
           ^^^^^^^^^^^^^^^^^^^^^^
BrokenPipeError: [Errno 32] Broken pipe

The above exception was the direct cause of the following exception:

Traceback (most recent call last):
  File "/home1/zrentala/.conda/envs/zrentala/lib/python3.11/site-packages/distributed/worker.py", line 2081, in gather_dep
    response = await get_data_from_worker(
               ^^^^^^^^^^^^^^^^^^^^^^^^^^^
  File "/home1/zrentala/.conda/envs/zrentala/lib/python3.11/site-packages/distributed/worker.py", line 2887, in get_data_from_worker
    response = await send_recv(
               ^^^^^^^^^^^^^^^^
  File "/home1/zrentala/.conda/envs/zrentala/lib/python3.11/site-packages/distributed/core.py", line 1018, in send_recv
    response = await comm.read(deserializers=deserializers)
               ^^^^^^^^^^^^^^^^^^^^^^^^^^^^^^^^^^^^^^^^^^^^
  File "/home1/zrentala/.conda/envs/zrentala/lib/python3.11/site-packages/distributed/comm/tcp.py", line 237, in read
    convert_stream_closed_error(self, e)
  File "/home1/zrentala/.conda/envs/zrentala/lib/python3.11/site-packages/distributed/comm/tcp.py", line 143, in convert_stream_closed_error
    raise CommClosedError(f"in {obj}: {exc.__class__.__name__}: {exc}") from exc
distributed.comm.core.CommClosedError: in <TCP (closed) Ephemeral Worker->Worker for gather local=tcp://192.168.86.140:60648 remote=tcp://192.168.86.125:36192>: BrokenPipeError: [Errno 32] Broken pipe
2026-01-14 23:35:51,853 - distributed.worker - ERROR - Worker stream died during communication: tcp://192.168.86.120:44352
Traceback (most recent call last):
  File "/home1/zrentala/.conda/envs/zrentala/lib/python3.11/site-packages/tornado/iostream.py", line 962, in _handle_write
    num_bytes = self.write_to_fd(self._write_buffer.peek(size))
                ^^^^^^^^^^^^^^^^^^^^^^^^^^^^^^^^^^^^^^^^^^^^^^^
  File "/home1/zrentala/.conda/envs/zrentala/lib/python3.11/site-packages/tornado/iostream.py", line 1121, in write_to_fd
    return self.socket.send(data)  # type: ignore
           ^^^^^^^^^^^^^^^^^^^^^^
BrokenPipeError: [Errno 32] Broken pipe

The above exception was the direct cause of the following exception:

Traceback (most recent call last):
  File "/home1/zrentala/.conda/envs/zrentala/lib/python3.11/site-packages/distributed/worker.py", line 2081, in gather_dep
    response = await get_data_from_worker(
               ^^^^^^^^^^^^^^^^^^^^^^^^^^^
  File "/home1/zrentala/.conda/envs/zrentala/lib/python3.11/site-packages/distributed/worker.py", line 2887, in get_data_from_worker
    response = await send_recv(
               ^^^^^^^^^^^^^^^^
  File "/home1/zrentala/.conda/envs/zrentala/lib/python3.11/site-packages/distributed/core.py", line 1018, in send_recv
    response = await comm.read(deserializers=deserializers)
               ^^^^^^^^^^^^^^^^^^^^^^^^^^^^^^^^^^^^^^^^^^^^
  File "/home1/zrentala/.conda/envs/zrentala/lib/python3.11/site-packages/distributed/comm/tcp.py", line 237, in read
    convert_stream_closed_error(self, e)
  File "/home1/zrentala/.conda/envs/zrentala/lib/python3.11/site-packages/distributed/comm/tcp.py", line 143, in convert_stream_closed_error
    raise CommClosedError(f"in {obj}: {exc.__class__.__name__}: {exc}") from exc
distributed.comm.core.CommClosedError: in <TCP (closed) Ephemeral Worker->Worker for gather local=tcp://192.168.86.140:59440 remote=tcp://192.168.86.120:44352>: BrokenPipeError: [Errno 32] Broken pipe
2026-01-14 23:35:51,900 - distributed.worker - ERROR - Worker stream died during communication: tcp://192.168.86.120:42884
Traceback (most recent call last):
  File "/home1/zrentala/.conda/envs/zrentala/lib/python3.11/site-packages/tornado/iostream.py", line 962, in _handle_write
    num_bytes = self.write_to_fd(self._write_buffer.peek(size))
                ^^^^^^^^^^^^^^^^^^^^^^^^^^^^^^^^^^^^^^^^^^^^^^^
  File "/home1/zrentala/.conda/envs/zrentala/lib/python3.11/site-packages/tornado/iostream.py", line 1121, in write_to_fd
    return self.socket.send(data)  # type: ignore
           ^^^^^^^^^^^^^^^^^^^^^^
BrokenPipeError: [Errno 32] Broken pipe

The above exception was the direct cause of the following exception:

Traceback (most recent call last):
  File "/home1/zrentala/.conda/envs/zrentala/lib/python3.11/site-packages/distributed/worker.py", line 2081, in gather_dep
    response = await get_data_from_worker(
               ^^^^^^^^^^^^^^^^^^^^^^^^^^^
  File "/home1/zrentala/.conda/envs/zrentala/lib/python3.11/site-packages/distributed/worker.py", line 2887, in get_data_from_worker
    response = await send_recv(
               ^^^^^^^^^^^^^^^^
  File "/home1/zrentala/.conda/envs/zrentala/lib/python3.11/site-packages/distributed/core.py", line 1018, in send_recv
    response = await comm.read(deserializers=deserializers)
               ^^^^^^^^^^^^^^^^^^^^^^^^^^^^^^^^^^^^^^^^^^^^
  File "/home1/zrentala/.conda/envs/zrentala/lib/python3.11/site-packages/distributed/comm/tcp.py", line 237, in read
    convert_stream_closed_error(self, e)
  File "/home1/zrentala/.conda/envs/zrentala/lib/python3.11/site-packages/distributed/comm/tcp.py", line 143, in convert_stream_closed_error
    raise CommClosedError(f"in {obj}: {exc.__class__.__name__}: {exc}") from exc
distributed.comm.core.CommClosedError: in <TCP (closed) Ephemeral Worker->Worker for gather local=tcp://192.168.86.140:40240 remote=tcp://192.168.86.120:42884>: BrokenPipeError: [Errno 32] Broken pipe
2026-01-14 23:35:51,941 - distributed.worker - ERROR - Worker stream died during communication: tcp://192.168.86.143:34492
Traceback (most recent call last):
  File "/home1/zrentala/.conda/envs/zrentala/lib/python3.11/site-packages/tornado/iostream.py", line 962, in _handle_write
    num_bytes = self.write_to_fd(self._write_buffer.peek(size))
                ^^^^^^^^^^^^^^^^^^^^^^^^^^^^^^^^^^^^^^^^^^^^^^^
  File "/home1/zrentala/.conda/envs/zrentala/lib/python3.11/site-packages/tornado/iostream.py", line 1121, in write_to_fd
    return self.socket.send(data)  # type: ignore
           ^^^^^^^^^^^^^^^^^^^^^^
BrokenPipeError: [Errno 32] Broken pipe

The above exception was the direct cause of the following exception:

Traceback (most recent call last):
  File "/home1/zrentala/.conda/envs/zrentala/lib/python3.11/site-packages/distributed/worker.py", line 2081, in gather_dep
    response = await get_data_from_worker(
               ^^^^^^^^^^^^^^^^^^^^^^^^^^^
  File "/home1/zrentala/.conda/envs/zrentala/lib/python3.11/site-packages/distributed/worker.py", line 2887, in get_data_from_worker
    response = await send_recv(
               ^^^^^^^^^^^^^^^^
  File "/home1/zrentala/.conda/envs/zrentala/lib/python3.11/site-packages/distributed/core.py", line 1018, in send_recv
    response = await comm.read(deserializers=deserializers)
               ^^^^^^^^^^^^^^^^^^^^^^^^^^^^^^^^^^^^^^^^^^^^
  File "/home1/zrentala/.conda/envs/zrentala/lib/python3.11/site-packages/distributed/comm/tcp.py", line 237, in read
    convert_stream_closed_error(self, e)
  File "/home1/zrentala/.conda/envs/zrentala/lib/python3.11/site-packages/distributed/comm/tcp.py", line 143, in convert_stream_closed_error
    raise CommClosedError(f"in {obj}: {exc.__class__.__name__}: {exc}") from exc
distributed.comm.core.CommClosedError: in <TCP (closed) Ephemeral Worker->Worker for gather local=tcp://192.168.86.140:49364 remote=tcp://192.168.86.143:34492>: BrokenPipeError: [Errno 32] Broken pipe
2026-01-14 23:35:51,983 - distributed.worker - ERROR - Worker stream died during communication: tcp://192.168.86.145:37902
Traceback (most recent call last):
  File "/home1/zrentala/.conda/envs/zrentala/lib/python3.11/site-packages/tornado/iostream.py", line 962, in _handle_write
    num_bytes = self.write_to_fd(self._write_buffer.peek(size))
                ^^^^^^^^^^^^^^^^^^^^^^^^^^^^^^^^^^^^^^^^^^^^^^^
  File "/home1/zrentala/.conda/envs/zrentala/lib/python3.11/site-packages/tornado/iostream.py", line 1121, in write_to_fd
    return self.socket.send(data)  # type: ignore
           ^^^^^^^^^^^^^^^^^^^^^^
BrokenPipeError: [Errno 32] Broken pipe

The above exception was the direct cause of the following exception:

Traceback (most recent call last):
  File "/home1/zrentala/.conda/envs/zrentala/lib/python3.11/site-packages/distributed/worker.py", line 2081, in gather_dep
    response = await get_data_from_worker(
               ^^^^^^^^^^^^^^^^^^^^^^^^^^^
  File "/home1/zrentala/.conda/envs/zrentala/lib/python3.11/site-packages/distributed/worker.py", line 2887, in get_data_from_worker
    response = await send_recv(
               ^^^^^^^^^^^^^^^^
  File "/home1/zrentala/.conda/envs/zrentala/lib/python3.11/site-packages/distributed/core.py", line 1018, in send_recv
    response = await comm.read(deserializers=deserializers)
               ^^^^^^^^^^^^^^^^^^^^^^^^^^^^^^^^^^^^^^^^^^^^
  File "/home1/zrentala/.conda/envs/zrentala/lib/python3.11/site-packages/distributed/comm/tcp.py", line 237, in read
    convert_stream_closed_error(self, e)
  File "/home1/zrentala/.conda/envs/zrentala/lib/python3.11/site-packages/distributed/comm/tcp.py", line 143, in convert_stream_closed_error
    raise CommClosedError(f"in {obj}: {exc.__class__.__name__}: {exc}") from exc
distributed.comm.core.CommClosedError: in <TCP (closed) Ephemeral Worker->Worker for gather local=tcp://192.168.86.140:43634 remote=tcp://192.168.86.145:37902>: BrokenPipeError: [Errno 32] Broken pipe
2026-01-14 23:35:52,030 - distributed.worker - ERROR - Worker stream died during communication: tcp://192.168.86.125:38832
Traceback (most recent call last):
  File "/home1/zrentala/.conda/envs/zrentala/lib/python3.11/site-packages/tornado/iostream.py", line 962, in _handle_write
    num_bytes = self.write_to_fd(self._write_buffer.peek(size))
                ^^^^^^^^^^^^^^^^^^^^^^^^^^^^^^^^^^^^^^^^^^^^^^^
  File "/home1/zrentala/.conda/envs/zrentala/lib/python3.11/site-packages/tornado/iostream.py", line 1121, in write_to_fd
    return self.socket.send(data)  # type: ignore
           ^^^^^^^^^^^^^^^^^^^^^^
BrokenPipeError: [Errno 32] Broken pipe

The above exception was the direct cause of the following exception:

Traceback (most recent call last):
  File "/home1/zrentala/.conda/envs/zrentala/lib/python3.11/site-packages/distributed/worker.py", line 2081, in gather_dep
    response = await get_data_from_worker(
               ^^^^^^^^^^^^^^^^^^^^^^^^^^^
  File "/home1/zrentala/.conda/envs/zrentala/lib/python3.11/site-packages/distributed/worker.py", line 2887, in get_data_from_worker
    response = await send_recv(
               ^^^^^^^^^^^^^^^^
  File "/home1/zrentala/.conda/envs/zrentala/lib/python3.11/site-packages/distributed/core.py", line 1018, in send_recv
    response = await comm.read(deserializers=deserializers)
               ^^^^^^^^^^^^^^^^^^^^^^^^^^^^^^^^^^^^^^^^^^^^
  File "/home1/zrentala/.conda/envs/zrentala/lib/python3.11/site-packages/distributed/comm/tcp.py", line 237, in read
    convert_stream_closed_error(self, e)
  File "/home1/zrentala/.conda/envs/zrentala/lib/python3.11/site-packages/distributed/comm/tcp.py", line 143, in convert_stream_closed_error
    raise CommClosedError(f"in {obj}: {exc.__class__.__name__}: {exc}") from exc
distributed.comm.core.CommClosedError: in <TCP (closed) Ephemeral Worker->Worker for gather local=tcp://192.168.86.140:38016 remote=tcp://192.168.86.125:38832>: BrokenPipeError: [Errno 32] Broken pipe
2026-01-14 23:35:52,061 - distributed.worker - ERROR - Worker stream died during communication: tcp://192.168.86.125:45914
Traceback (most recent call last):
  File "/home1/zrentala/.conda/envs/zrentala/lib/python3.11/site-packages/tornado/iostream.py", line 962, in _handle_write
    num_bytes = self.write_to_fd(self._write_buffer.peek(size))
                ^^^^^^^^^^^^^^^^^^^^^^^^^^^^^^^^^^^^^^^^^^^^^^^
  File "/home1/zrentala/.conda/envs/zrentala/lib/python3.11/site-packages/tornado/iostream.py", line 1121, in write_to_fd
    return self.socket.send(data)  # type: ignore
           ^^^^^^^^^^^^^^^^^^^^^^
BrokenPipeError: [Errno 32] Broken pipe

The above exception was the direct cause of the following exception:

Traceback (most recent call last):
  File "/home1/zrentala/.conda/envs/zrentala/lib/python3.11/site-packages/distributed/worker.py", line 2081, in gather_dep
    response = await get_data_from_worker(
               ^^^^^^^^^^^^^^^^^^^^^^^^^^^
  File "/home1/zrentala/.conda/envs/zrentala/lib/python3.11/site-packages/distributed/worker.py", line 2887, in get_data_from_worker
    response = await send_recv(
               ^^^^^^^^^^^^^^^^
  File "/home1/zrentala/.conda/envs/zrentala/lib/python3.11/site-packages/distributed/core.py", line 1018, in send_recv
    response = await comm.read(deserializers=deserializers)
               ^^^^^^^^^^^^^^^^^^^^^^^^^^^^^^^^^^^^^^^^^^^^
  File "/home1/zrentala/.conda/envs/zrentala/lib/python3.11/site-packages/distributed/comm/tcp.py", line 237, in read
    convert_stream_closed_error(self, e)
  File "/home1/zrentala/.conda/envs/zrentala/lib/python3.11/site-packages/distributed/comm/tcp.py", line 143, in convert_stream_closed_error
    raise CommClosedError(f"in {obj}: {exc.__class__.__name__}: {exc}") from exc
distributed.comm.core.CommClosedError: in <TCP (closed) Ephemeral Worker->Worker for gather local=tcp://192.168.86.140:47022 remote=tcp://192.168.86.125:45914>: BrokenPipeError: [Errno 32] Broken pipe
2026-01-14 23:35:52,062 - distributed.worker - ERROR - Worker stream died during communication: tcp://192.168.86.136:43831
Traceback (most recent call last):
  File "/home1/zrentala/.conda/envs/zrentala/lib/python3.11/site-packages/tornado/iostream.py", line 962, in _handle_write
    num_bytes = self.write_to_fd(self._write_buffer.peek(size))
                ^^^^^^^^^^^^^^^^^^^^^^^^^^^^^^^^^^^^^^^^^^^^^^^
  File "/home1/zrentala/.conda/envs/zrentala/lib/python3.11/site-packages/tornado/iostream.py", line 1121, in write_to_fd
    return self.socket.send(data)  # type: ignore
           ^^^^^^^^^^^^^^^^^^^^^^
BrokenPipeError: [Errno 32] Broken pipe

The above exception was the direct cause of the following exception:

Traceback (most recent call last):
  File "/home1/zrentala/.conda/envs/zrentala/lib/python3.11/site-packages/distributed/worker.py", line 2081, in gather_dep
    response = await get_data_from_worker(
               ^^^^^^^^^^^^^^^^^^^^^^^^^^^
  File "/home1/zrentala/.conda/envs/zrentala/lib/python3.11/site-packages/distributed/worker.py", line 2887, in get_data_from_worker
    response = await send_recv(
               ^^^^^^^^^^^^^^^^
  File "/home1/zrentala/.conda/envs/zrentala/lib/python3.11/site-packages/distributed/core.py", line 1018, in send_recv
    response = await comm.read(deserializers=deserializers)
               ^^^^^^^^^^^^^^^^^^^^^^^^^^^^^^^^^^^^^^^^^^^^
  File "/home1/zrentala/.conda/envs/zrentala/lib/python3.11/site-packages/distributed/comm/tcp.py", line 237, in read
    convert_stream_closed_error(self, e)
  File "/home1/zrentala/.conda/envs/zrentala/lib/python3.11/site-packages/distributed/comm/tcp.py", line 143, in convert_stream_closed_error
    raise CommClosedError(f"in {obj}: {exc.__class__.__name__}: {exc}") from exc
distributed.comm.core.CommClosedError: in <TCP (closed) Ephemeral Worker->Worker for gather local=tcp://192.168.86.140:54760 remote=tcp://192.168.86.136:43831>: BrokenPipeError: [Errno 32] Broken pipe
2026-01-14 23:35:52,063 - distributed.worker - ERROR - Worker stream died during communication: tcp://192.168.86.124:36610
Traceback (most recent call last):
  File "/home1/zrentala/.conda/envs/zrentala/lib/python3.11/site-packages/tornado/iostream.py", line 962, in _handle_write
    num_bytes = self.write_to_fd(self._write_buffer.peek(size))
                ^^^^^^^^^^^^^^^^^^^^^^^^^^^^^^^^^^^^^^^^^^^^^^^
  File "/home1/zrentala/.conda/envs/zrentala/lib/python3.11/site-packages/tornado/iostream.py", line 1121, in write_to_fd
    return self.socket.send(data)  # type: ignore
           ^^^^^^^^^^^^^^^^^^^^^^
BrokenPipeError: [Errno 32] Broken pipe

The above exception was the direct cause of the following exception:

Traceback (most recent call last):
  File "/home1/zrentala/.conda/envs/zrentala/lib/python3.11/site-packages/distributed/worker.py", line 2081, in gather_dep
    response = await get_data_from_worker(
               ^^^^^^^^^^^^^^^^^^^^^^^^^^^
  File "/home1/zrentala/.conda/envs/zrentala/lib/python3.11/site-packages/distributed/worker.py", line 2887, in get_data_from_worker
    response = await send_recv(
               ^^^^^^^^^^^^^^^^
  File "/home1/zrentala/.conda/envs/zrentala/lib/python3.11/site-packages/distributed/core.py", line 1018, in send_recv
    response = await comm.read(deserializers=deserializers)
               ^^^^^^^^^^^^^^^^^^^^^^^^^^^^^^^^^^^^^^^^^^^^
  File "/home1/zrentala/.conda/envs/zrentala/lib/python3.11/site-packages/distributed/comm/tcp.py", line 237, in read
    convert_stream_closed_error(self, e)
  File "/home1/zrentala/.conda/envs/zrentala/lib/python3.11/site-packages/distributed/comm/tcp.py", line 143, in convert_stream_closed_error
    raise CommClosedError(f"in {obj}: {exc.__class__.__name__}: {exc}") from exc
distributed.comm.core.CommClosedError: in <TCP (closed) Ephemeral Worker->Worker for gather local=tcp://192.168.86.140:44622 remote=tcp://192.168.86.124:36610>: BrokenPipeError: [Errno 32] Broken pipe
2026-01-14 23:35:52,085 - distributed.worker - ERROR - Worker stream died during communication: tcp://192.168.86.120:35046
Traceback (most recent call last):
  File "/home1/zrentala/.conda/envs/zrentala/lib/python3.11/site-packages/tornado/iostream.py", line 962, in _handle_write
    num_bytes = self.write_to_fd(self._write_buffer.peek(size))
                ^^^^^^^^^^^^^^^^^^^^^^^^^^^^^^^^^^^^^^^^^^^^^^^
  File "/home1/zrentala/.conda/envs/zrentala/lib/python3.11/site-packages/tornado/iostream.py", line 1121, in write_to_fd
    return self.socket.send(data)  # type: ignore
           ^^^^^^^^^^^^^^^^^^^^^^
BrokenPipeError: [Errno 32] Broken pipe

The above exception was the direct cause of the following exception:

Traceback (most recent call last):
  File "/home1/zrentala/.conda/envs/zrentala/lib/python3.11/site-packages/distributed/worker.py", line 2081, in gather_dep
    response = await get_data_from_worker(
               ^^^^^^^^^^^^^^^^^^^^^^^^^^^
  File "/home1/zrentala/.conda/envs/zrentala/lib/python3.11/site-packages/distributed/worker.py", line 2887, in get_data_from_worker
    response = await send_recv(
               ^^^^^^^^^^^^^^^^
  File "/home1/zrentala/.conda/envs/zrentala/lib/python3.11/site-packages/distributed/core.py", line 1018, in send_recv
    response = await comm.read(deserializers=deserializers)
               ^^^^^^^^^^^^^^^^^^^^^^^^^^^^^^^^^^^^^^^^^^^^
  File "/home1/zrentala/.conda/envs/zrentala/lib/python3.11/site-packages/distributed/comm/tcp.py", line 237, in read
    convert_stream_closed_error(self, e)
  File "/home1/zrentala/.conda/envs/zrentala/lib/python3.11/site-packages/distributed/comm/tcp.py", line 143, in convert_stream_closed_error
    raise CommClosedError(f"in {obj}: {exc.__class__.__name__}: {exc}") from exc
distributed.comm.core.CommClosedError: in <TCP (closed) Ephemeral Worker->Worker for gather local=tcp://192.168.86.140:44436 remote=tcp://192.168.86.120:35046>: BrokenPipeError: [Errno 32] Broken pipe
2026-01-14 23:35:52,126 - distributed.worker - ERROR - Worker stream died during communication: tcp://192.168.86.119:33396
Traceback (most recent call last):
  File "/home1/zrentala/.conda/envs/zrentala/lib/python3.11/site-packages/tornado/iostream.py", line 962, in _handle_write
    num_bytes = self.write_to_fd(self._write_buffer.peek(size))
                ^^^^^^^^^^^^^^^^^^^^^^^^^^^^^^^^^^^^^^^^^^^^^^^
  File "/home1/zrentala/.conda/envs/zrentala/lib/python3.11/site-packages/tornado/iostream.py", line 1121, in write_to_fd
    return self.socket.send(data)  # type: ignore
           ^^^^^^^^^^^^^^^^^^^^^^
BrokenPipeError: [Errno 32] Broken pipe

The above exception was the direct cause of the following exception:

Traceback (most recent call last):
  File "/home1/zrentala/.conda/envs/zrentala/lib/python3.11/site-packages/distributed/worker.py", line 2081, in gather_dep
    response = await get_data_from_worker(
               ^^^^^^^^^^^^^^^^^^^^^^^^^^^
  File "/home1/zrentala/.conda/envs/zrentala/lib/python3.11/site-packages/distributed/worker.py", line 2887, in get_data_from_worker
    response = await send_recv(
               ^^^^^^^^^^^^^^^^
  File "/home1/zrentala/.conda/envs/zrentala/lib/python3.11/site-packages/distributed/core.py", line 1018, in send_recv
    response = await comm.read(deserializers=deserializers)
               ^^^^^^^^^^^^^^^^^^^^^^^^^^^^^^^^^^^^^^^^^^^^
  File "/home1/zrentala/.conda/envs/zrentala/lib/python3.11/site-packages/distributed/comm/tcp.py", line 237, in read
    convert_stream_closed_error(self, e)
  File "/home1/zrentala/.conda/envs/zrentala/lib/python3.11/site-packages/distributed/comm/tcp.py", line 143, in convert_stream_closed_error
    raise CommClosedError(f"in {obj}: {exc.__class__.__name__}: {exc}") from exc
distributed.comm.core.CommClosedError: in <TCP (closed) Ephemeral Worker->Worker for gather local=tcp://192.168.86.140:34846 remote=tcp://192.168.86.119:33396>: BrokenPipeError: [Errno 32] Broken pipe
2026-01-14 23:35:52,168 - distributed.worker - ERROR - Worker stream died during communication: tcp://192.168.86.137:34812
Traceback (most recent call last):
  File "/home1/zrentala/.conda/envs/zrentala/lib/python3.11/site-packages/tornado/iostream.py", line 962, in _handle_write
    num_bytes = self.write_to_fd(self._write_buffer.peek(size))
                ^^^^^^^^^^^^^^^^^^^^^^^^^^^^^^^^^^^^^^^^^^^^^^^
  File "/home1/zrentala/.conda/envs/zrentala/lib/python3.11/site-packages/tornado/iostream.py", line 1121, in write_to_fd
    return self.socket.send(data)  # type: ignore
           ^^^^^^^^^^^^^^^^^^^^^^
BrokenPipeError: [Errno 32] Broken pipe

The above exception was the direct cause of the following exception:

Traceback (most recent call last):
  File "/home1/zrentala/.conda/envs/zrentala/lib/python3.11/site-packages/distributed/worker.py", line 2081, in gather_dep
    response = await get_data_from_worker(
               ^^^^^^^^^^^^^^^^^^^^^^^^^^^
  File "/home1/zrentala/.conda/envs/zrentala/lib/python3.11/site-packages/distributed/worker.py", line 2887, in get_data_from_worker
    response = await send_recv(
               ^^^^^^^^^^^^^^^^
  File "/home1/zrentala/.conda/envs/zrentala/lib/python3.11/site-packages/distributed/core.py", line 1018, in send_recv
    response = await comm.read(deserializers=deserializers)
               ^^^^^^^^^^^^^^^^^^^^^^^^^^^^^^^^^^^^^^^^^^^^
  File "/home1/zrentala/.conda/envs/zrentala/lib/python3.11/site-packages/distributed/comm/tcp.py", line 237, in read
    convert_stream_closed_error(self, e)
  File "/home1/zrentala/.conda/envs/zrentala/lib/python3.11/site-packages/distributed/comm/tcp.py", line 143, in convert_stream_closed_error
    raise CommClosedError(f"in {obj}: {exc.__class__.__name__}: {exc}") from exc
distributed.comm.core.CommClosedError: in <TCP (closed) Ephemeral Worker->Worker for gather local=tcp://192.168.86.140:42218 remote=tcp://192.168.86.137:34812>: BrokenPipeError: [Errno 32] Broken pipe
2026-01-14 23:35:52,194 - distributed.core - INFO - Event loop was unresponsive in Worker for 14.18s.  This is often caused by long-running GIL-holding functions or moving large chunks of data. This can cause timeouts and instability.
2026-01-14 23:35:54,210 - distributed.worker - ERROR - Worker stream died during communication: tcp://192.168.86.143:37340
Traceback (most recent call last):
  File "/home1/zrentala/.conda/envs/zrentala/lib/python3.11/site-packages/distributed/core.py", line 1485, in connect
    return await self._connect(addr=addr, timeout=timeout)
           ^^^^^^^^^^^^^^^^^^^^^^^^^^^^^^^^^^^^^^^^^^^^^^^
  File "/home1/zrentala/.conda/envs/zrentala/lib/python3.11/site-packages/distributed/core.py", line 1429, in _connect
    comm = await connect(
           ^^^^^^^^^^^^^^
  File "/home1/zrentala/.conda/envs/zrentala/lib/python3.11/site-packages/distributed/comm/core.py", line 342, in connect
    comm = await wait_for(
           ^^^^^^^^^^^^^^^
  File "/home1/zrentala/.conda/envs/zrentala/lib/python3.11/site-packages/distributed/utils.py", line 1928, in wait_for
    return await fut
           ^^^^^^^^^
  File "/home1/zrentala/.conda/envs/zrentala/lib/python3.11/site-packages/distributed/comm/tcp.py", line 547, in connect
    stream = await self.client.connect(
             ^^^^^^^^^^^^^^^^^^^^^^^^^^
  File "/home1/zrentala/.conda/envs/zrentala/lib/python3.11/site-packages/tornado/tcpclient.py", line 279, in connect
    af, addr, stream = await connector.start(connect_timeout=timeout)
                       ^^^^^^^^^^^^^^^^^^^^^^^^^^^^^^^^^^^^^^^^^^^^^^
asyncio.exceptions.CancelledError

The above exception was the direct cause of the following exception:

Traceback (most recent call last):
  File "/home1/zrentala/.conda/envs/zrentala/lib/python3.11/site-packages/distributed/core.py", line 1476, in connect
    async with asyncio.timeout(math.inf) as scope:
  File "/home1/zrentala/.conda/envs/zrentala/lib/python3.11/asyncio/timeouts.py", line 115, in __aexit__
    raise TimeoutError from exc_val
TimeoutError

During handling of the above exception, another exception occurred:

Traceback (most recent call last):
  File "/home1/zrentala/.conda/envs/zrentala/lib/python3.11/site-packages/distributed/worker.py", line 2081, in gather_dep
    response = await get_data_from_worker(
               ^^^^^^^^^^^^^^^^^^^^^^^^^^^
  File "/home1/zrentala/.conda/envs/zrentala/lib/python3.11/site-packages/distributed/worker.py", line 2884, in get_data_from_worker
    comm = await rpc.connect(worker)
           ^^^^^^^^^^^^^^^^^^^^^^^^^
  File "/home1/zrentala/.conda/envs/zrentala/lib/python3.11/site-packages/distributed/core.py", line 1497, in connect
    raise CommClosedError(reason)
distributed.comm.core.CommClosedError: Address removed.
2026-01-14 23:35:54,386 - distributed.worker - ERROR - Worker stream died during communication: tcp://192.168.86.124:34201
Traceback (most recent call last):
  File "/home1/zrentala/.conda/envs/zrentala/lib/python3.11/site-packages/distributed/core.py", line 1485, in connect
    return await self._connect(addr=addr, timeout=timeout)
           ^^^^^^^^^^^^^^^^^^^^^^^^^^^^^^^^^^^^^^^^^^^^^^^
  File "/home1/zrentala/.conda/envs/zrentala/lib/python3.11/site-packages/distributed/core.py", line 1429, in _connect
    comm = await connect(
           ^^^^^^^^^^^^^^
  File "/home1/zrentala/.conda/envs/zrentala/lib/python3.11/site-packages/distributed/comm/core.py", line 342, in connect
    comm = await wait_for(
           ^^^^^^^^^^^^^^^
  File "/home1/zrentala/.conda/envs/zrentala/lib/python3.11/site-packages/distributed/utils.py", line 1928, in wait_for
    return await fut
           ^^^^^^^^^
  File "/home1/zrentala/.conda/envs/zrentala/lib/python3.11/site-packages/distributed/comm/tcp.py", line 547, in connect
    stream = await self.client.connect(
             ^^^^^^^^^^^^^^^^^^^^^^^^^^
  File "/home1/zrentala/.conda/envs/zrentala/lib/python3.11/site-packages/tornado/tcpclient.py", line 279, in connect
    af, addr, stream = await connector.start(connect_timeout=timeout)
                       ^^^^^^^^^^^^^^^^^^^^^^^^^^^^^^^^^^^^^^^^^^^^^^
asyncio.exceptions.CancelledError

The above exception was the direct cause of the following exception:

Traceback (most recent call last):
  File "/home1/zrentala/.conda/envs/zrentala/lib/python3.11/site-packages/distributed/core.py", line 1476, in connect
    async with asyncio.timeout(math.inf) as scope:
  File "/home1/zrentala/.conda/envs/zrentala/lib/python3.11/asyncio/timeouts.py", line 115, in __aexit__
    raise TimeoutError from exc_val
TimeoutError

During handling of the above exception, another exception occurred:

Traceback (most recent call last):
  File "/home1/zrentala/.conda/envs/zrentala/lib/python3.11/site-packages/distributed/worker.py", line 2081, in gather_dep
    response = await get_data_from_worker(
               ^^^^^^^^^^^^^^^^^^^^^^^^^^^
  File "/home1/zrentala/.conda/envs/zrentala/lib/python3.11/site-packages/distributed/worker.py", line 2884, in get_data_from_worker
    comm = await rpc.connect(worker)
           ^^^^^^^^^^^^^^^^^^^^^^^^^
  File "/home1/zrentala/.conda/envs/zrentala/lib/python3.11/site-packages/distributed/core.py", line 1497, in connect
    raise CommClosedError(reason)
distributed.comm.core.CommClosedError: Address removed.
2026-01-14 23:35:54,437 - distributed.worker - ERROR - Worker stream died during communication: tcp://192.168.86.137:38032
Traceback (most recent call last):
  File "/home1/zrentala/.conda/envs/zrentala/lib/python3.11/site-packages/distributed/core.py", line 1485, in connect
    return await self._connect(addr=addr, timeout=timeout)
           ^^^^^^^^^^^^^^^^^^^^^^^^^^^^^^^^^^^^^^^^^^^^^^^
  File "/home1/zrentala/.conda/envs/zrentala/lib/python3.11/site-packages/distributed/core.py", line 1429, in _connect
    comm = await connect(
           ^^^^^^^^^^^^^^
  File "/home1/zrentala/.conda/envs/zrentala/lib/python3.11/site-packages/distributed/comm/core.py", line 342, in connect
    comm = await wait_for(
           ^^^^^^^^^^^^^^^
  File "/home1/zrentala/.conda/envs/zrentala/lib/python3.11/site-packages/distributed/utils.py", line 1928, in wait_for
    return await fut
           ^^^^^^^^^
  File "/home1/zrentala/.conda/envs/zrentala/lib/python3.11/site-packages/distributed/comm/tcp.py", line 547, in connect
    stream = await self.client.connect(
             ^^^^^^^^^^^^^^^^^^^^^^^^^^
  File "/home1/zrentala/.conda/envs/zrentala/lib/python3.11/site-packages/tornado/tcpclient.py", line 279, in connect
    af, addr, stream = await connector.start(connect_timeout=timeout)
                       ^^^^^^^^^^^^^^^^^^^^^^^^^^^^^^^^^^^^^^^^^^^^^^
asyncio.exceptions.CancelledError

The above exception was the direct cause of the following exception:

Traceback (most recent call last):
  File "/home1/zrentala/.conda/envs/zrentala/lib/python3.11/site-packages/distributed/core.py", line 1476, in connect
    async with asyncio.timeout(math.inf) as scope:
  File "/home1/zrentala/.conda/envs/zrentala/lib/python3.11/asyncio/timeouts.py", line 115, in __aexit__
    raise TimeoutError from exc_val
TimeoutError

During handling of the above exception, another exception occurred:

Traceback (most recent call last):
  File "/home1/zrentala/.conda/envs/zrentala/lib/python3.11/site-packages/distributed/worker.py", line 2081, in gather_dep
    response = await get_data_from_worker(
               ^^^^^^^^^^^^^^^^^^^^^^^^^^^
  File "/home1/zrentala/.conda/envs/zrentala/lib/python3.11/site-packages/distributed/worker.py", line 2884, in get_data_from_worker
    comm = await rpc.connect(worker)
           ^^^^^^^^^^^^^^^^^^^^^^^^^
  File "/home1/zrentala/.conda/envs/zrentala/lib/python3.11/site-packages/distributed/core.py", line 1497, in connect
    raise CommClosedError(reason)
distributed.comm.core.CommClosedError: Address removed.
2026-01-14 23:35:54,489 - distributed.worker - ERROR - Worker stream died during communication: tcp://192.168.86.120:41852
Traceback (most recent call last):
  File "/home1/zrentala/.conda/envs/zrentala/lib/python3.11/site-packages/distributed/core.py", line 1485, in connect
    return await self._connect(addr=addr, timeout=timeout)
           ^^^^^^^^^^^^^^^^^^^^^^^^^^^^^^^^^^^^^^^^^^^^^^^
  File "/home1/zrentala/.conda/envs/zrentala/lib/python3.11/site-packages/distributed/core.py", line 1429, in _connect
    comm = await connect(
           ^^^^^^^^^^^^^^
  File "/home1/zrentala/.conda/envs/zrentala/lib/python3.11/site-packages/distributed/comm/core.py", line 342, in connect
    comm = await wait_for(
           ^^^^^^^^^^^^^^^
  File "/home1/zrentala/.conda/envs/zrentala/lib/python3.11/site-packages/distributed/utils.py", line 1928, in wait_for
    return await fut
           ^^^^^^^^^
  File "/home1/zrentala/.conda/envs/zrentala/lib/python3.11/site-packages/distributed/comm/tcp.py", line 547, in connect
    stream = await self.client.connect(
             ^^^^^^^^^^^^^^^^^^^^^^^^^^
  File "/home1/zrentala/.conda/envs/zrentala/lib/python3.11/site-packages/tornado/tcpclient.py", line 279, in connect
    af, addr, stream = await connector.start(connect_timeout=timeout)
                       ^^^^^^^^^^^^^^^^^^^^^^^^^^^^^^^^^^^^^^^^^^^^^^
asyncio.exceptions.CancelledError

The above exception was the direct cause of the following exception:

Traceback (most recent call last):
  File "/home1/zrentala/.conda/envs/zrentala/lib/python3.11/site-packages/distributed/core.py", line 1476, in connect
    async with asyncio.timeout(math.inf) as scope:
  File "/home1/zrentala/.conda/envs/zrentala/lib/python3.11/asyncio/timeouts.py", line 115, in __aexit__
    raise TimeoutError from exc_val
TimeoutError

During handling of the above exception, another exception occurred:

Traceback (most recent call last):
  File "/home1/zrentala/.conda/envs/zrentala/lib/python3.11/site-packages/distributed/worker.py", line 2081, in gather_dep
    response = await get_data_from_worker(
               ^^^^^^^^^^^^^^^^^^^^^^^^^^^
  File "/home1/zrentala/.conda/envs/zrentala/lib/python3.11/site-packages/distributed/worker.py", line 2884, in get_data_from_worker
    comm = await rpc.connect(worker)
           ^^^^^^^^^^^^^^^^^^^^^^^^^
  File "/home1/zrentala/.conda/envs/zrentala/lib/python3.11/site-packages/distributed/core.py", line 1497, in connect
    raise CommClosedError(reason)
distributed.comm.core.CommClosedError: Address removed.
2026-01-14 23:35:54,541 - distributed.worker - ERROR - Worker stream died during communication: tcp://192.168.86.126:36822
Traceback (most recent call last):
  File "/home1/zrentala/.conda/envs/zrentala/lib/python3.11/site-packages/distributed/core.py", line 1485, in connect
    return await self._connect(addr=addr, timeout=timeout)
           ^^^^^^^^^^^^^^^^^^^^^^^^^^^^^^^^^^^^^^^^^^^^^^^
  File "/home1/zrentala/.conda/envs/zrentala/lib/python3.11/site-packages/distributed/core.py", line 1429, in _connect
    comm = await connect(
           ^^^^^^^^^^^^^^
  File "/home1/zrentala/.conda/envs/zrentala/lib/python3.11/site-packages/distributed/comm/core.py", line 342, in connect
    comm = await wait_for(
           ^^^^^^^^^^^^^^^
  File "/home1/zrentala/.conda/envs/zrentala/lib/python3.11/site-packages/distributed/utils.py", line 1928, in wait_for
    return await fut
           ^^^^^^^^^
  File "/home1/zrentala/.conda/envs/zrentala/lib/python3.11/site-packages/distributed/comm/tcp.py", line 547, in connect
    stream = await self.client.connect(
             ^^^^^^^^^^^^^^^^^^^^^^^^^^
  File "/home1/zrentala/.conda/envs/zrentala/lib/python3.11/site-packages/tornado/tcpclient.py", line 279, in connect
    af, addr, stream = await connector.start(connect_timeout=timeout)
                       ^^^^^^^^^^^^^^^^^^^^^^^^^^^^^^^^^^^^^^^^^^^^^^
asyncio.exceptions.CancelledError

The above exception was the direct cause of the following exception:

Traceback (most recent call last):
  File "/home1/zrentala/.conda/envs/zrentala/lib/python3.11/site-packages/distributed/core.py", line 1476, in connect
    async with asyncio.timeout(math.inf) as scope:
  File "/home1/zrentala/.conda/envs/zrentala/lib/python3.11/asyncio/timeouts.py", line 115, in __aexit__
    raise TimeoutError from exc_val
TimeoutError

During handling of the above exception, another exception occurred:

Traceback (most recent call last):
  File "/home1/zrentala/.conda/envs/zrentala/lib/python3.11/site-packages/distributed/worker.py", line 2081, in gather_dep
    response = await get_data_from_worker(
               ^^^^^^^^^^^^^^^^^^^^^^^^^^^
  File "/home1/zrentala/.conda/envs/zrentala/lib/python3.11/site-packages/distributed/worker.py", line 2884, in get_data_from_worker
    comm = await rpc.connect(worker)
           ^^^^^^^^^^^^^^^^^^^^^^^^^
  File "/home1/zrentala/.conda/envs/zrentala/lib/python3.11/site-packages/distributed/core.py", line 1497, in connect
    raise CommClosedError(reason)
distributed.comm.core.CommClosedError: Address removed.
2026-01-14 23:35:54,593 - distributed.worker - ERROR - Worker stream died during communication: tcp://192.168.86.136:46805
Traceback (most recent call last):
  File "/home1/zrentala/.conda/envs/zrentala/lib/python3.11/site-packages/distributed/core.py", line 1485, in connect
    return await self._connect(addr=addr, timeout=timeout)
           ^^^^^^^^^^^^^^^^^^^^^^^^^^^^^^^^^^^^^^^^^^^^^^^
  File "/home1/zrentala/.conda/envs/zrentala/lib/python3.11/site-packages/distributed/core.py", line 1429, in _connect
    comm = await connect(
           ^^^^^^^^^^^^^^
  File "/home1/zrentala/.conda/envs/zrentala/lib/python3.11/site-packages/distributed/comm/core.py", line 342, in connect
    comm = await wait_for(
           ^^^^^^^^^^^^^^^
  File "/home1/zrentala/.conda/envs/zrentala/lib/python3.11/site-packages/distributed/utils.py", line 1928, in wait_for
    return await fut
           ^^^^^^^^^
  File "/home1/zrentala/.conda/envs/zrentala/lib/python3.11/site-packages/distributed/comm/tcp.py", line 547, in connect
    stream = await self.client.connect(
             ^^^^^^^^^^^^^^^^^^^^^^^^^^
  File "/home1/zrentala/.conda/envs/zrentala/lib/python3.11/site-packages/tornado/tcpclient.py", line 279, in connect
    af, addr, stream = await connector.start(connect_timeout=timeout)
                       ^^^^^^^^^^^^^^^^^^^^^^^^^^^^^^^^^^^^^^^^^^^^^^
asyncio.exceptions.CancelledError

The above exception was the direct cause of the following exception:

Traceback (most recent call last):
  File "/home1/zrentala/.conda/envs/zrentala/lib/python3.11/site-packages/distributed/core.py", line 1476, in connect
    async with asyncio.timeout(math.inf) as scope:
  File "/home1/zrentala/.conda/envs/zrentala/lib/python3.11/asyncio/timeouts.py", line 115, in __aexit__
    raise TimeoutError from exc_val
TimeoutError

During handling of the above exception, another exception occurred:

Traceback (most recent call last):
  File "/home1/zrentala/.conda/envs/zrentala/lib/python3.11/site-packages/distributed/worker.py", line 2081, in gather_dep
    response = await get_data_from_worker(
               ^^^^^^^^^^^^^^^^^^^^^^^^^^^
  File "/home1/zrentala/.conda/envs/zrentala/lib/python3.11/site-packages/distributed/worker.py", line 2884, in get_data_from_worker
    comm = await rpc.connect(worker)
           ^^^^^^^^^^^^^^^^^^^^^^^^^
  File "/home1/zrentala/.conda/envs/zrentala/lib/python3.11/site-packages/distributed/core.py", line 1497, in connect
    raise CommClosedError(reason)
distributed.comm.core.CommClosedError: Address removed.
2026-01-15 02:16:13,390 - distributed.worker - INFO - Stopping worker at tcp://192.168.86.140:36773. Reason: scheduler-remove-worker
2026-01-15 02:16:13,396 - distributed.nanny - INFO - Closing Nanny gracefully at 'tcp://192.168.86.140:42921'. Reason: scheduler-remove-worker
2026-01-15 02:16:13,397 - distributed.worker - INFO - Removing Worker plugin shuffle
2026-01-15 02:16:13,397 - distributed.worker - INFO - Removing Worker plugin deliveryRoutes.py70a6f159-e169-4575-bc1d-77c0e92f2a63
2026-01-15 02:16:13,397 - distributed.worker - INFO - Removing Worker plugin deliveryRoutes.py91a303f5-1e9f-4420-80ee-95f1a163b957
2026-01-15 02:16:13,405 - distributed.nanny - INFO - Worker closed
2026-01-15 02:16:13,405 - distributed.core - INFO - Connection to tcp://192.168.86.101:46591 has been closed.
slurmstepd: error: *** JOB 3241764 ON node40 CANCELLED AT 2026-01-15T02:16:13 ***
